date,season,competition,league_match,home_team,away_team,home_score,away_score,home_pen,away_pen,penalties,shootout_winner,neutral,venue,event_id,stage
2002-03-23,2002,MLS,True,Chicago Fire FC,Columbus Crew,2,0,,,False,,False,,45739,
2002-03-23,2002,MLS,True,Red Bull New York,New England Revolution,3,1,,,False,,False,,45740,
2002-03-23,2002,MLS,True,Colorado Rapids,Sporting Kansas City,1,1,,,False,,False,,45741,
2002-03-23,2002,MLS,True,FC Dallas,San Jose Earthquakes,0,2,,,False,,False,,45742,
2002-03-23,2002,MLS,True,LA Galaxy,D.C. United,2,1,,,False,,False,,45743,
2002-03-30,2002,MLS,True,D.C. United,Chicago Fire FC,2,0,,,False,,False,,45744,
2002-03-30,2002,MLS,True,Columbus Crew,Red Bull New York,1,0,,,False,,False,,45745,
2002-03-30,2002,MLS,True,Colorado Rapids,San Jose Earthquakes,1,0,,,False,,False,,45746,
2002-04-03,2002,MLS,True,Colorado Rapids,D.C. United,2,0,,,False,,False,,46899,
2002-04-06,2002,MLS,True,San Jose Earthquakes,New England Revolution,2,1,,,False,,False,,45748,
2002-04-06,2002,MLS,True,Red Bull New York,Columbus Crew,2,1,,,False,,False,,45749,
2002-04-06,2002,MLS,True,FC Dallas,D.C. United,2,1,,,False,,False,,45747,
2002-04-06,2002,MLS,True,LA Galaxy,Chicago Fire FC,2,1,,,False,,False,,45750,
2002-04-13,2002,MLS,True,Sporting Kansas City,San Jose Earthquakes,2,0,,,False,,False,,45751,
2002-04-13,2002,MLS,True,Red Bull New York,Colorado Rapids,2,1,,,False,,False,,45752,
2002-04-13,2002,MLS,True,FC Dallas,LA Galaxy,1,1,,,False,,False,,45753,
2002-04-20,2002,MLS,True,New England Revolution,Columbus Crew,2,0,,,False,,False,,47708,
2002-04-20,2002,MLS,True,Chicago Fire FC,Red Bull New York,2,0,,,False,,False,,47710,
2002-04-20,2002,MLS,True,D.C. United,Sporting Kansas City,2,1,,,False,,False,,47709,
2002-04-20,2002,MLS,True,LA Galaxy,FC Dallas,1,1,,,False,,False,,47711,
2002-04-20,2002,MLS,True,San Jose Earthquakes,Colorado Rapids,2,0,,,False,,False,,47712,
2002-04-27,2002,MLS,True,Colorado Rapids,LA Galaxy,1,0,,,False,,False,,47713,
2002-04-27,2002,MLS,True,Columbus Crew,D.C. United,1,0,,,False,,False,,47714,
2002-04-27,2002,MLS,True,San Jose Earthquakes,Red Bull New York,1,1,,,False,,False,,47715,
2002-04-27,2002,MLS,True,New England Revolution,Chicago Fire FC,2,2,,,False,,False,,47716,
2002-04-27,2002,MLS,True,Sporting Kansas City,FC Dallas,1,1,,,False,,False,,47717,
2002-05-04,2002,MLS,True,San Jose Earthquakes,Columbus Crew,3,2,,,False,,False,,47718,
2002-05-04,2002,MLS,True,D.C. United,Chicago Fire FC,0,3,,,False,,False,,47719,
2002-05-04,2002,MLS,True,Sporting Kansas City,LA Galaxy,1,2,,,False,,False,,47720,
2002-05-04,2002,MLS,True,Red Bull New York,FC Dallas,1,2,,,False,,False,,47721,
2002-05-11,2002,MLS,True,LA Galaxy,Chicago Fire FC,1,0,,,False,,False,,47722,
2002-05-11,2002,MLS,True,New England Revolution,FC Dallas,2,0,,,False,,False,,47723,
2002-05-11,2002,MLS,True,Colorado Rapids,Sporting Kansas City,2,0,,,False,,False,,47724,
2002-05-12,2002,MLS,True,Columbus Crew,D.C. United,1,1,,,False,,False,,47726,
2002-05-12,2002,MLS,True,San Jose Earthquakes,Red Bull New York,2,1,,,False,,False,,47725,
2002-05-18,2002,MLS,True,FC Dallas,Colorado Rapids,3,1,,,False,,False,,47727,
2002-05-18,2002,MLS,True,D.C. United,Red Bull New York,4,2,,,False,,False,,47728,
2002-05-18,2002,MLS,True,Columbus Crew,San Jose Earthquakes,2,0,,,False,,False,,47729,
2002-05-18,2002,MLS,True,Sporting Kansas City,LA Galaxy,2,1,,,False,,False,,47730,
2002-05-19,2002,MLS,True,Chicago Fire FC,New England Revolution,3,1,,,False,,False,,47731,
2002-05-22,2002,MLS,True,Colorado Rapids,New England Revolution,5,2,,,False,,False,,47732,
2002-05-25,2002,MLS,True,FC Dallas,Columbus Crew,1,1,,,False,,False,,47733,
2002-05-25,2002,MLS,True,New England Revolution,LA Galaxy,3,2,,,False,,False,,47735,
2002-05-25,2002,MLS,True,Sporting Kansas City,Red Bull New York,1,1,,,False,,False,,47734,
2002-05-26,2002,MLS,True,Chicago Fire FC,San Jose Earthquakes,1,1,,,False,,False,,47736,
2002-06-01,2002,MLS,True,Colorado Rapids,LA Galaxy,3,2,,,False,,False,,47737,
2002-06-01,2002,MLS,True,San Jose Earthquakes,New England Revolution,2,0,,,False,,False,,47738,
2002-06-01,2002,MLS,True,FC Dallas,Sporting Kansas City,2,2,,,False,,False,,47739,
2002-06-02,2002,MLS,True,Chicago Fire FC,Columbus Crew,5,4,,,False,,False,,47740,
2002-06-08,2002,MLS,True,LA Galaxy,Chicago Fire FC,1,0,,,False,,False,,47741,
2002-06-08,2002,MLS,True,D.C. United,New England Revolution,3,2,,,False,,False,,47742,
2002-06-08,2002,MLS,True,FC Dallas,Colorado Rapids,4,1,,,False,,False,,47743,
2002-06-08,2002,MLS,True,San Jose Earthquakes,Sporting Kansas City,3,0,,,False,,False,,47744,
2002-06-12,2002,MLS,True,Columbus Crew,New England Revolution,2,1,,,False,,False,,47745,
2002-06-15,2002,MLS,True,Red Bull New York,LA Galaxy,5,0,,,False,,False,,47746,
2002-06-15,2002,MLS,True,Columbus Crew,San Jose Earthquakes,2,1,,,False,,False,,47747,
2002-06-15,2002,MLS,True,Sporting Kansas City,D.C. United,2,0,,,False,,False,,47748,
2002-06-15,2002,MLS,True,Chicago Fire FC,FC Dallas,1,3,,,False,,False,,47749,
2002-06-15,2002,MLS,True,Colorado Rapids,New England Revolution,1,2,,,False,,False,,47750,
2002-06-19,2002,MLS,True,D.C. United,Colorado Rapids,2,0,,,False,,False,,47752,
2002-06-19,2002,MLS,True,Sporting Kansas City,Columbus Crew,1,1,,,False,,False,,47751,
2002-06-22,2002,MLS,True,Red Bull New York,Chicago Fire FC,1,0,,,False,,False,,47753,
2002-06-22,2002,MLS,True,Sporting Kansas City,New England Revolution,3,2,,,False,,False,,47754,
2002-06-22,2002,MLS,True,LA Galaxy,FC Dallas,3,0,,,False,,False,,47755,
2002-06-22,2002,MLS,True,San Jose Earthquakes,Colorado Rapids,4,0,,,False,,False,,47756,
2002-06-27,2002,MLS,True,Red Bull New York,Colorado Rapids,0,1,,,False,,False,,47757,
2002-06-29,2002,MLS,True,Red Bull New York,New England Revolution,2,0,,,False,,False,,47759,
2002-06-29,2002,MLS,True,D.C. United,LA Galaxy,1,0,,,False,,False,,47758,
2002-06-29,2002,MLS,True,FC Dallas,Columbus Crew,1,0,,,False,,False,,47760,
2002-06-29,2002,MLS,True,San Jose Earthquakes,Sporting Kansas City,2,1,,,False,,False,,47761,
2002-07-04,2002,MLS,True,New England Revolution,Columbus Crew,4,1,,,False,,False,,47762,
2002-07-04,2002,MLS,True,FC Dallas,Red Bull New York,2,0,,,False,,False,,47763,
2002-07-04,2002,MLS,True,Sporting Kansas City,D.C. United,2,1,,,False,,False,,47764,
2002-07-04,2002,MLS,True,Colorado Rapids,Chicago Fire FC,3,2,,,False,,False,,47765,
2002-07-04,2002,MLS,True,LA Galaxy,San Jose Earthquakes,2,1,,,False,,False,,47766,
2002-07-06,2002,MLS,True,FC Dallas,Sporting Kansas City,1,1,,,False,,False,,47767,
2002-07-06,2002,MLS,True,New England Revolution,D.C. United,2,0,,,False,,False,,47769,
2002-07-06,2002,MLS,True,Red Bull New York,Columbus Crew,3,2,,,False,,False,,47768,
2002-07-07,2002,MLS,True,Chicago Fire FC,Colorado Rapids,2,1,,,False,,False,,47770,
2002-07-07,2002,MLS,True,San Jose Earthquakes,LA Galaxy,1,0,,,False,,False,,47771,
2002-07-13,2002,MLS,True,Chicago Fire FC,Red Bull New York,3,2,,,False,,False,,47772,
2002-07-13,2002,MLS,True,Sporting Kansas City,New England Revolution,4,2,,,False,,False,,47774,
2002-07-13,2002,MLS,True,Columbus Crew,D.C. United,3,1,,,False,,False,,47773,
2002-07-13,2002,MLS,True,FC Dallas,San Jose Earthquakes,2,1,,,False,,False,,47775,
2002-07-13,2002,MLS,True,LA Galaxy,Colorado Rapids,3,1,,,False,,False,,47776,
2002-07-20,2002,MLS,True,Red Bull New York,New England Revolution,4,3,,,False,,False,,47777,
2002-07-20,2002,MLS,True,Colorado Rapids,Columbus Crew,1,1,,,False,,False,,47778,
2002-07-20,2002,MLS,True,D.C. United,Chicago Fire FC,0,0,,,False,,False,,47779,
2002-07-20,2002,MLS,True,San Jose Earthquakes,FC Dallas,4,0,,,False,,False,,47781,
2002-07-20,2002,MLS,True,Sporting Kansas City,LA Galaxy,2,2,,,False,,False,,47780,
2002-07-24,2002,MLS,True,Colorado Rapids,New England Revolution,3,2,,,False,,False,,47783,
2002-07-24,2002,MLS,True,Columbus Crew,D.C. United,1,0,,,False,,False,,47782,
2002-07-24,2002,MLS,True,Red Bull New York,Sporting Kansas City,3,1,,,False,,False,,47784,
2002-07-24,2002,MLS,True,San Jose Earthquakes,Chicago Fire FC,1,0,,,False,,False,,47785,
2002-07-27,2002,MLS,True,Chicago Fire FC,Red Bull New York,3,0,,,False,,False,,47786,
2002-07-27,2002,MLS,True,New England Revolution,D.C. United,1,0,,,False,,False,,47787,
2002-07-27,2002,MLS,True,Sporting Kansas City,San Jose Earthquakes,2,1,,,False,,False,,47788,
2002-07-27,2002,MLS,True,FC Dallas,Colorado Rapids,2,2,,,False,,False,,47789,
2002-07-27,2002,MLS,True,LA Galaxy,Columbus Crew,2,1,,,False,,False,,47790,
2002-07-31,2002,MLS,True,Columbus Crew,Red Bull New York,3,2,,,False,,False,,47791,
2002-07-31,2002,MLS,True,D.C. United,Chicago Fire FC,0,0,,,False,,False,,47792,
2002-07-31,2002,MLS,True,Sporting Kansas City,FC Dallas,1,0,,,False,,False,,47793,
2002-08-10,2002,MLS,True,FC Dallas,Chicago Fire FC,3,1,,,False,,False,,47795,
2002-08-10,2002,MLS,True,Sporting Kansas City,D.C. United,0,0,,,False,,False,,47796,
2002-08-10,2002,MLS,True,Colorado Rapids,Columbus Crew,2,1,,,False,,False,,47797,
2002-08-10,2002,MLS,True,LA Galaxy,New England Revolution,2,1,,,False,,False,,47798,
2002-08-14,2002,MLS,True,Columbus Crew,LA Galaxy,3,2,,,False,,False,,47799,
2002-08-14,2002,MLS,True,Chicago Fire FC,Sporting Kansas City,5,1,,,False,,False,,47800,
2002-08-17,2002,MLS,True,D.C. United,San Jose Earthquakes,2,2,,,False,,False,,47801,
2002-08-17,2002,MLS,True,FC Dallas,Red Bull New York,3,1,,,False,,False,,47802,
2002-08-17,2002,MLS,True,LA Galaxy,Colorado Rapids,4,0,,,False,,False,,47804,
2002-08-18,2002,MLS,True,Chicago Fire FC,New England Revolution,2,0,,,False,,False,,47803,
2002-08-18,2002,MLS,True,Columbus Crew,Sporting Kansas City,4,0,,,False,,False,,47805,
2002-08-21,2002,MLS,True,LA Galaxy,Sporting Kansas City,2,1,,,False,,False,,47806,
2002-08-21,2002,MLS,True,San Jose Earthquakes,FC Dallas,3,1,,,False,,False,,47807,
2002-08-24,2002,MLS,True,Colorado Rapids,San Jose Earthquakes,3,0,,,False,,False,,47808,
2002-08-24,2002,MLS,True,Chicago Fire FC,New England Revolution,1,2,,,False,,False,,47809,
2002-08-24,2002,MLS,True,FC Dallas,LA Galaxy,1,0,,,False,,False,,47810,
2002-08-25,2002,MLS,True,Red Bull New York,D.C. United,1,0,,,False,,False,,47811,
2002-08-28,2002,MLS,True,New England Revolution,Colorado Rapids,3,1,,,False,,False,,47812,
2002-08-31,2002,MLS,True,D.C. United,San Jose Earthquakes,4,2,,,False,,False,,47814,
2002-08-31,2002,MLS,True,New England Revolution,Columbus Crew,0,0,,,False,,False,,47813,
2002-08-31,2002,MLS,True,Sporting Kansas City,Chicago Fire FC,2,1,,,False,,False,,47815,
2002-08-31,2002,MLS,True,LA Galaxy,Red Bull New York,3,0,,,False,,False,,47816,
2002-09-01,2002,MLS,True,Colorado Rapids,FC Dallas,3,2,,,False,,False,,47817,
2002-09-05,2002,MLS,True,Red Bull New York,FC Dallas,3,1,,,False,,False,,47818,
2002-09-07,2002,MLS,True,New England Revolution,D.C. United,3,0,,,False,,False,,47819,
2002-09-07,2002,MLS,True,LA Galaxy,Chicago Fire FC,2,1,,,False,,False,,47820,
2002-09-07,2002,MLS,True,San Jose Earthquakes,Columbus Crew,4,3,,,False,,False,,47821,
2002-09-12,2002,MLS,True,D.C. United,Red Bull New York,1,0,,,False,,False,,62548,
2002-09-14,2002,MLS,True,Columbus Crew,Chicago Fire FC,2,0,,,False,,False,,47823,
2002-09-14,2002,MLS,True,D.C. United,Red Bull New York,2,1,,,False,,False,,47822,
2002-09-14,2002,MLS,True,Colorado Rapids,Sporting Kansas City,2,1,,,False,,False,,47824,
2002-09-14,2002,MLS,True,New England Revolution,FC Dallas,2,1,,,False,,False,,47825,
2002-09-14,2002,MLS,True,LA Galaxy,San Jose Earthquakes,1,0,,,False,,False,,47826,
2002-09-19,2002,MLS,True,FC Dallas,D.C. United,4,3,,,False,,False,,47827,
2002-09-20,2002,MLS,True,Sporting Kansas City,Colorado Rapids,1,1,,,False,,False,,47829,
2002-09-21,2002,MLS,True,New England Revolution,Red Bull New York,3,0,,,False,,False,,47828,
2002-09-21,2002,MLS,True,LA Galaxy,San Jose Earthquakes,1,0,,,False,,False,,47830,
2002-09-22,2002,MLS,True,Chicago Fire FC,Columbus Crew,2,1,,,False,,False,,47831,
2002-09-25,2002,MLS,True,LA Galaxy,Sporting Kansas City,3,2,,,False,,False,,66704,
2002-09-25,2002,MLS,True,FC Dallas,Colorado Rapids,4,2,,,False,,False,,66702,
2002-09-25,2002,MLS,True,San Jose Earthquakes,Columbus Crew,1,2,,,False,,False,,66703,
2002-09-26,2002,MLS,True,New England Revolution,Chicago Fire FC,2,0,,,False,,False,,66705,
2002-09-28,2002,MLS,True,Columbus Crew,San Jose Earthquakes,2,1,,,False,,False,,66706,
2002-09-28,2002,MLS,True,Sporting Kansas City,LA Galaxy,4,1,,,False,,False,,66707,
2002-09-28,2002,MLS,True,Colorado Rapids,FC Dallas,1,0,,,False,,False,,66708,
2002-09-29,2002,MLS,True,Chicago Fire FC,New England Revolution,2,1,,,False,,False,,66709,
2002-10-02,2002,MLS,True,FC Dallas,Colorado Rapids,1,1,,,False,,False,,68343,
2002-10-02,2002,MLS,True,LA Galaxy,Sporting Kansas City,5,2,,,False,,False,,68344,
2002-10-02,2002,MLS,True,New England Revolution,Chicago Fire FC,2,0,,,False,,False,,68342,
2002-10-05,2002,MLS,True,LA Galaxy,Colorado Rapids,4,0,,,False,,False,,68564,
2002-10-06,2002,MLS,True,New England Revolution,Columbus Crew,0,0,,,False,,False,,68565,
2002-10-09,2002,MLS,True,Columbus Crew,New England Revolution,0,1,,,False,,False,,68566,
2002-10-09,2002,MLS,True,Colorado Rapids,LA Galaxy,0,1,,,False,,False,,68567,
2002-10-12,2002,MLS,True,New England Revolution,Columbus Crew,2,2,,,False,,False,,68812,
2002-10-20,2002,MLS,True,New England Revolution,LA Galaxy,0,1,,,False,,False,,69458,
2003-04-05,2003,MLS,True,Columbus Crew,LA Galaxy,1,1,,,False,,False,,95708,
2003-04-12,2003,MLS,True,FC Dallas,LA Galaxy,1,1,,,False,,False,,95709,
2003-04-12,2003,MLS,True,Red Bull New York,Columbus Crew,0,1,,,False,,False,,95710,
2003-04-12,2003,MLS,True,Sporting Kansas City,D.C. United,3,2,,,False,,False,,95711,
2003-04-12,2003,MLS,True,Colorado Rapids,San Jose Earthquakes,1,2,,,False,,False,,95712,
2003-04-13,2003,MLS,True,Chicago Fire FC,New England Revolution,1,1,,,False,,False,,95713,
2003-04-19,2003,MLS,True,New England Revolution,Columbus Crew,1,2,,,False,,False,,95714,
2003-04-19,2003,MLS,True,D.C. United,Chicago Fire FC,0,0,,,False,,False,,95715,
2003-04-19,2003,MLS,True,Red Bull New York,LA Galaxy,1,1,,,False,,False,,95716,
2003-04-20,2003,MLS,True,San Jose Earthquakes,Sporting Kansas City,1,1,,,False,,False,,95717,
2003-04-26,2003,MLS,True,Columbus Crew,Red Bull New York,0,1,,,False,,False,,95718,
2003-04-26,2003,MLS,True,Sporting Kansas City,Chicago Fire FC,2,3,,,False,,False,,95719,
2003-04-26,2003,MLS,True,FC Dallas,New England Revolution,1,2,,,False,,False,,95720,
2003-04-26,2003,MLS,True,Colorado Rapids,D.C. United,1,1,,,False,,False,,95721,
2003-04-26,2003,MLS,True,San Jose Earthquakes,LA Galaxy,1,0,,,False,,False,,95722,
2003-05-03,2003,MLS,True,New England Revolution,San Jose Earthquakes,0,2,,,False,,False,,95724,
2003-05-03,2003,MLS,True,D.C. United,FC Dallas,0,0,,,False,,False,,95725,
2003-05-03,2003,MLS,True,Red Bull New York,Colorado Rapids,2,1,,,False,,False,,95726,
2003-05-03,2003,MLS,True,Sporting Kansas City,Columbus Crew,2,2,,,False,,False,,95727,
2003-05-10,2003,MLS,True,New England Revolution,LA Galaxy,2,0,,,False,,False,,95728,
2003-05-10,2003,MLS,True,Columbus Crew,Colorado Rapids,2,0,,,False,,False,,95729,
2003-05-10,2003,MLS,True,Red Bull New York,D.C. United,1,0,,,False,,False,,95730,
2003-05-10,2003,MLS,True,Chicago Fire FC,San Jose Earthquakes,0,0,,,False,,False,,95731,
2003-05-10,2003,MLS,True,FC Dallas,Sporting Kansas City,1,3,,,False,,False,,95732,
2003-05-14,2003,MLS,True,Sporting Kansas City,New England Revolution,1,1,,,False,,False,,95733,
2003-05-17,2003,MLS,True,Colorado Rapids,Red Bull New York,0,2,,,False,,False,,95734,
2003-05-17,2003,MLS,True,New England Revolution,Chicago Fire FC,3,0,,,False,,False,,95735,
2003-05-17,2003,MLS,True,D.C. United,Sporting Kansas City,1,1,,,False,,False,,95736,
2003-05-17,2003,MLS,True,FC Dallas,LA Galaxy,1,1,,,False,,False,,95737,
2003-05-17,2003,MLS,True,San Jose Earthquakes,Columbus Crew,4,3,,,False,,False,,95738,
2003-05-24,2003,MLS,True,Columbus Crew,New England Revolution,2,3,,,False,,False,,95739,
2003-05-24,2003,MLS,True,Red Bull New York,FC Dallas,2,1,,,False,,False,,95740,
2003-05-24,2003,MLS,True,Sporting Kansas City,LA Galaxy,2,1,,,False,,False,,95741,
2003-05-25,2003,MLS,True,Chicago Fire FC,Colorado Rapids,4,0,,,False,,False,,95742,
2003-05-31,2003,MLS,True,San Jose Earthquakes,Chicago Fire FC,1,4,,,False,,False,,95743,
2003-05-31,2003,MLS,True,New England Revolution,Sporting Kansas City,2,2,,,False,,False,,95744,
2003-05-31,2003,MLS,True,Columbus Crew,Red Bull New York,1,1,,,False,,False,,95745,
2003-05-31,2003,MLS,True,Colorado Rapids,LA Galaxy,1,0,,,False,,False,,95746,
2003-05-31,2003,MLS,True,FC Dallas,D.C. United,3,2,,,False,,False,,95747,
2003-06-07,2003,MLS,True,LA Galaxy,Colorado Rapids,2,0,,,False,,False,,95748,
2003-06-07,2003,MLS,True,Columbus Crew,San Jose Earthquakes,1,0,,,False,,False,,95749,
2003-06-07,2003,MLS,True,D.C. United,Chicago Fire FC,2,0,,,False,,False,,95750,
2003-06-07,2003,MLS,True,Sporting Kansas City,Red Bull New York,2,1,,,False,,False,,95751,
2003-06-11,2003,MLS,True,Colorado Rapids,D.C. United,0,0,,,False,,False,,95753,
2003-06-14,2003,MLS,True,Red Bull New York,Chicago Fire FC,2,3,,,False,,False,,95754,
2003-06-14,2003,MLS,True,D.C. United,Columbus Crew,3,0,,,False,,False,,95755,
2003-06-14,2003,MLS,True,Colorado Rapids,New England Revolution,4,1,,,False,,False,,95756,
2003-06-14,2003,MLS,True,FC Dallas,San Jose Earthquakes,1,2,,,False,,False,,95757,
2003-06-15,2003,MLS,True,LA Galaxy,Sporting Kansas City,2,1,,,False,,False,,95758,
2003-06-18,2003,MLS,True,Chicago Fire FC,FC Dallas,4,1,,,False,,False,,95759,
2003-06-19,2003,MLS,True,LA Galaxy,San Jose Earthquakes,1,1,,,False,,False,,95760,
2003-06-21,2003,MLS,True,Red Bull New York,LA Galaxy,1,0,,,False,,False,,95761,
2003-06-21,2003,MLS,True,D.C. United,New England Revolution,1,1,,,False,,False,,95762,
2003-06-21,2003,MLS,True,Sporting Kansas City,Chicago Fire FC,4,2,,,False,,False,,95763,
2003-06-21,2003,MLS,True,FC Dallas,Colorado Rapids,3,1,,,False,,False,,95764,
2003-06-22,2003,MLS,True,San Jose Earthquakes,Columbus Crew,2,1,,,False,,False,,95765,
2003-06-25,2003,MLS,True,Colorado Rapids,LA Galaxy,2,2,,,False,,False,,95766,
2003-06-28,2003,MLS,True,Chicago Fire FC,Red Bull New York,2,1,,,False,,False,,95767,
2003-06-28,2003,MLS,True,New England Revolution,Colorado Rapids,3,2,,,False,,False,,95768,
2003-06-28,2003,MLS,True,Columbus Crew,D.C. United,3,0,,,False,,False,,95769,
2003-06-28,2003,MLS,True,LA Galaxy,FC Dallas,3,0,,,False,,False,,95770,
2003-06-28,2003,MLS,True,San Jose Earthquakes,Sporting Kansas City,0,0,,,False,,False,,95771,
2003-07-02,2003,MLS,True,Red Bull New York,San Jose Earthquakes,4,4,,,False,,False,,95772,
2003-07-02,2003,MLS,True,FC Dallas,D.C. United,1,3,,,False,,False,,95773,
2003-07-04,2003,MLS,True,Colorado Rapids,Sporting Kansas City,3,2,,,False,,False,,95774,
2003-07-04,2003,MLS,True,LA Galaxy,New England Revolution,2,2,,,False,,False,,95775,
2003-07-05,2003,MLS,True,D.C. United,Red Bull New York,2,3,,,False,,False,,95776,
2003-07-05,2003,MLS,True,Columbus Crew,FC Dallas,0,0,,,False,,False,,95777,
2003-07-05,2003,MLS,True,San Jose Earthquakes,Chicago Fire FC,0,0,,,False,,False,,95778,
2003-07-09,2003,MLS,True,LA Galaxy,Colorado Rapids,0,1,,,False,,False,,95779,
2003-07-12,2003,MLS,True,New England Revolution,Red Bull New York,3,3,,,False,,False,,95780,
2003-07-12,2003,MLS,True,Sporting Kansas City,FC Dallas,5,1,,,False,,False,,95781,
2003-07-12,2003,MLS,True,Chicago Fire FC,D.C. United,1,2,,,False,,False,,95782,
2003-07-12,2003,MLS,True,San Jose Earthquakes,Colorado Rapids,0,2,,,False,,False,,95783,
2003-07-16,2003,MLS,True,New England Revolution,FC Dallas,1,2,,,False,,False,,109838,
2003-07-19,2003,MLS,True,D.C. United,San Jose Earthquakes,1,2,,,False,,False,,95784,
2003-07-19,2003,MLS,True,Columbus Crew,Sporting Kansas City,0,1,,,False,,False,,95785,
2003-07-19,2003,MLS,True,Chicago Fire FC,New England Revolution,3,1,,,False,,False,,95786,
2003-07-19,2003,MLS,True,FC Dallas,Red Bull New York,1,2,,,False,,False,,95787,
2003-07-23,2003,MLS,True,Columbus Crew,New England Revolution,1,1,,,False,,False,,95788,
2003-07-26,2003,MLS,True,Colorado Rapids,Red Bull New York,1,0,,,False,,False,,112074,
2003-07-26,2003,MLS,True,Chicago Fire FC,Sporting Kansas City,2,0,,,False,,False,,95789,
2003-07-26,2003,MLS,True,San Jose Earthquakes,FC Dallas,3,0,,,False,,False,,95790,
2003-07-27,2003,MLS,True,New England Revolution,D.C. United,2,4,,,False,,False,,95791,
2003-07-30,2003,MLS,True,LA Galaxy,Columbus Crew,2,1,,,False,,False,,95792,
2003-08-09,2003,MLS,True,Chicago Fire FC,Red Bull New York,1,1,,,False,,False,,95794,
2003-08-09,2003,MLS,True,D.C. United,New England Revolution,1,0,,,False,,False,,95795,
2003-08-09,2003,MLS,True,Sporting Kansas City,San Jose Earthquakes,0,1,,,False,,False,,95793,
2003-08-09,2003,MLS,True,Colorado Rapids,FC Dallas,2,0,,,False,,False,,95796,
2003-08-09,2003,MLS,True,LA Galaxy,Columbus Crew,3,1,,,False,,False,,95797,
2003-08-13,2003,MLS,True,Red Bull New York,Sporting Kansas City,0,0,,,False,,False,,95798,
2003-08-13,2003,MLS,True,Columbus Crew,Chicago Fire FC,2,2,,,False,,False,,95799,
2003-08-13,2003,MLS,True,D.C. United,Colorado Rapids,1,0,,,False,,False,,95800,
2003-08-13,2003,MLS,True,FC Dallas,San Jose Earthquakes,0,3,,,False,,False,,95801,
2003-08-16,2003,MLS,True,New England Revolution,San Jose Earthquakes,1,1,,,False,,False,,95802,
2003-08-16,2003,MLS,True,Chicago Fire FC,D.C. United,3,1,,,False,,False,,95803,
2003-08-16,2003,MLS,True,Colorado Rapids,Columbus Crew,2,1,,,False,,False,,95804,
2003-08-16,2003,MLS,True,FC Dallas,Sporting Kansas City,3,2,,,False,,False,,95805,
2003-08-16,2003,MLS,True,LA Galaxy,Red Bull New York,1,1,,,False,,False,,95806,
2003-08-20,2003,MLS,True,Chicago Fire FC,LA Galaxy,1,0,,,False,,False,,95807,
2003-08-22,2003,MLS,True,Sporting Kansas City,Colorado Rapids,2,2,,,False,,False,,95808,
2003-08-23,2003,MLS,True,LA Galaxy,New England Revolution,2,1,,,False,,False,,95809,
2003-08-23,2003,MLS,True,FC Dallas,Columbus Crew,1,2,,,False,,False,,95810,
2003-08-24,2003,MLS,True,Red Bull New York,Chicago Fire FC,1,2,,,False,,False,,95811,
2003-08-24,2003,MLS,True,San Jose Earthquakes,D.C. United,1,0,,,False,,False,,95812,
2003-08-30,2003,MLS,True,New England Revolution,Chicago Fire FC,5,1,,,False,,False,Gillette Stadium,95813,
2003-08-30,2003,MLS,True,LA Galaxy,FC Dallas,2,1,,,False,,False,Dignity Health Sports Park,95815,
2003-08-30,2003,MLS,True,San Jose Earthquakes,Colorado Rapids,1,2,,,False,,False,Spartan Stadium,95816,
2003-08-31,2003,MLS,True,Columbus Crew,Sporting Kansas City,1,0,,,False,,False,Historic Crew Stadium,95814,
2003-09-06,2003,MLS,True,D.C. United,LA Galaxy,2,1,,,False,,False,RFK Stadium,95817,
2003-09-06,2003,MLS,True,Sporting Kansas City,Red Bull New York,1,2,,,False,,False,Arrowhead Stadium,95818,
2003-09-06,2003,MLS,True,Chicago Fire FC,Columbus Crew,1,1,,,False,,False,Cardinal Stadium,95819,
2003-09-06,2003,MLS,True,Colorado Rapids,FC Dallas,2,1,,,False,,False,Empower Field at Mile High,95820,
2003-09-07,2003,MLS,True,San Jose Earthquakes,New England Revolution,2,1,,,False,,False,Spartan Stadium,95821,
2003-09-13,2003,MLS,True,Columbus Crew,FC Dallas,3,2,,,False,,False,Historic Crew Stadium,95822,
2003-09-13,2003,MLS,True,D.C. United,San Jose Earthquakes,2,1,,,False,,False,RFK Stadium,95823,
2003-09-13,2003,MLS,True,Red Bull New York,New England Revolution,1,2,,,False,,False,Giants Stadium,95824,
2003-09-13,2003,MLS,True,Colorado Rapids,Sporting Kansas City,1,0,,,False,,False,Empower Field at Mile High,95825,
2003-09-13,2003,MLS,True,LA Galaxy,Chicago Fire FC,0,2,,,False,,False,Dignity Health Sports Park,95826,
2003-09-18,2003,MLS,True,New England Revolution,Colorado Rapids,0,0,,,False,,False,Gillette Stadium,95827,
2003-09-20,2003,MLS,True,Red Bull New York,Columbus Crew,1,0,,,False,,False,Giants Stadium,95828,
2003-09-20,2003,MLS,True,Sporting Kansas City,San Jose Earthquakes,1,4,,,False,,False,Arrowhead Stadium,95829,
2003-09-20,2003,MLS,True,FC Dallas,Chicago Fire FC,2,0,,,False,,False,Dragon Stadium,95830,
2003-09-20,2003,MLS,True,LA Galaxy,D.C. United,1,0,,,False,,False,Dignity Health Sports Park,95831,
2003-09-25,2003,MLS,True,Red Bull New York,D.C. United,0,2,,,False,,False,Giants Stadium,95832,
2003-09-27,2003,MLS,True,LA Galaxy,Sporting Kansas City,1,2,,,False,,False,Dignity Health Sports Park,95835,
2003-09-27,2003,MLS,True,San Jose Earthquakes,FC Dallas,5,2,,,False,,False,Spartan Stadium,95836,
2003-09-28,2003,MLS,True,D.C. United,Red Bull New York,1,1,,,False,,False,RFK Stadium,95837,
2003-09-28,2003,MLS,True,New England Revolution,Columbus Crew,3,2,,,False,,False,Gillette Stadium,95833,
2003-10-01,2003,MLS,True,Colorado Rapids,Chicago Fire FC,1,1,,,False,,False,Empower Field at Mile High,120126,
2003-10-04,2003,MLS,True,Columbus Crew,D.C. United,1,1,,,False,,False,Historic Crew Stadium,95838,
2003-10-04,2003,MLS,True,Sporting Kansas City,Colorado Rapids,4,2,,,False,,False,Arrowhead Stadium,95839,
2003-10-04,2003,MLS,True,Chicago Fire FC,LA Galaxy,2,0,,,False,,False,Cardinal Stadium,95840,
2003-10-04,2003,MLS,True,FC Dallas,New England Revolution,1,4,,,False,,False,Dragon Stadium,95841,
2003-10-05,2003,MLS,True,San Jose Earthquakes,Red Bull New York,0,2,,,False,,False,Spartan Stadium,95842,
2003-10-10,2003,MLS,True,Chicago Fire FC,Columbus Crew,2,0,,,False,,False,Cardinal Stadium,95845,
2003-10-10,2003,MLS,True,Colorado Rapids,San Jose Earthquakes,0,0,,,False,,False,Empower Field at Mile High,95846,
2003-10-11,2003,MLS,True,New England Revolution,D.C. United,1,0,,,False,,False,Gillette Stadium,95847,
2003-10-11,2003,MLS,True,Red Bull New York,FC Dallas,0,0,,,False,,False,Giants Stadium,95843,
2003-10-11,2003,MLS,True,Sporting Kansas City,LA Galaxy,2,1,,,False,,False,Arrowhead Stadium,95844,
2003-10-18,2003,MLS,True,Red Bull New York,New England Revolution,1,2,,,False,,False,Giants Stadium,95848,
2003-10-18,2003,MLS,True,Sporting Kansas City,FC Dallas,1,0,,,False,,False,Arrowhead Stadium,95849,
2003-10-18,2003,MLS,True,Chicago Fire FC,Colorado Rapids,4,3,,,False,,False,Cardinal Stadium,95850,
2003-10-18,2003,MLS,True,LA Galaxy,San Jose Earthquakes,3,0,,,False,,False,Dignity Health Sports Park,95851,
2003-10-19,2003,MLS,True,D.C. United,Columbus Crew,2,3,,,False,,False,RFK Stadium,95852,
2003-10-25,2003,MLS,True,New England Revolution,Red Bull New York,5,2,,,False,,False,Gillette Stadium,95853,
2003-10-25,2003,MLS,True,D.C. United,Sporting Kansas City,1,1,,,False,,False,RFK Stadium,95854,
2003-10-25,2003,MLS,True,FC Dallas,Colorado Rapids,4,3,,,False,,False,Dragon Stadium,95855,
2003-10-25,2003,MLS,True,San Jose Earthquakes,LA Galaxy,1,1,,,False,,False,Spartan Stadium,95856,
2003-10-26,2003,MLS,True,Columbus Crew,Chicago Fire FC,6,2,,,False,,False,Historic Crew Stadium,95857,
2003-11-01,2003,MLS,True,D.C. United,Chicago Fire FC,0,2,,,False,,False,,130650,
2003-11-01,2003,MLS,True,LA Galaxy,San Jose Earthquakes,2,0,,,False,,False,,130651,
2003-11-01,2003,MLS,True,Red Bull New York,New England Revolution,0,2,,,False,,False,,130649,
2003-11-04,2003,MLS,True,Colorado Rapids,Sporting Kansas City,1,1,,,False,,False,Empower Field at Mile High,130684,
2003-11-08,2003,MLS,True,Sporting Kansas City,Colorado Rapids,2,0,,,False,,False,Arrowhead Stadium,130758,
2003-11-09,2003,MLS,True,Chicago Fire FC,D.C. United,2,0,,,False,,False,Cardinal Stadium,130759,
2003-11-09,2003,MLS,True,New England Revolution,Red Bull New York,1,1,,,False,,False,Gillette Stadium,130760,
2003-11-09,2003,MLS,True,San Jose Earthquakes,LA Galaxy,5,2,,,False,,False,Spartan Stadium,130761,
2003-11-14,2003,MLS,True,Chicago Fire FC,New England Revolution,1,0,,,False,,False,Soldier Field,131171,
2003-11-15,2003,MLS,True,San Jose Earthquakes,Sporting Kansas City,3,2,,,False,,False,Spartan Stadium,131172,
2003-11-23,2003,MLS,True,Chicago Fire FC,San Jose Earthquakes,1,5,,,False,,False,Dignity Health Sports Park,131427,
2004-04-03,2004,MLS,True,D.C. United,San Jose Earthquakes,2,1,,,False,,False,RFK Stadium,143898,
2004-04-03,2004,MLS,True,LA Galaxy,New England Revolution,3,2,,,False,,False,Dignity Health Sports Park,143902,
2004-04-03,2004,MLS,True,Columbus Crew,Red Bull New York,1,3,,,False,,False,Historic Crew Stadium,143899,
2004-04-03,2004,MLS,True,FC Dallas,Colorado Rapids,1,1,,,False,,False,Cotton Bowl,143901,
2004-04-03,2004,MLS,True,Sporting Kansas City,Chicago Fire FC,0,0,,,False,,False,Arrowhead Stadium,143900,
2004-04-10,2004,MLS,True,San Jose Earthquakes,Chicago Fire FC,0,0,,,False,,False,Spartan Stadium,143903,
2004-04-10,2004,MLS,True,LA Galaxy,D.C. United,1,1,,,False,,False,Dignity Health Sports Park,143904,
2004-04-17,2004,MLS,True,Red Bull New York,D.C. United,3,2,,,False,,False,Giants Stadium,143905,
2004-04-17,2004,MLS,True,Colorado Rapids,LA Galaxy,1,1,,,False,,False,Empower Field at Mile High,143909,
2004-04-17,2004,MLS,True,Chicago Fire FC,FC Dallas,0,2,,,False,,False,Soldier Field,143908,
2004-04-17,2004,MLS,True,New England Revolution,San Jose Earthquakes,1,3,,,False,,False,Gillette Stadium,143906,
2004-04-17,2004,MLS,True,Sporting Kansas City,Columbus Crew,1,0,,,False,,False,Arrowhead Stadium,143907,
2004-04-24,2004,MLS,True,D.C. United,Chicago Fire FC,0,1,,,False,,False,RFK Stadium,143910,
2004-04-24,2004,MLS,True,Colorado Rapids,San Jose Earthquakes,1,0,,,False,,False,Empower Field at Mile High,143912,
2004-04-24,2004,MLS,True,LA Galaxy,Columbus Crew,2,0,,,False,,False,Dignity Health Sports Park,143913,
2004-04-24,2004,MLS,True,FC Dallas,Sporting Kansas City,1,0,,,False,,False,Cotton Bowl,143911,
2004-04-25,2004,MLS,True,Red Bull New York,New England Revolution,1,1,,,False,,False,Giants Stadium,143914,
2004-05-01,2004,MLS,True,San Jose Earthquakes,D.C. United,1,1,,,False,,False,Spartan Stadium,143915,
2004-05-01,2004,MLS,True,Chicago Fire FC,Red Bull New York,3,0,,,False,,False,Soldier Field,143919,
2004-05-01,2004,MLS,True,Columbus Crew,FC Dallas,0,0,,,False,,False,Historic Crew Stadium,143916,
2004-05-01,2004,MLS,True,New England Revolution,LA Galaxy,2,1,,,False,,False,Gillette Stadium,143917,
2004-05-01,2004,MLS,True,Sporting Kansas City,Colorado Rapids,2,0,,,False,,False,Arrowhead Stadium,143918,
2004-05-07,2004,MLS,True,Colorado Rapids,New England Revolution,0,0,,,False,,False,Empower Field at Mile High,143920,
2004-05-08,2004,MLS,True,FC Dallas,LA Galaxy,1,3,,,False,,False,Cotton Bowl,143921,
2004-05-08,2004,MLS,True,San Jose Earthquakes,Red Bull New York,5,5,,,False,,False,Spartan Stadium,143924,
2004-05-08,2004,MLS,True,D.C. United,Columbus Crew,1,1,,,False,,False,RFK Stadium,143922,
2004-05-08,2004,MLS,True,Sporting Kansas City,Chicago Fire FC,2,2,,,False,,False,Arrowhead Stadium,143923,
2004-05-15,2004,MLS,True,Columbus Crew,New England Revolution,1,0,,,False,,False,Historic Crew Stadium,143925,
2004-05-15,2004,MLS,True,LA Galaxy,Colorado Rapids,1,1,,,False,,False,Dignity Health Sports Park,143929,
2004-05-15,2004,MLS,True,D.C. United,Sporting Kansas City,1,0,,,False,,False,RFK Stadium,143927,
2004-05-15,2004,MLS,True,FC Dallas,San Jose Earthquakes,1,2,,,False,,False,Cotton Bowl,143928,
2004-05-15,2004,MLS,True,Red Bull New York,Chicago Fire FC,1,1,,,False,,False,Giants Stadium,143926,
2004-05-19,2004,MLS,True,D.C. United,LA Galaxy,2,4,,,False,,False,RFK Stadium,143930,
2004-05-22,2004,MLS,True,New England Revolution,Red Bull New York,1,1,,,False,,False,Gillette Stadium,143931,
2004-05-22,2004,MLS,True,Colorado Rapids,D.C. United,2,1,,,False,,False,Empower Field at Mile High,143933,
2004-05-22,2004,MLS,True,San Jose Earthquakes,LA Galaxy,4,2,,,False,,False,Spartan Stadium,143934,
2004-05-22,2004,MLS,True,Sporting Kansas City,FC Dallas,2,0,,,False,,False,Arrowhead Stadium,143932,
2004-05-23,2004,MLS,True,Chicago Fire FC,Columbus Crew,1,3,,,False,,False,Soldier Field,143935,
2004-05-29,2004,MLS,True,LA Galaxy,FC Dallas,4,1,,,False,,False,Dignity Health Sports Park,143939,
2004-05-29,2004,MLS,True,Chicago Fire FC,Colorado Rapids,1,0,,,False,,False,Soldier Field,143938,
2004-05-29,2004,MLS,True,Columbus Crew,San Jose Earthquakes,1,0,,,False,,False,Historic Crew Stadium,143937,
2004-05-29,2004,MLS,True,New England Revolution,D.C. United,0,1,,,False,,False,Gillette Stadium,143936,
2004-05-30,2004,MLS,True,Red Bull New York,Sporting Kansas City,1,0,,,False,,False,Giants Stadium,143940,
2004-06-02,2004,MLS,True,Sporting Kansas City,New England Revolution,2,3,,,False,,False,Arrowhead Stadium,143941,
2004-06-05,2004,MLS,True,Chicago Fire FC,D.C. United,3,0,,,False,,False,Soldier Field,143942,
2004-06-05,2004,MLS,True,Red Bull New York,FC Dallas,0,2,,,False,,False,Giants Stadium,143944,
2004-06-05,2004,MLS,True,LA Galaxy,Sporting Kansas City,1,2,,,False,,False,,151700,
2004-06-06,2004,MLS,True,New England Revolution,Columbus Crew,1,2,,,False,,False,Gillette Stadium,143943,
2004-06-09,2004,MLS,True,Colorado Rapids,Sporting Kansas City,0,1,,,False,,False,Empower Field at Mile High,143945,
2004-06-12,2004,MLS,True,LA Galaxy,Chicago Fire FC,3,2,,,False,,False,Dignity Health Sports Park,143946,
2004-06-12,2004,MLS,True,San Jose Earthquakes,Red Bull New York,3,1,,,False,,False,Spartan Stadium,143950,
2004-06-12,2004,MLS,True,Columbus Crew,Sporting Kansas City,2,2,,,False,,False,Historic Crew Stadium,143948,
2004-06-12,2004,MLS,True,D.C. United,Colorado Rapids,0,0,,,False,,False,RFK Stadium,143947,
2004-06-12,2004,MLS,True,FC Dallas,New England Revolution,3,1,,,False,,False,Cotton Bowl,143949,
2004-06-19,2004,MLS,True,Red Bull New York,LA Galaxy,2,1,,,False,,False,Giants Stadium,143951,
2004-06-19,2004,MLS,True,Colorado Rapids,FC Dallas,1,1,,,False,,False,Empower Field at Mile High,143955,
2004-06-19,2004,MLS,True,Chicago Fire FC,San Jose Earthquakes,1,1,,,False,,False,Soldier Field,143954,
2004-06-19,2004,MLS,True,D.C. United,Columbus Crew,3,1,,,False,,False,RFK Stadium,143952,
2004-06-19,2004,MLS,True,New England Revolution,Sporting Kansas City,1,3,,,False,,False,Gillette Stadium,143953,
2004-06-23,2004,MLS,True,LA Galaxy,Red Bull New York,0,3,,,False,,False,Dignity Health Sports Park,143956,
2004-06-26,2004,MLS,True,FC Dallas,D.C. United,1,1,,,False,,False,Cotton Bowl,143957,
2004-06-26,2004,MLS,True,San Jose Earthquakes,Sporting Kansas City,1,1,,,False,,False,Spartan Stadium,143960,
2004-06-26,2004,MLS,True,Columbus Crew,Colorado Rapids,1,2,,,False,,False,Historic Crew Stadium,143958,
2004-06-26,2004,MLS,True,New England Revolution,Red Bull New York,2,1,,,False,,False,Gillette Stadium,143959,
2004-06-27,2004,MLS,True,Chicago Fire FC,LA Galaxy,0,1,,,False,,False,Soldier Field,143961,
2004-06-30,2004,MLS,True,Red Bull New York,Colorado Rapids,2,3,,,False,,False,Giants Stadium,143962,
2004-07-03,2004,MLS,True,D.C. United,Red Bull New York,6,2,,,False,,False,RFK Stadium,143963,
2004-07-03,2004,MLS,True,Columbus Crew,Chicago Fire FC,2,0,,,False,,False,Historic Crew Stadium,143964,
2004-07-03,2004,MLS,True,Sporting Kansas City,FC Dallas,5,1,,,False,,False,Arrowhead Stadium,143965,
2004-07-04,2004,MLS,True,LA Galaxy,San Jose Earthquakes,2,1,,,False,,False,Dignity Health Sports Park,143967,
2004-07-04,2004,MLS,True,Colorado Rapids,New England Revolution,1,0,,,False,,False,Empower Field at Mile High,143966,
2004-07-07,2004,MLS,True,San Jose Earthquakes,FC Dallas,1,2,,,False,,False,Spartan Stadium,143968,
2004-07-10,2004,MLS,True,Red Bull New York,San Jose Earthquakes,2,0,,,False,,False,Giants Stadium,143969,
2004-07-10,2004,MLS,True,LA Galaxy,Colorado Rapids,2,0,,,False,,False,Dignity Health Sports Park,143973,
2004-07-10,2004,MLS,True,FC Dallas,Columbus Crew,0,0,,,False,,False,Cotton Bowl,143970,
2004-07-10,2004,MLS,True,Sporting Kansas City,D.C. United,1,0,,,False,,False,Arrowhead Stadium,143971,
2004-07-11,2004,MLS,True,Chicago Fire FC,New England Revolution,1,1,,,False,,False,Soldier Field,143972,
2004-07-14,2004,MLS,True,Colorado Rapids,LA Galaxy,0,0,,,False,,False,Empower Field at Mile High,143975,
2004-07-14,2004,MLS,True,New England Revolution,Chicago Fire FC,3,1,,,False,,False,Gillette Stadium,143974,
2004-07-17,2004,MLS,True,San Jose Earthquakes,Colorado Rapids,3,1,,,False,,False,Spartan Stadium,143976,
2004-07-17,2004,MLS,True,Chicago Fire FC,Red Bull New York,1,1,,,False,,False,Giants Stadium,143977,
2004-07-17,2004,MLS,True,Columbus Crew,New England Revolution,1,1,,,False,,False,Historic Crew Stadium,143979,
2004-07-17,2004,MLS,True,D.C. United,LA Galaxy,1,1,,,False,,False,RFK Stadium,143978,
2004-07-17,2004,MLS,True,FC Dallas,Sporting Kansas City,0,1,,,False,,False,Cotton Bowl,143980,
2004-07-24,2004,MLS,True,Colorado Rapids,Columbus Crew,0,0,,,False,,False,,151956,
2004-07-24,2004,MLS,True,FC Dallas,D.C. United,5,1,,,False,,False,,151959,
2004-07-24,2004,MLS,True,Red Bull New York,Chicago Fire FC,2,1,,,False,,False,,151957,
2004-07-24,2004,MLS,True,San Jose Earthquakes,New England Revolution,2,2,,,False,,False,,151960,
2004-07-24,2004,MLS,True,Sporting Kansas City,LA Galaxy,2,2,,,False,,False,,151958,
2004-07-28,2004,MLS,True,Columbus Crew,FC Dallas,2,1,,,False,,False,Historic Crew Stadium,143981,
2004-07-28,2004,MLS,True,Sporting Kansas City,Red Bull New York,1,2,,,False,,False,Arrowhead Stadium,143982,
2004-07-28,2004,MLS,True,Colorado Rapids,Chicago Fire FC,2,0,,,False,,False,,152311,
2004-07-31,2004,MLS,True,East All-Stars,West All-Stars,3,2,,,False,,False,RFK Stadium,152312,
2004-08-07,2004,MLS,True,New England Revolution,Columbus Crew,2,2,,,False,,False,Gillette Stadium,143988,
2004-08-07,2004,MLS,True,San Jose Earthquakes,D.C. United,2,0,,,False,,False,Spartan Stadium,143991,
2004-08-07,2004,MLS,True,FC Dallas,Colorado Rapids,1,0,,,False,,False,Cotton Bowl,143989,
2004-08-08,2004,MLS,True,Red Bull New York,LA Galaxy,3,0,,,False,,False,Giants Stadium,143992,
2004-08-11,2004,MLS,True,FC Dallas,New England Revolution,0,3,,,False,,False,Cotton Bowl,143994,
2004-08-11,2004,MLS,True,D.C. United,Colorado Rapids,3,1,,,False,,False,RFK Stadium,143993,
2004-08-11,2004,MLS,True,Chicago Fire FC,San Jose Earthquakes,2,1,,,False,,False,Soldier Field,144001,
2004-08-14,2004,MLS,True,LA Galaxy,Columbus Crew,0,0,,,False,,False,Dignity Health Sports Park,143998,
2004-08-14,2004,MLS,True,D.C. United,New England Revolution,2,2,,,False,,False,RFK Stadium,143997,
2004-08-14,2004,MLS,True,Sporting Kansas City,San Jose Earthquakes,0,2,,,False,,False,Arrowhead Stadium,143995,
2004-08-14,2004,MLS,True,Chicago Fire FC,Colorado Rapids,0,3,,,False,,False,Empower Field at Mile High,143996,
2004-08-15,2004,MLS,True,Red Bull New York,FC Dallas,0,1,,,False,,False,Giants Stadium,143999,
2004-08-18,2004,MLS,True,Columbus Crew,Sporting Kansas City,2,1,,,False,,False,Historic Crew Stadium,144000,
2004-08-21,2004,MLS,True,Colorado Rapids,Red Bull New York,1,0,,,False,,False,Empower Field at Mile High,144004,
2004-08-21,2004,MLS,True,LA Galaxy,Chicago Fire FC,1,1,,,False,,False,Dignity Health Sports Park,144005,
2004-08-21,2004,MLS,True,San Jose Earthquakes,FC Dallas,3,0,,,False,,False,Spartan Stadium,144006,
2004-08-21,2004,MLS,True,Columbus Crew,D.C. United,2,2,,,False,,False,Historic Crew Stadium,144002,
2004-08-21,2004,MLS,True,New England Revolution,Sporting Kansas City,1,2,,,False,,False,Gillette Stadium,144003,
2004-08-28,2004,MLS,True,New England Revolution,D.C. United,0,0,,,False,,False,Gillette Stadium,144008,
2004-08-28,2004,MLS,True,San Jose Earthquakes,Colorado Rapids,0,0,,,False,,False,Spartan Stadium,144010,
2004-08-28,2004,MLS,True,FC Dallas,Chicago Fire FC,4,1,,,False,,False,Cotton Bowl,144009,
2004-08-29,2004,MLS,True,Red Bull New York,Columbus Crew,1,1,,,False,,False,Giants Stadium,144011,
2004-09-01,2004,MLS,True,Chicago Fire FC,Sporting Kansas City,3,1,,,False,,False,,161567,
2004-09-04,2004,MLS,True,New England Revolution,San Jose Earthquakes,0,1,,,False,,False,Gillette Stadium,144016,
2004-09-04,2004,MLS,True,Colorado Rapids,FC Dallas,2,1,,,False,,False,Empower Field at Mile High,144015,
2004-09-04,2004,MLS,True,Columbus Crew,LA Galaxy,3,1,,,False,,False,Historic Crew Stadium,144013,
2004-09-04,2004,MLS,True,Sporting Kansas City,Red Bull New York,1,0,,,False,,False,Arrowhead Stadium,144014,
2004-09-04,2004,MLS,True,Chicago Fire FC,D.C. United,3,1,,,False,,False,Soldier Field,144012,
2004-09-08,2004,MLS,True,San Jose Earthquakes,Columbus Crew,0,1,,,False,,False,Spartan Stadium,144017,
2004-09-10,2004,MLS,True,Colorado Rapids,Sporting Kansas City,3,1,,,False,,False,Empower Field at Mile High,144020,
2004-09-11,2004,MLS,True,D.C. United,FC Dallas,3,0,,,False,,False,RFK Stadium,144019,
2004-09-11,2004,MLS,True,Red Bull New York,New England Revolution,3,2,,,False,,False,Giants Stadium,144018,
2004-09-11,2004,MLS,True,LA Galaxy,San Jose Earthquakes,2,1,,,False,,False,Dignity Health Sports Park,144021,
2004-09-18,2004,MLS,True,Columbus Crew,Red Bull New York,4,2,,,False,,False,Historic Crew Stadium,144025,
2004-09-18,2004,MLS,True,D.C. United,Chicago Fire FC,3,1,,,False,,False,RFK Stadium,144023,
2004-09-18,2004,MLS,True,FC Dallas,LA Galaxy,2,0,,,False,,False,Cotton Bowl,144026,
2004-09-18,2004,MLS,True,New England Revolution,Colorado Rapids,6,1,,,False,,False,Gillette Stadium,144024,
2004-09-18,2004,MLS,True,Sporting Kansas City,San Jose Earthquakes,1,0,,,False,,False,Arrowhead Stadium,144027,
2004-09-25,2004,MLS,True,San Jose Earthquakes,LA Galaxy,0,0,,,False,,False,Spartan Stadium,144032,
2004-09-25,2004,MLS,True,Columbus Crew,D.C. United,1,0,,,False,,False,Historic Crew Stadium,144028,
2004-09-25,2004,MLS,True,FC Dallas,Red Bull New York,0,2,,,False,,False,Cotton Bowl,144030,
2004-09-25,2004,MLS,True,Sporting Kansas City,Colorado Rapids,1,0,,,False,,False,Arrowhead Stadium,144029,
2004-09-25,2004,MLS,True,Chicago Fire FC,New England Revolution,2,0,,,False,,False,Soldier Field,144031,
2004-10-02,2004,MLS,True,Colorado Rapids,San Jose Earthquakes,1,1,,,False,,False,Empower Field at Mile High,144036,
2004-10-02,2004,MLS,True,LA Galaxy,Sporting Kansas City,1,1,,,False,,False,Dignity Health Sports Park,144037,
2004-10-02,2004,MLS,True,Columbus Crew,Chicago Fire FC,3,3,,,False,,False,Historic Crew Stadium,144033,
2004-10-02,2004,MLS,True,New England Revolution,FC Dallas,2,0,,,False,,False,Gillette Stadium,144035,
2004-10-02,2004,MLS,True,Red Bull New York,D.C. United,0,1,,,False,,False,Giants Stadium,144034,
2004-10-06,2004,MLS,True,Chicago Fire FC,Columbus Crew,0,1,,,False,,False,Soldier Field,161725,
2004-10-09,2004,MLS,True,LA Galaxy,FC Dallas,2,0,,,False,,False,Dignity Health Sports Park,144041,
2004-10-09,2004,MLS,True,San Jose Earthquakes,Sporting Kansas City,0,0,,,False,,False,Spartan Stadium,144042,
2004-10-09,2004,MLS,True,D.C. United,New England Revolution,1,0,,,False,,False,RFK Stadium,144039,
2004-10-09,2004,MLS,True,Red Bull New York,Columbus Crew,1,1,,,False,,False,Giants Stadium,144038,
2004-10-16,2004,MLS,True,Colorado Rapids,Columbus Crew,1,1,,,False,,False,Empower Field at Mile High,144046,
2004-10-16,2004,MLS,True,FC Dallas,San Jose Earthquakes,2,2,,,False,,False,Cotton Bowl,144045,
2004-10-16,2004,MLS,True,New England Revolution,Chicago Fire FC,2,1,,,False,,False,Gillette Stadium,144043,
2004-10-16,2004,MLS,True,Sporting Kansas City,LA Galaxy,1,0,,,False,,False,Arrowhead Stadium,144044,
2004-10-17,2004,MLS,True,D.C. United,Red Bull New York,3,2,,,False,,False,RFK Stadium,144047,
2004-10-22,2004,MLS,True,Colorado Rapids,LA Galaxy,1,0,,,False,,False,Empower Field at Mile High,167858,
2004-10-23,2004,MLS,True,New England Revolution,Columbus Crew,1,0,,,False,,False,Gillette Stadium,167852,
2004-10-23,2004,MLS,True,Red Bull New York,D.C. United,0,2,,,False,,False,Giants Stadium,167854,
2004-10-24,2004,MLS,True,San Jose Earthquakes,Sporting Kansas City,2,0,,,False,,False,Spartan Stadium,167856,
2004-10-30,2004,MLS,True,D.C. United,Red Bull New York,2,0,,,False,,False,RFK Stadium,167855,
2004-10-30,2004,MLS,True,LA Galaxy,Colorado Rapids,2,0,,,False,,False,Dignity Health Sports Park,167859,
2004-10-30,2004,MLS,True,Sporting Kansas City,San Jose Earthquakes,3,0,,,False,,False,Arrowhead Stadium,167857,
2004-10-31,2004,MLS,True,Columbus Crew,New England Revolution,1,1,,,False,,False,Historic Crew Stadium,167853,
2004-11-05,2004,MLS,True,Sporting Kansas City,LA Galaxy,2,0,,,False,,False,Arrowhead Stadium,168949,
2004-11-06,2004,MLS,True,D.C. United,New England Revolution,3,3,,,True,,False,RFK Stadium,168950,
2004-11-14,2004,MLS,True,Sporting Kansas City,D.C. United,2,3,,,False,,False,Dignity Health Sports Park,168975,
2005-04-02,2005,MLS,True,Chivas USA,D.C. United,0,2,,,False,,False,Dignity Health Sports Park,181744,
2005-04-02,2005,MLS,True,Red Bull New York,Real Salt Lake,0,0,,,False,,False,Giants Stadium,181632,
2005-04-02,2005,MLS,True,San Jose Earthquakes,New England Revolution,2,2,,,False,,False,Spartan Stadium,181636,
2005-04-02,2005,MLS,True,Sporting Kansas City,Colorado Rapids,3,2,,,False,,False,Arrowhead Stadium,181634,
2005-04-02,2005,MLS,True,Columbus Crew,LA Galaxy,3,0,,,False,,False,Historic Crew Stadium,181633,
2005-04-02,2005,MLS,True,FC Dallas,Chicago Fire FC,2,1,,,False,,False,Cotton Bowl,181635,
2005-04-09,2005,MLS,True,San Jose Earthquakes,Chivas USA,3,3,,,False,,False,Spartan Stadium,181745,
2005-04-09,2005,MLS,True,Colorado Rapids,FC Dallas,0,0,,,False,,False,Empower Field at Mile High,181639,
2005-04-09,2005,MLS,True,LA Galaxy,Real Salt Lake,3,1,,,False,,False,Dignity Health Sports Park,181640,
2005-04-09,2005,MLS,True,D.C. United,Chicago Fire FC,1,1,,,False,,False,RFK Stadium,181638,
2005-04-09,2005,MLS,True,New England Revolution,Columbus Crew,3,0,,,False,,False,Gillette Stadium,181637,
2005-04-15,2005,MLS,True,Columbus Crew,D.C. United,1,0,,,False,,False,Historic Crew Stadium,181641,
2005-04-16,2005,MLS,True,Real Salt Lake,Colorado Rapids,1,0,,,False,,False,Rice-Eccles Stadium,181642,
2005-04-16,2005,MLS,True,Chivas USA,FC Dallas,1,3,,,False,,False,Dignity Health Sports Park,181746,
2005-04-16,2005,MLS,True,Chicago Fire FC,San Jose Earthquakes,2,1,,,False,,False,Soldier Field,181644,
2005-04-16,2005,MLS,True,Red Bull New York,Sporting Kansas City,2,2,,,False,,False,Giants Stadium,181643,
2005-04-22,2005,MLS,True,Red Bull New York,Chicago Fire FC,0,1,,,False,,False,Giants Stadium,181645,
2005-04-23,2005,MLS,True,Colorado Rapids,Columbus Crew,2,0,,,False,,False,Empower Field at Mile High,181648,
2005-04-23,2005,MLS,True,FC Dallas,Real Salt Lake,3,0,,,False,,False,Cotton Bowl,181647,
2005-04-23,2005,MLS,True,LA Galaxy,Chivas USA,3,1,,,False,,False,Dignity Health Sports Park,181747,
2005-04-23,2005,MLS,True,San Jose Earthquakes,Sporting Kansas City,3,2,,,False,,False,Spartan Stadium,181649,
2005-04-23,2005,MLS,True,D.C. United,New England Revolution,3,4,,,False,,False,RFK Stadium,181646,
2005-04-27,2005,MLS,True,Chicago Fire FC,New England Revolution,0,3,,,False,,False,Soldier Field,181650,
2005-04-30,2005,MLS,True,Sporting Kansas City,D.C. United,0,0,,,False,,False,Arrowhead Stadium,181651,
2005-04-30,2005,MLS,True,Colorado Rapids,Red Bull New York,1,3,,,False,,False,Empower Field at Mile High,181653,
2005-04-30,2005,MLS,True,LA Galaxy,FC Dallas,2,0,,,False,,False,Dignity Health Sports Park,181655,
2005-04-30,2005,MLS,True,Columbus Crew,Chicago Fire FC,0,2,,,False,,False,Historic Crew Stadium,181652,
2005-04-30,2005,MLS,True,New England Revolution,Chivas USA,1,0,,,False,,False,Gillette Stadium,181748,
2005-04-30,2005,MLS,True,Real Salt Lake,San Jose Earthquakes,2,2,,,False,,False,Rice-Eccles Stadium,181654,
2005-05-07,2005,MLS,True,Red Bull New York,San Jose Earthquakes,0,1,,,False,,False,Giants Stadium,181656,
2005-05-07,2005,MLS,True,Chivas USA,Real Salt Lake,1,0,,,False,,False,Dignity Health Sports Park,181749,
2005-05-07,2005,MLS,True,Sporting Kansas City,FC Dallas,3,3,,,False,,False,Arrowhead Stadium,181659,
2005-05-07,2005,MLS,True,D.C. United,Columbus Crew,3,1,,,False,,False,RFK Stadium,181658,
2005-05-07,2005,MLS,True,New England Revolution,Chicago Fire FC,2,0,,,False,,False,Gillette Stadium,181657,
2005-05-08,2005,MLS,True,LA Galaxy,Colorado Rapids,3,2,,,False,,False,Dignity Health Sports Park,181660,
2005-05-14,2005,MLS,True,New England Revolution,D.C. United,1,0,,,False,,False,Gillette Stadium,181661,
2005-05-14,2005,MLS,True,Colorado Rapids,Chivas USA,2,1,,,False,,False,Empower Field at Mile High,181750,
2005-05-14,2005,MLS,True,San Jose Earthquakes,FC Dallas,0,0,,,False,,False,Spartan Stadium,181665,
2005-05-14,2005,MLS,True,Chicago Fire FC,Red Bull New York,0,3,,,False,,False,Soldier Field,181663,
2005-05-14,2005,MLS,True,Columbus Crew,Sporting Kansas City,0,4,,,False,,False,Historic Crew Stadium,181662,
2005-05-14,2005,MLS,True,Real Salt Lake,LA Galaxy,2,1,,,False,,False,Rice-Eccles Stadium,181664,
2005-05-18,2005,MLS,True,FC Dallas,Colorado Rapids,2,1,,,False,,False,Cotton Bowl,181666,
2005-05-18,2005,MLS,True,Real Salt Lake,Chivas USA,2,0,,,False,,False,Rice-Eccles Stadium,181751,
2005-05-21,2005,MLS,True,Red Bull New York,New England Revolution,2,2,,,False,,False,Giants Stadium,181667,
2005-05-21,2005,MLS,True,LA Galaxy,San Jose Earthquakes,2,1,,,False,,False,Dignity Health Sports Park,181671,
2005-05-21,2005,MLS,True,Chicago Fire FC,Colorado Rapids,2,1,,,False,,False,Soldier Field,181670,
2005-05-21,2005,MLS,True,Columbus Crew,Real Salt Lake,2,0,,,False,,False,Historic Crew Stadium,181669,
2005-05-21,2005,MLS,True,D.C. United,Sporting Kansas City,3,2,,,False,,False,RFK Stadium,181668,
2005-05-22,2005,MLS,True,Chivas USA,FC Dallas,2,5,,,False,,False,Dignity Health Sports Park,181752,
2005-05-25,2005,MLS,True,Sporting Kansas City,Red Bull New York,1,0,,,False,,False,Arrowhead Stadium,181672,
2005-05-25,2005,MLS,True,Colorado Rapids,San Jose Earthquakes,0,1,,,False,,False,Empower Field at Mile High,181673,
2005-05-25,2005,MLS,True,LA Galaxy,Columbus Crew,0,0,,,False,,False,Dignity Health Sports Park,181674,
2005-05-28,2005,MLS,True,Chivas USA,LA Galaxy,0,2,,,False,,False,Dignity Health Sports Park,181753,
2005-05-28,2005,MLS,True,Sporting Kansas City,San Jose Earthquakes,1,0,,,False,,False,Arrowhead Stadium,181678,
2005-05-28,2005,MLS,True,Columbus Crew,Red Bull New York,0,3,,,False,,False,Historic Crew Stadium,181677,
2005-05-28,2005,MLS,True,D.C. United,FC Dallas,0,2,,,False,,False,RFK Stadium,181676,
2005-05-28,2005,MLS,True,New England Revolution,Colorado Rapids,0,0,,,False,,False,Gillette Stadium,181675,
2005-05-28,2005,MLS,True,Real Salt Lake,Chicago Fire FC,0,3,,,False,,False,Rice-Eccles Stadium,181679,
2005-05-31,2005,MLS,True,Red Bull New York,Chicago Fire FC,2,1,,,False,,False,Giants Stadium,181680,
2005-06-01,2005,MLS,True,Chivas USA,Sporting Kansas City,1,1,,,False,,False,Dignity Health Sports Park,181754,
2005-06-04,2005,MLS,True,Chicago Fire FC,Chivas USA,5,2,,,False,,False,Soldier Field,181755,
2005-06-04,2005,MLS,True,LA Galaxy,Red Bull New York,2,2,,,False,,False,Dignity Health Sports Park,181683,
2005-06-04,2005,MLS,True,New England Revolution,Sporting Kansas City,1,1,,,False,,False,Gillette Stadium,181682,
2005-06-04,2005,MLS,True,San Jose Earthquakes,D.C. United,0,0,,,False,,False,Spartan Stadium,181684,
2005-06-04,2005,MLS,True,Real Salt Lake,FC Dallas,0,2,,,False,,False,Rice-Eccles Stadium,181681,
2005-06-11,2005,MLS,True,Columbus Crew,Colorado Rapids,1,0,,,False,,False,Historic Crew Stadium,181685,
2005-06-11,2005,MLS,True,LA Galaxy,Real Salt Lake,1,0,,,False,,False,Dignity Health Sports Park,181687,
2005-06-11,2005,MLS,True,Sporting Kansas City,New England Revolution,0,2,,,False,,False,Arrowhead Stadium,181686,
2005-06-12,2005,MLS,True,Chivas USA,San Jose Earthquakes,1,1,,,False,,False,Dignity Health Sports Park,181756,
2005-06-12,2005,MLS,True,Chicago Fire FC,FC Dallas,2,0,,,False,,False,Soldier Field,181689,
2005-06-12,2005,MLS,True,Red Bull New York,D.C. United,0,0,,,False,,False,Giants Stadium,181688,
2005-06-15,2005,MLS,True,Colorado Rapids,LA Galaxy,1,0,,,False,,False,Empower Field at Mile High,181691,
2005-06-15,2005,MLS,True,D.C. United,Chicago Fire FC,4,3,,,False,,False,RFK Stadium,181690,
2005-06-18,2005,MLS,True,Chicago Fire FC,Sporting Kansas City,1,1,,,False,,False,Soldier Field,181692,
2005-06-18,2005,MLS,True,Chivas USA,Colorado Rapids,1,3,,,False,,False,Dignity Health Sports Park,181757,
2005-06-18,2005,MLS,True,San Jose Earthquakes,Real Salt Lake,3,0,,,False,,False,Spartan Stadium,181696,
2005-06-18,2005,MLS,True,D.C. United,New England Revolution,2,0,,,False,,False,RFK Stadium,181694,
2005-06-18,2005,MLS,True,FC Dallas,LA Galaxy,1,0,,,False,,False,Cotton Bowl,181695,
2005-06-18,2005,MLS,True,Red Bull New York,Columbus Crew,3,2,,,False,,False,Giants Stadium,181693,
2005-06-22,2005,MLS,True,Columbus Crew,New England Revolution,1,3,,,False,,False,Historic Crew Stadium,181697,
2005-06-22,2005,MLS,True,FC Dallas,Chivas USA,2,1,,,False,,False,Cotton Bowl,181758,
2005-06-22,2005,MLS,True,Real Salt Lake,LA Galaxy,1,1,,,False,,False,Rice-Eccles Stadium,181698,
2005-06-25,2005,MLS,True,Colorado Rapids,FC Dallas,1,3,,,False,,False,Empower Field at Mile High,181700,
2005-06-25,2005,MLS,True,San Jose Earthquakes,LA Galaxy,3,0,,,False,,False,Spartan Stadium,181701,
2005-06-25,2005,MLS,True,Sporting Kansas City,Chivas USA,3,0,,,False,,False,Arrowhead Stadium,181759,
2005-06-25,2005,MLS,True,New England Revolution,Red Bull New York,4,2,,,False,,False,Gillette Stadium,181699,
2005-06-26,2005,MLS,True,Chicago Fire FC,Real Salt Lake,3,1,,,False,,False,Soldier Field,181702,
2005-06-29,2005,MLS,True,Sporting Kansas City,Columbus Crew,1,1,,,False,,False,Arrowhead Stadium,181703,
2005-06-29,2005,MLS,True,Chicago Fire FC,D.C. United,4,3,,,False,,False,Soldier Field,183856,
2005-06-29,2005,MLS,True,San Jose Earthquakes,Colorado Rapids,1,0,,,False,,False,Spartan Stadium,181704,
2005-07-02,2005,MLS,True,Chivas USA,Chicago Fire FC,0,1,,,False,,False,Dignity Health Sports Park,181760,
2005-07-02,2005,MLS,True,Columbus Crew,D.C. United,0,1,,,False,,False,Historic Crew Stadium,181705,
2005-07-02,2005,MLS,True,FC Dallas,San Jose Earthquakes,2,2,,,False,,False,Cotton Bowl,181706,
2005-07-04,2005,MLS,True,LA Galaxy,New England Revolution,1,1,,,False,,False,Dignity Health Sports Park,181709,
2005-07-04,2005,MLS,True,Colorado Rapids,Sporting Kansas City,2,1,,,False,,False,Empower Field at Mile High,181708,
2005-07-04,2005,MLS,True,Real Salt Lake,Red Bull New York,2,2,,,False,,False,Rice-Eccles Stadium,181707,
2005-07-09,2005,MLS,True,D.C. United,Sporting Kansas City,0,1,,,False,,False,RFK Stadium,181710,
2005-07-09,2005,MLS,True,Chivas USA,Real Salt Lake,5,1,,,False,,False,Dignity Health Sports Park,181761,
2005-07-09,2005,MLS,True,Chicago Fire FC,New England Revolution,1,0,,,False,,False,Soldier Field,181713,
2005-07-09,2005,MLS,True,Columbus Crew,San Jose Earthquakes,1,2,,,False,,False,Historic Crew Stadium,181712,
2005-07-09,2005,MLS,True,Red Bull New York,LA Galaxy,2,1,,,False,,False,Giants Stadium,181711,
2005-07-15,2005,MLS,True,D.C. United,San Jose Earthquakes,3,0,,,False,,False,RFK Stadium,181714,
2005-07-16,2005,MLS,True,Chicago Fire FC,Columbus Crew,1,1,,,False,,False,Soldier Field,181715,
2005-07-16,2005,MLS,True,LA Galaxy,Chivas USA,2,0,,,False,,False,Dignity Health Sports Park,181762,
2005-07-16,2005,MLS,True,New England Revolution,FC Dallas,3,2,,,False,,False,Gillette Stadium,181717,
2005-07-16,2005,MLS,True,Sporting Kansas City,Real Salt Lake,3,2,,,False,,False,Arrowhead Stadium,181718,
2005-07-16,2005,MLS,True,Red Bull New York,Colorado Rapids,1,1,,,False,,False,Giants Stadium,181716,
2005-07-20,2005,MLS,True,Sporting Kansas City,D.C. United,1,1,,,False,,False,Arrowhead Stadium,181720,
2005-07-20,2005,MLS,True,Colorado Rapids,San Jose Earthquakes,1,2,,,False,,False,Empower Field at Mile High,181721,
2005-07-20,2005,MLS,True,Columbus Crew,Red Bull New York,1,0,,,False,,False,Historic Crew Stadium,181719,
2005-07-22,2005,MLS,True,Chivas USA,New England Revolution,1,0,,,False,,False,Dignity Health Sports Park,181763,
2005-07-23,2005,MLS,True,LA Galaxy,D.C. United,0,1,,,False,,False,Dignity Health Sports Park,181722,
2005-07-23,2005,MLS,True,Colorado Rapids,Chicago Fire FC,4,1,,,False,,False,Empower Field at Mile High,181724,
2005-07-23,2005,MLS,True,San Jose Earthquakes,Red Bull New York,2,1,,,False,,False,Spartan Stadium,181726,
2005-07-23,2005,MLS,True,Columbus Crew,Sporting Kansas City,2,0,,,False,,False,Historic Crew Stadium,181723,
2005-07-23,2005,MLS,True,Real Salt Lake,FC Dallas,3,0,,,False,,False,Rice-Eccles Stadium,181725,
2005-07-27,2005,MLS,True,New England Revolution,LA Galaxy,1,1,,,False,,False,Gillette Stadium,181728,
2005-07-27,2005,MLS,True,Red Bull New York,FC Dallas,3,2,,,False,,False,Giants Stadium,181727,
2005-08-06,2005,MLS,True,Real Salt Lake,Chivas USA,2,1,,,False,,False,Rice-Eccles Stadium,181764,
2005-08-06,2005,MLS,True,Colorado Rapids,LA Galaxy,2,0,,,False,,False,Empower Field at Mile High,181733,
2005-08-06,2005,MLS,True,San Jose Earthquakes,Columbus Crew,2,1,,,False,,False,Spartan Stadium,181734,
2005-08-06,2005,MLS,True,Chicago Fire FC,D.C. United,2,3,,,False,,False,Soldier Field,181731,
2005-08-06,2005,MLS,True,FC Dallas,Red Bull New York,2,2,,,False,,False,Frisco Sports & Entertainment Center,181732,
2005-08-06,2005,MLS,True,New England Revolution,Sporting Kansas City,1,2,,,False,,False,Gillette Stadium,181730,
2005-08-10,2005,MLS,True,Chivas USA,LA Galaxy,0,1,,,False,,False,Los Angeles Memorial Coliseum,187481,
2005-08-10,2005,MLS,True,Chicago Fire FC,Sporting Kansas City,2,3,,,False,,False,Soldier Field,181737,
2005-08-10,2005,MLS,True,D.C. United,Red Bull New York,3,0,,,False,,False,RFK Stadium,181736,
2005-08-10,2005,MLS,True,New England Revolution,Real Salt Lake,4,1,,,False,,False,Gillette Stadium,181735,
2005-08-13,2005,MLS,True,D.C. United,Chivas USA,3,0,,,False,,False,RFK Stadium,181765,
2005-08-13,2005,MLS,True,San Jose Earthquakes,Colorado Rapids,1,1,,,False,,False,Spartan Stadium,181741,
2005-08-13,2005,MLS,True,Chicago Fire FC,LA Galaxy,2,1,,,False,,False,Soldier Field,181738,
2005-08-13,2005,MLS,True,FC Dallas,New England Revolution,1,2,,,False,,False,Pizza Hut Park,181739,
2005-08-13,2005,MLS,True,Real Salt Lake,Sporting Kansas City,2,4,,,False,,False,Rice-Eccles Stadium,181740,
2005-08-14,2005,MLS,True,Red Bull New York,Columbus Crew,2,1,,,False,,False,Giants Stadium,181742,
2005-08-17,2005,MLS,True,Colorado Rapids,New England Revolution,2,0,,,False,,False,Empower Field at Mile High,183857,
2005-08-19,2005,MLS,True,Sporting Kansas City,Chicago Fire FC,3,0,,,False,,False,Arrowhead Stadium,181743,
2005-08-20,2005,MLS,True,Columbus Crew,FC Dallas,1,0,,,False,,False,Historic Crew Stadium,181766,
2005-08-20,2005,MLS,True,D.C. United,LA Galaxy,2,3,,,False,,False,RFK Stadium,181767,
2005-08-20,2005,MLS,True,Real Salt Lake,San Jose Earthquakes,0,1,,,False,,False,Rice-Eccles Stadium,181769,
2005-08-21,2005,MLS,True,Red Bull New York,Chivas USA,3,3,,,False,,False,Giants Stadium,181770,
2005-08-26,2005,MLS,True,Sporting Kansas City,Columbus Crew,0,1,,,False,,False,Arrowhead Stadium,181771,
2005-08-27,2005,MLS,True,FC Dallas,Chivas USA,2,2,,,False,,False,Pizza Hut Park,181775,
2005-08-27,2005,MLS,True,New England Revolution,D.C. United,2,1,,,False,,False,Gillette Stadium,181774,
2005-08-27,2005,MLS,True,San Jose Earthquakes,LA Galaxy,2,1,,,False,,False,Spartan Stadium,181773,
2005-08-31,2005,MLS,True,D.C. United,Real Salt Lake,5,1,,,False,,False,RFK Stadium,184058,
2005-09-03,2005,MLS,True,Chivas USA,Columbus Crew,0,3,,,False,,False,Dignity Health Sports Park,181781,
2005-09-03,2005,MLS,True,Colorado Rapids,D.C. United,1,0,,,False,,False,Empower Field at Mile High,181780,
2005-09-03,2005,MLS,True,FC Dallas,San Jose Earthquakes,0,2,,,False,,False,Pizza Hut Park,181779,
2005-09-03,2005,MLS,True,Real Salt Lake,New England Revolution,0,1,,,False,,False,Rice-Eccles Stadium,181777,
2005-09-03,2005,MLS,True,Red Bull New York,Sporting Kansas City,2,2,,,False,,False,Giants Stadium,181778,
2005-09-04,2005,MLS,True,LA Galaxy,Chicago Fire FC,1,2,,,False,,False,Dignity Health Sports Park,181782,
2005-09-10,2005,MLS,True,LA Galaxy,Colorado Rapids,4,1,,,False,,False,Dignity Health Sports Park,181786,
2005-09-10,2005,MLS,True,San Jose Earthquakes,Chivas USA,3,0,,,False,,False,Spartan Stadium,181787,
2005-09-10,2005,MLS,True,Sporting Kansas City,Red Bull New York,0,1,,,False,,False,Arrowhead Stadium,181784,
2005-09-10,2005,MLS,True,FC Dallas,D.C. United,1,2,,,False,,False,Pizza Hut Park,181785,
2005-09-10,2005,MLS,True,New England Revolution,Columbus Crew,3,1,,,False,,False,Gillette Stadium,181783,
2005-09-17,2005,MLS,True,Chivas USA,San Jose Earthquakes,1,2,,,False,,False,Dignity Health Sports Park,181792,
2005-09-17,2005,MLS,True,Sporting Kansas City,LA Galaxy,2,2,,,False,,False,Arrowhead Stadium,181791,
2005-09-17,2005,MLS,True,Columbus Crew,Chicago Fire FC,1,2,,,False,,False,Historic Crew Stadium,181790,
2005-09-17,2005,MLS,True,D.C. United,Colorado Rapids,2,0,,,False,,False,RFK Stadium,181789,
2005-09-17,2005,MLS,True,Red Bull New York,New England Revolution,5,4,,,False,,False,Giants Stadium,181788,
2005-09-18,2005,MLS,True,FC Dallas,Real Salt Lake,2,1,,,False,,False,Pizza Hut Park,181793,
2005-09-21,2005,MLS,True,Colorado Rapids,Real Salt Lake,2,0,,,False,,False,Empower Field at Mile High,183858,
2005-09-21,2005,MLS,True,Columbus Crew,New England Revolution,1,1,,,False,,False,Historic Crew Stadium,181794,
2005-09-21,2005,MLS,True,FC Dallas,LA Galaxy,4,1,,,False,,False,Pizza Hut Park,181795,
2005-09-21,2005,MLS,True,San Jose Earthquakes,Chicago Fire FC,2,0,,,False,,False,Spartan Stadium,181796,
2005-09-24,2005,MLS,True,Chivas USA,Colorado Rapids,1,3,,,False,,False,Dignity Health Sports Park,181801,
2005-09-24,2005,MLS,True,San Jose Earthquakes,FC Dallas,1,1,,,False,,False,Spartan Stadium,181800,
2005-09-24,2005,MLS,True,New England Revolution,Red Bull New York,1,0,,,False,,False,Gillette Stadium,181797,
2005-09-24,2005,MLS,True,Real Salt Lake,Columbus Crew,1,2,,,False,,False,Rice-Eccles Stadium,181799,
2005-09-25,2005,MLS,True,LA Galaxy,Sporting Kansas City,2,1,,,False,,False,Dignity Health Sports Park,181802,
2005-10-01,2005,MLS,True,Colorado Rapids,Real Salt Lake,2,1,,,False,,False,Empower Field at Mile High,181807,
2005-10-01,2005,MLS,True,LA Galaxy,FC Dallas,2,1,,,False,,False,Dignity Health Sports Park,181808,
2005-10-01,2005,MLS,True,Sporting Kansas City,Chicago Fire FC,0,1,,,False,,False,Arrowhead Stadium,181806,
2005-10-01,2005,MLS,True,Columbus Crew,Chivas USA,0,1,,,False,,False,Historic Crew Stadium,181805,
2005-10-01,2005,MLS,True,New England Revolution,San Jose Earthquakes,0,2,,,False,,False,Gillette Stadium,181804,
2005-10-01,2005,MLS,True,Red Bull New York,D.C. United,1,4,,,False,,False,Giants Stadium,181803,
2005-10-05,2005,MLS,True,Chicago Fire FC,Red Bull New York,2,2,,,False,,False,Soldier Field,183796,
2005-10-05,2005,MLS,True,Colorado Rapids,Chivas USA,1,1,,,False,,False,Empower Field at Mile High,181810,
2005-10-05,2005,MLS,True,FC Dallas,Columbus Crew,2,1,,,False,,False,Pizza Hut Park,181809,
2005-10-05,2005,MLS,True,Real Salt Lake,D.C. United,1,3,,,False,,False,Rice-Eccles Stadium,181811,
2005-10-08,2005,MLS,True,San Jose Earthquakes,Real Salt Lake,2,2,,,False,,False,Spartan Stadium,181816,
2005-10-08,2005,MLS,True,Sporting Kansas City,New England Revolution,2,2,,,False,,False,Arrowhead Stadium,181813,
2005-10-08,2005,MLS,True,Chicago Fire FC,Columbus Crew,1,2,,,False,,False,Soldier Field,181814,
2005-10-08,2005,MLS,True,D.C. United,Red Bull New York,1,2,,,False,,False,RFK Stadium,181812,
2005-10-08,2005,MLS,True,FC Dallas,Colorado Rapids,0,0,,,False,,False,Pizza Hut Park,181815,
2005-10-12,2005,MLS,True,Real Salt Lake,Colorado Rapids,0,1,,,False,,False,Rice-Eccles Stadium,181818,
2005-10-15,2005,MLS,True,LA Galaxy,San Jose Earthquakes,1,3,,,False,,False,Dignity Health Sports Park,181822,
2005-10-15,2005,MLS,True,D.C. United,Columbus Crew,2,2,,,False,,False,RFK Stadium,181820,
2005-10-15,2005,MLS,True,FC Dallas,Sporting Kansas City,2,2,,,False,,False,Pizza Hut Park,181821,
2005-10-15,2005,MLS,True,New England Revolution,Chicago Fire FC,1,0,,,False,,False,Gillette Stadium,181819,
2005-10-16,2005,MLS,True,Chivas USA,Red Bull New York,0,2,,,False,,False,Dignity Health Sports Park,181823,
2005-10-21,2005,MLS,True,Chicago Fire FC,D.C. United,0,0,,,False,,False,Soldier Field,190184,
2005-10-22,2005,MLS,True,Colorado Rapids,FC Dallas,0,0,,,False,,False,Empower Field at Mile High,190186,
2005-10-22,2005,MLS,True,Red Bull New York,New England Revolution,1,0,,,False,,False,Giants Stadium,190185,
2005-10-23,2005,MLS,True,LA Galaxy,San Jose Earthquakes,3,1,,,False,,False,Dignity Health Sports Park,190187,
2005-10-28,2005,MLS,True,Real Salt Lake,Chivas USA,1,0,,,False,,False,,190269,
2005-10-29,2005,MLS,True,San Jose Earthquakes,LA Galaxy,1,1,,,False,,False,Spartan Stadium,190190,
2005-10-29,2005,MLS,True,FC Dallas,Colorado Rapids,2,2,,,True,,False,Pizza Hut Park,190189,
2005-10-29,2005,MLS,True,New England Revolution,Red Bull New York,3,1,,,False,,False,Gillette Stadium,190188,
2005-10-30,2005,MLS,True,D.C. United,Chicago Fire FC,0,4,,,False,,False,RFK Stadium,190191,
2005-11-05,2005,MLS,True,Colorado Rapids,LA Galaxy,0,2,,,False,,False,Empower Field at Mile High,190270,
2005-11-06,2005,MLS,True,New England Revolution,Chicago Fire FC,1,0,,,False,,False,Gillette Stadium,190271,
2005-11-13,2005,MLS,True,New England Revolution,LA Galaxy,0,1,,,False,,False,Pizza Hut Park,190418,
2006-04-01,2006,MLS,True,FC Dallas,Chicago Fire FC,3,2,,,False,,False,Pizza Hut Park,195741,
2006-04-01,2006,MLS,True,Sporting Kansas City,Columbus Crew,3,1,,,False,,False,Arrowhead Stadium,195742,
2006-04-01,2006,MLS,True,LA Galaxy,New England Revolution,0,1,,,False,,False,Dignity Health Sports Park,195743,
2006-04-02,2006,MLS,True,Chivas USA,Real Salt Lake,3,0,,,False,,False,Dignity Health Sports Park,195746,
2006-04-02,2006,MLS,True,D.C. United,Red Bull New York,2,2,,,False,,False,RFK Stadium,195745,
2006-04-02,2006,MLS,True,Houston Dynamo FC,Colorado Rapids,5,2,,,False,,False,Robertson Stadium,195744,
2006-04-08,2006,MLS,True,D.C. United,Chivas USA,2,0,,,False,,False,RFK Stadium,195748,
2006-04-08,2006,MLS,True,Colorado Rapids,Columbus Crew,3,1,,,False,,False,Empower Field at Mile High,195749,
2006-04-08,2006,MLS,True,FC Dallas,Real Salt Lake,2,1,,,False,,False,Pizza Hut Park,195752,
2006-04-08,2006,MLS,True,Houston Dynamo FC,Sporting Kansas City,1,2,,,False,,False,Robertson Stadium,195750,
2006-04-08,2006,MLS,True,LA Galaxy,Chicago Fire FC,1,1,,,False,,False,Dignity Health Sports Park,195747,
2006-04-08,2006,MLS,True,Red Bull New York,New England Revolution,0,0,,,False,,False,Giants Stadium,195751,
2006-04-15,2006,MLS,True,Columbus Crew,Chicago Fire FC,1,1,,,False,,False,Historic Crew Stadium,195753,
2006-04-15,2006,MLS,True,Colorado Rapids,FC Dallas,2,2,,,False,,False,Empower Field at Mile High,195754,
2006-04-15,2006,MLS,True,Real Salt Lake,Red Bull New York,1,1,,,False,,False,Rice-Eccles Stadium,195757,
2006-04-15,2006,MLS,True,D.C. United,Houston Dynamo FC,2,0,,,False,,False,RFK Stadium,195758,
2006-04-15,2006,MLS,True,Sporting Kansas City,New England Revolution,1,0,,,False,,False,Arrowhead Stadium,195756,
2006-04-15,2006,MLS,True,Chivas USA,LA Galaxy,1,2,,,False,,False,Dignity Health Sports Park,195755,
2006-04-22,2006,MLS,True,Red Bull New York,D.C. United,1,4,,,False,,False,Giants Stadium,195760,
2006-04-22,2006,MLS,True,Houston Dynamo FC,Real Salt Lake,2,1,,,False,,False,Robertson Stadium,195761,
2006-04-22,2006,MLS,True,LA Galaxy,Columbus Crew,0,1,,,False,,False,Dignity Health Sports Park,195759,
2006-04-23,2006,MLS,True,FC Dallas,Sporting Kansas City,2,1,,,False,,False,Pizza Hut Park,195762,
2006-04-29,2006,MLS,True,Real Salt Lake,LA Galaxy,2,3,,,False,,False,Rice-Eccles Stadium,195766,
2006-04-29,2006,MLS,True,Chivas USA,Red Bull New York,0,0,,,False,,False,Dignity Health Sports Park,195767,
2006-04-29,2006,MLS,True,Colorado Rapids,Houston Dynamo FC,0,1,,,False,,False,Empower Field at Mile High,195764,
2006-04-29,2006,MLS,True,Columbus Crew,Sporting Kansas City,0,1,,,False,,False,Historic Crew Stadium,195765,
2006-04-29,2006,MLS,True,D.C. United,FC Dallas,1,1,,,False,,False,RFK Stadium,195763,
2006-04-30,2006,MLS,True,New England Revolution,Chicago Fire FC,1,2,,,False,,False,Gillette Stadium,195768,
2006-05-06,2006,MLS,True,New England Revolution,LA Galaxy,4,0,,,False,,False,Gillette Stadium,195773,
2006-05-06,2006,MLS,True,Colorado Rapids,D.C. United,2,1,,,False,,False,Empower Field at Mile High,195771,
2006-05-06,2006,MLS,True,Real Salt Lake,Columbus Crew,0,1,,,False,,False,Rice-Eccles Stadium,195770,
2006-05-06,2006,MLS,True,Houston Dynamo FC,FC Dallas,4,3,,,False,,False,Robertson Stadium,195772,
2006-05-06,2006,MLS,True,Sporting Kansas City,Chicago Fire FC,1,1,,,False,,False,Arrowhead Stadium,195769,
2006-05-10,2006,MLS,True,FC Dallas,LA Galaxy,1,0,,,False,,False,Pizza Hut Park,195774,
2006-05-13,2006,MLS,True,FC Dallas,Houston Dynamo FC,1,1,,,False,,False,Pizza Hut Park,195778,
2006-05-13,2006,MLS,True,New England Revolution,Chivas USA,3,1,,,False,,False,Gillette Stadium,195781,
2006-05-13,2006,MLS,True,Columbus Crew,Colorado Rapids,1,0,,,False,,False,Historic Crew Stadium,195777,
2006-05-13,2006,MLS,True,D.C. United,Sporting Kansas City,2,1,,,False,,False,RFK Stadium,195779,
2006-05-13,2006,MLS,True,LA Galaxy,Real Salt Lake,0,3,,,False,,False,Dignity Health Sports Park,195780,
2006-05-13,2006,MLS,True,Red Bull New York,Chicago Fire FC,1,1,,,False,,False,Giants Stadium,195776,
2006-05-20,2006,MLS,True,Houston Dynamo FC,Chicago Fire FC,0,1,,,False,,False,Robertson Stadium,195782,
2006-05-20,2006,MLS,True,Real Salt Lake,Sporting Kansas City,2,1,,,False,,False,Rice-Eccles Stadium,195786,
2006-05-20,2006,MLS,True,Columbus Crew,D.C. United,1,1,,,False,,False,Historic Crew Stadium,195785,
2006-05-20,2006,MLS,True,FC Dallas,New England Revolution,4,0,,,False,,False,Pizza Hut Park,195787,
2006-05-20,2006,MLS,True,LA Galaxy,Colorado Rapids,0,1,,,False,,False,Dignity Health Sports Park,195784,
2006-05-20,2006,MLS,True,Red Bull New York,Chivas USA,5,4,,,False,,False,Giants Stadium,195783,
2006-05-24,2006,MLS,True,Red Bull New York,FC Dallas,1,2,,,False,,False,Giants Stadium,195788,
2006-05-27,2006,MLS,True,Real Salt Lake,Colorado Rapids,2,2,,,False,,False,Rice-Eccles Stadium,195790,
2006-05-27,2006,MLS,True,New England Revolution,Houston Dynamo FC,1,1,,,False,,False,Gillette Stadium,195792,
2006-05-27,2006,MLS,True,Sporting Kansas City,D.C. United,1,3,,,False,,False,Arrowhead Stadium,195791,
2006-05-27,2006,MLS,True,Chivas USA,Chicago Fire FC,1,0,,,False,,False,Dignity Health Sports Park,195789,
2006-05-31,2006,MLS,True,Colorado Rapids,LA Galaxy,1,0,,,False,,False,Empower Field at Mile High,195794,
2006-05-31,2006,MLS,True,D.C. United,Columbus Crew,5,1,,,False,,False,RFK Stadium,195793,
2006-06-03,2006,MLS,True,Chivas USA,Colorado Rapids,4,1,,,False,,False,Dignity Health Sports Park,195796,
2006-06-03,2006,MLS,True,Real Salt Lake,Chicago Fire FC,3,1,,,False,,False,Rice-Eccles Stadium,195795,
2006-06-03,2006,MLS,True,D.C. United,New England Revolution,1,0,,,False,,False,RFK Stadium,195799,
2006-06-03,2006,MLS,True,FC Dallas,Columbus Crew,1,2,,,False,,False,Pizza Hut Park,195797,
2006-06-03,2006,MLS,True,Houston Dynamo FC,LA Galaxy,2,1,,,False,,False,Robertson Stadium,195798,
2006-06-03,2006,MLS,True,Sporting Kansas City,Red Bull New York,1,1,,,False,,False,Arrowhead Stadium,195800,
2006-06-08,2006,MLS,True,LA Galaxy,Chivas USA,1,2,,,False,,False,Dignity Health Sports Park,195801,
2006-06-09,2006,MLS,True,Colorado Rapids,Real Salt Lake,1,0,,,False,,False,Empower Field at Mile High,195802,
2006-06-10,2006,MLS,True,Columbus Crew,Sporting Kansas City,0,1,,,False,,False,Historic Crew Stadium,195804,
2006-06-10,2006,MLS,True,Red Bull New York,Houston Dynamo FC,1,1,,,False,,False,Giants Stadium,195803,
2006-06-11,2006,MLS,True,FC Dallas,Chivas USA,2,1,,,False,,False,Pizza Hut Park,195805,
2006-06-11,2006,MLS,True,LA Galaxy,D.C. United,1,1,,,False,,False,Dignity Health Sports Park,195806,
2006-06-11,2006,MLS,True,Chicago Fire FC,New England Revolution,3,3,,,False,,False,Bridgeview Stadium,195807,
2006-06-17,2006,MLS,True,New England Revolution,D.C. United,1,1,,,False,,False,Gillette Stadium,195810,
2006-06-17,2006,MLS,True,Houston Dynamo FC,Real Salt Lake,2,1,,,False,,False,Robertson Stadium,195812,
2006-06-17,2006,MLS,True,Red Bull New York,LA Galaxy,2,1,,,False,,False,Giants Stadium,195811,
2006-06-17,2006,MLS,True,Sporting Kansas City,Chicago Fire FC,3,2,,,False,,False,Arrowhead Stadium,195808,
2006-06-18,2006,MLS,True,Chivas USA,Columbus Crew,2,0,,,False,,False,Dignity Health Sports Park,195809,
2006-06-21,2006,MLS,True,Colorado Rapids,Chivas USA,1,1,,,False,,False,Empower Field at Mile High,195814,
2006-06-21,2006,MLS,True,Columbus Crew,New England Revolution,1,1,,,False,,False,Historic Crew Stadium,195815,
2006-06-21,2006,MLS,True,D.C. United,Chicago Fire FC,1,0,,,False,,False,RFK Stadium,195813,
2006-06-24,2006,MLS,True,Real Salt Lake,New England Revolution,0,0,,,False,,False,Rice-Eccles Stadium,195820,
2006-06-24,2006,MLS,True,Columbus Crew,Chivas USA,1,1,,,False,,False,Historic Crew Stadium,195816,
2006-06-24,2006,MLS,True,D.C. United,Sporting Kansas City,1,0,,,False,,False,RFK Stadium,195819,
2006-06-24,2006,MLS,True,FC Dallas,Colorado Rapids,1,0,,,False,,False,Pizza Hut Park,195817,
2006-06-24,2006,MLS,True,LA Galaxy,Houston Dynamo FC,0,0,,,False,,False,Dignity Health Sports Park,195818,
2006-06-25,2006,MLS,True,Chicago Fire FC,Red Bull New York,2,0,,,False,,False,Bridgeview Stadium,195821,
2006-06-28,2006,MLS,True,New England Revolution,FC Dallas,1,0,,,False,,False,Gillette Stadium,195824,
2006-06-28,2006,MLS,True,Chivas USA,Houston Dynamo FC,1,1,,,False,,False,Dignity Health Sports Park,197678,
2006-06-28,2006,MLS,True,Red Bull New York,Columbus Crew,0,0,,,False,,False,Giants Stadium,195822,
2006-06-28,2006,MLS,True,Sporting Kansas City,D.C. United,2,3,,,False,,False,Arrowhead Stadium,195823,
2006-06-28,2006,MLS,True,Chicago Fire FC,Real Salt Lake,2,1,,,False,,False,Bridgeview Stadium,195825,
2006-07-01,2006,MLS,True,New England Revolution,Red Bull New York,3,2,,,False,,False,Gillette Stadium,195828,
2006-07-01,2006,MLS,True,Chivas USA,FC Dallas,3,0,,,False,,False,Dignity Health Sports Park,195826,
2006-07-01,2006,MLS,True,Sporting Kansas City,LA Galaxy,0,2,,,False,,False,Arrowhead Stadium,195827,
2006-07-04,2006,MLS,True,FC Dallas,D.C. United,0,1,,,False,,False,Pizza Hut Park,195831,
2006-07-04,2006,MLS,True,Chicago Fire FC,Sporting Kansas City,1,0,,,False,,False,Bridgeview Stadium,195832,
2006-07-04,2006,MLS,True,Colorado Rapids,New England Revolution,3,2,,,False,,False,Empower Field at Mile High,195833,
2006-07-04,2006,MLS,True,Houston Dynamo FC,Columbus Crew,1,1,,,False,,False,Robertson Stadium,195830,
2006-07-04,2006,MLS,True,LA Galaxy,Red Bull New York,1,0,,,False,,False,Dignity Health Sports Park,195834,
2006-07-04,2006,MLS,True,Real Salt Lake,Chivas USA,0,0,,,False,,False,Rice-Eccles Stadium,195829,
2006-07-08,2006,MLS,True,Houston Dynamo FC,Chivas USA,3,1,,,False,,False,Robertson Stadium,195835,
2006-07-08,2006,MLS,True,Colorado Rapids,Sporting Kansas City,1,0,,,False,,False,Empower Field at Mile High,195837,
2006-07-08,2006,MLS,True,Chicago Fire FC,New England Revolution,1,2,,,False,,False,SeatGeek Stadium,195840,
2006-07-08,2006,MLS,True,Columbus Crew,D.C. United,0,1,,,False,,False,Historic Crew Stadium,195836,
2006-07-08,2006,MLS,True,FC Dallas,Red Bull New York,2,1,,,False,,False,Pizza Hut Park,195838,
2006-07-08,2006,MLS,True,LA Galaxy,Real Salt Lake,2,0,,,False,,False,Dignity Health Sports Park,195839,
2006-07-14,2006,MLS,True,Red Bull New York,Colorado Rapids,1,0,,,False,,False,Giants Stadium,195841,
2006-07-14,2006,MLS,True,New England Revolution,Real Salt Lake,1,3,,,False,,False,Gillette Stadium,195846,
2006-07-15,2006,MLS,True,Chicago Fire FC,FC Dallas,2,3,,,False,,False,SeatGeek Stadium,195843,
2006-07-15,2006,MLS,True,Chivas USA,LA Galaxy,0,0,,,False,,False,Dignity Health Sports Park,195845,
2006-07-15,2006,MLS,True,D.C. United,Columbus Crew,3,2,,,False,,False,RFK Stadium,195842,
2006-07-15,2006,MLS,True,Sporting Kansas City,Houston Dynamo FC,2,3,,,False,,False,Arrowhead Stadium,195844,
2006-07-19,2006,MLS,True,Columbus Crew,Red Bull New York,0,2,,,False,,False,Historic Crew Stadium,195848,
2006-07-20,2006,MLS,True,Colorado Rapids,Chivas USA,3,3,,,False,,False,Empower Field at Mile High,195849,
2006-07-22,2006,MLS,True,Columbus Crew,LA Galaxy,1,1,,,False,,False,Historic Crew Stadium,195853,
2006-07-22,2006,MLS,True,Chicago Fire FC,D.C. United,1,1,,,False,,False,SeatGeek Stadium,195850,
2006-07-22,2006,MLS,True,Houston Dynamo FC,New England Revolution,1,1,,,False,,False,Robertson Stadium,195854,
2006-07-22,2006,MLS,True,Red Bull New York,Sporting Kansas City,1,0,,,False,,False,Giants Stadium,195852,
2006-07-22,2006,MLS,True,Real Salt Lake,FC Dallas,0,1,,,False,,False,Rice-Eccles Stadium,195851,
2006-07-26,2006,MLS,True,Real Salt Lake,Chivas USA,3,3,,,False,,False,Rice-Eccles Stadium,195855,
2006-07-26,2006,MLS,True,Colorado Rapids,Houston Dynamo FC,1,0,,,False,,False,Empower Field at Mile High,195857,
2006-07-29,2006,MLS,True,FC Dallas,Colorado Rapids,4,1,,,False,,False,Pizza Hut Park,197681,
2006-07-29,2006,MLS,True,Real Salt Lake,D.C. United,2,1,,,False,,False,Rice-Eccles Stadium,197682,
2006-07-29,2006,MLS,True,Chicago Fire FC,Columbus Crew,0,0,,,False,,False,SeatGeek Stadium,197679,
2006-07-29,2006,MLS,True,Houston Dynamo FC,Red Bull New York,1,1,,,False,,False,Robertson Stadium,197680,
2006-07-29,2006,MLS,True,Sporting Kansas City,New England Revolution,1,1,,,False,,False,Arrowhead Stadium,203711,
2006-08-06,2006,MLS,True,Chivas USA,New England Revolution,1,1,,,False,,False,Dignity Health Sports Park,195858,
2006-08-09,2006,MLS,True,Houston Dynamo FC,LA Galaxy,0,1,,,False,,False,Reliant Stadium,197683,
2006-08-09,2006,MLS,True,New England Revolution,Sporting Kansas City,0,0,,,False,,False,Gillette Stadium,195863,
2006-08-09,2006,MLS,True,Colorado Rapids,Real Salt Lake,1,4,,,False,,False,Empower Field at Mile High,195864,
2006-08-12,2006,MLS,True,Colorado Rapids,LA Galaxy,1,0,,,False,,False,Empower Field at Mile High,195868,
2006-08-12,2006,MLS,True,Chicago Fire FC,Chivas USA,1,2,,,False,,False,SeatGeek Stadium,195865,
2006-08-12,2006,MLS,True,Houston Dynamo FC,FC Dallas,1,0,,,False,,False,Robertson Stadium,195867,
2006-08-12,2006,MLS,True,Sporting Kansas City,Columbus Crew,4,0,,,False,,False,Arrowhead Stadium,195866,
2006-08-14,2006,MLS,True,Chicago Fire FC,Sporting Kansas City,3,0,,,False,,False,SeatGeek Stadium,195871,
2006-08-16,2006,MLS,True,Columbus Crew,Real Salt Lake,1,2,,,False,,False,Historic Crew Stadium,195873,
2006-08-16,2006,MLS,True,Red Bull New York,D.C. United,0,0,,,False,,False,Giants Stadium,195870,
2006-08-19,2006,MLS,True,D.C. United,Colorado Rapids,1,1,,,False,,False,RFK Stadium,195875,
2006-08-19,2006,MLS,True,Chivas USA,Sporting Kansas City,1,1,,,False,,False,Dignity Health Sports Park,195877,
2006-08-19,2006,MLS,True,Real Salt Lake,Houston Dynamo FC,3,1,,,False,,False,Rice-Eccles Stadium,195876,
2006-08-19,2006,MLS,True,Columbus Crew,Red Bull New York,1,0,,,False,,False,Historic Crew Stadium,195878,
2006-08-20,2006,MLS,True,New England Revolution,Chicago Fire FC,0,1,,,False,,False,Gillette Stadium,195874,
2006-08-20,2006,MLS,True,LA Galaxy,FC Dallas,2,0,,,False,,False,Dignity Health Sports Park,195879,
2006-08-26,2006,MLS,True,Chicago Fire FC,Colorado Rapids,1,0,,,False,,False,SeatGeek Stadium,195880,
2006-08-26,2006,MLS,True,D.C. United,LA Galaxy,2,5,,,False,,False,RFK Stadium,195884,
2006-08-26,2006,MLS,True,Red Bull New York,Real Salt Lake,6,0,,,False,,False,Giants Stadium,195885,
2006-08-26,2006,MLS,True,Chivas USA,Houston Dynamo FC,3,2,,,False,,False,Dignity Health Sports Park,195883,
2006-08-27,2006,MLS,True,New England Revolution,Columbus Crew,1,0,,,False,,False,Gillette Stadium,195881,
2006-08-27,2006,MLS,True,Sporting Kansas City,FC Dallas,1,0,,,False,,False,Arrowhead Stadium,195882,
2006-08-30,2006,MLS,True,Real Salt Lake,LA Galaxy,1,0,,,False,,False,Rice-Eccles Stadium,195888,
2006-08-30,2006,MLS,True,Colorado Rapids,FC Dallas,0,2,,,False,,False,Empower Field at Mile High,195886,
2006-08-30,2006,MLS,True,Sporting Kansas City,Red Bull New York,2,2,,,False,,False,Arrowhead Stadium,195889,
2006-08-30,2006,MLS,True,Chicago Fire FC,Houston Dynamo FC,2,2,,,False,,False,SeatGeek Stadium,195887,
2006-09-02,2006,MLS,True,Real Salt Lake,Colorado Rapids,0,1,,,False,,False,Rice-Eccles Stadium,195890,
2006-09-02,2006,MLS,True,Columbus Crew,New England Revolution,3,0,,,False,,False,Historic Crew Stadium,195893,
2006-09-02,2006,MLS,True,FC Dallas,Houston Dynamo FC,1,0,,,False,,False,Pizza Hut Park,195891,
2006-09-02,2006,MLS,True,LA Galaxy,Sporting Kansas City,2,1,,,False,,False,Dignity Health Sports Park,195892,
2006-09-03,2006,MLS,True,Chivas USA,D.C. United,1,2,,,False,,False,Dignity Health Sports Park,195894,
2006-09-03,2006,MLS,True,Chicago Fire FC,Red Bull New York,2,1,,,False,,False,SeatGeek Stadium,195895,
2006-09-09,2006,MLS,True,Columbus Crew,Chicago Fire FC,1,2,,,False,,False,Historic Crew Stadium,195896,
2006-09-09,2006,MLS,True,Chivas USA,FC Dallas,1,1,,,False,,False,Dignity Health Sports Park,195898,
2006-09-09,2006,MLS,True,D.C. United,Real Salt Lake,1,1,,,False,,False,RFK Stadium,195900,
2006-09-09,2006,MLS,True,New England Revolution,Red Bull New York,1,0,,,False,,False,Gillette Stadium,195899,
2006-09-09,2006,MLS,True,Sporting Kansas City,Colorado Rapids,4,1,,,False,,False,Arrowhead Stadium,195897,
2006-09-10,2006,MLS,True,LA Galaxy,Houston Dynamo FC,1,2,,,False,,False,Dignity Health Sports Park,195901,
2006-09-13,2006,MLS,True,Colorado Rapids,Chicago Fire FC,1,0,,,False,,False,Empower Field at Mile High,195902,
2006-09-13,2006,MLS,True,FC Dallas,Chivas USA,0,1,,,False,,False,Pizza Hut Park,203712,
2006-09-13,2006,MLS,True,New England Revolution,D.C. United,1,1,,,False,,False,Gillette Stadium,203763,
2006-09-16,2006,MLS,True,Real Salt Lake,FC Dallas,3,2,,,False,,False,Rice-Eccles Stadium,195906,
2006-09-16,2006,MLS,True,LA Galaxy,Colorado Rapids,0,0,,,False,,False,Dignity Health Sports Park,195904,
2006-09-16,2006,MLS,True,Red Bull New York,Columbus Crew,1,0,,,False,,False,Giants Stadium,195905,
2006-09-17,2006,MLS,True,Chicago Fire FC,D.C. United,1,0,,,False,,False,SeatGeek Stadium,195907,
2006-09-17,2006,MLS,True,Houston Dynamo FC,Chivas USA,0,0,,,False,,False,Robertson Stadium,195903,
2006-09-20,2006,MLS,True,Red Bull New York,New England Revolution,0,2,,,False,,False,Giants Stadium,195908,
2006-09-23,2006,MLS,True,Chivas USA,Colorado Rapids,1,0,,,False,,False,Dignity Health Sports Park,195909,
2006-09-23,2006,MLS,True,Chicago Fire FC,LA Galaxy,2,1,,,False,,False,SeatGeek Stadium,195912,
2006-09-23,2006,MLS,True,Columbus Crew,Houston Dynamo FC,1,1,,,False,,False,Historic Crew Stadium,195910,
2006-09-23,2006,MLS,True,D.C. United,Red Bull New York,4,3,,,False,,False,RFK Stadium,195913,
2006-09-23,2006,MLS,True,FC Dallas,Real Salt Lake,2,1,,,False,,False,Pizza Hut Park,195914,
2006-09-23,2006,MLS,True,New England Revolution,Sporting Kansas City,1,1,,,False,,False,Gillette Stadium,195911,
2006-09-30,2006,MLS,True,Columbus Crew,FC Dallas,3,1,,,False,,False,Historic Crew Stadium,195919,
2006-09-30,2006,MLS,True,Houston Dynamo FC,D.C. United,1,0,,,False,,False,Robertson Stadium,195918,
2006-09-30,2006,MLS,True,LA Galaxy,Chivas USA,3,0,,,False,,False,Dignity Health Sports Park,195916,
2006-09-30,2006,MLS,True,New England Revolution,Colorado Rapids,3,1,,,False,,False,Gillette Stadium,195917,
2006-09-30,2006,MLS,True,Red Bull New York,Chicago Fire FC,1,0,,,False,,False,Giants Stadium,195915,
2006-09-30,2006,MLS,True,Sporting Kansas City,Real Salt Lake,3,3,,,False,,False,Arrowhead Stadium,195920,
2006-10-07,2006,MLS,True,Colorado Rapids,Red Bull New York,1,1,,,False,,False,Empower Field at Mile High,195926,
2006-10-07,2006,MLS,True,Real Salt Lake,Houston Dynamo FC,1,1,,,False,,False,Rice-Eccles Stadium,195923,
2006-10-07,2006,MLS,True,Chicago Fire FC,Columbus Crew,1,4,,,False,,False,SeatGeek Stadium,195922,
2006-10-07,2006,MLS,True,D.C. United,New England Revolution,1,2,,,False,,False,RFK Stadium,195925,
2006-10-07,2006,MLS,True,FC Dallas,LA Galaxy,2,1,,,False,,False,Pizza Hut Park,195924,
2006-10-07,2006,MLS,True,Sporting Kansas City,Chivas USA,2,1,,,False,,False,Arrowhead Stadium,195921,
2006-10-14,2006,MLS,True,Houston Dynamo FC,Colorado Rapids,3,3,,,False,,False,Robertson Stadium,195927,
2006-10-14,2006,MLS,True,LA Galaxy,FC Dallas,5,2,,,False,,False,Dignity Health Sports Park,195929,
2006-10-14,2006,MLS,True,New England Revolution,Columbus Crew,1,0,,,False,,False,Gillette Stadium,195928,
2006-10-14,2006,MLS,True,Red Bull New York,Sporting Kansas City,3,2,,,False,,False,Giants Stadium,195930,
2006-10-15,2006,MLS,True,Chivas USA,Real Salt Lake,1,1,,,False,,False,Dignity Health Sports Park,195931,
2006-10-15,2006,MLS,True,D.C. United,Chicago Fire FC,2,3,,,False,,False,RFK Stadium,195932,
2006-10-21,2006,MLS,True,Red Bull New York,D.C. United,0,1,,,False,,False,Giants Stadium,207058,
2006-10-21,2006,MLS,True,Colorado Rapids,FC Dallas,1,2,,,False,,False,Empower Field at Mile High,207059,
2006-10-22,2006,MLS,True,Chicago Fire FC,New England Revolution,1,0,,,False,,False,SeatGeek Stadium,207060,
2006-10-22,2006,MLS,True,Chivas USA,Houston Dynamo FC,2,1,,,False,,False,Dignity Health Sports Park,207061,
2006-10-28,2006,MLS,True,FC Dallas,Colorado Rapids,2,3,,,True,,False,Pizza Hut Park,207063,
2006-10-28,2006,MLS,True,New England Revolution,Chicago Fire FC,2,1,,,True,,False,Gillette Stadium,207062,
2006-10-29,2006,MLS,True,Houston Dynamo FC,Chivas USA,2,0,,,False,,False,Robertson Stadium,207064,
2006-10-29,2006,MLS,True,D.C. United,Red Bull New York,1,1,,,False,,False,RFK Stadium,207065,
2006-11-05,2006,MLS,True,D.C. United,New England Revolution,0,1,,,False,,False,RFK Stadium,210699,
2006-11-05,2006,MLS,True,Houston Dynamo FC,Colorado Rapids,3,1,,,False,,False,Robertson Stadium,210700,
2006-11-12,2006,MLS,True,New England Revolution,Houston Dynamo FC,1,1,,,True,Houston Dynamo FC,False,Pizza Hut Park,210889,
2007-04-07,2007,MLS,True,Colorado Rapids,D.C. United,2,1,,,False,,False,Dick's Sporting Goods Park,215212,
2007-04-07,2007,MLS,True,Real Salt Lake,FC Dallas,2,2,,,False,,False,Rice-Eccles Stadium,215213,
2007-04-07,2007,MLS,True,Columbus Crew,Red Bull New York,0,0,,,False,,False,Historic Crew Stadium,215214,
2007-04-07,2007,MLS,True,Chicago Fire FC,New England Revolution,1,0,,,False,,False,SeatGeek Stadium,215215,
2007-04-07,2007,MLS,True,Chivas USA,Toronto FC,2,0,,,False,,False,Dignity Health Sports Park,215372,
2007-04-08,2007,MLS,True,Houston Dynamo FC,LA Galaxy,0,0,,,False,,False,Robertson Stadium,215216,
2007-04-12,2007,MLS,True,LA Galaxy,FC Dallas,1,2,,,False,,False,Dignity Health Sports Park,215217,
2007-04-14,2007,MLS,True,Real Salt Lake,Columbus Crew,0,0,,,False,,False,Rice-Eccles Stadium,215218,
2007-04-14,2007,MLS,True,D.C. United,Sporting Kansas City,2,4,,,False,,False,RFK Stadium,215219,
2007-04-14,2007,MLS,True,Houston Dynamo FC,Chivas USA,1,0,,,False,,False,Robertson Stadium,215220,
2007-04-14,2007,MLS,True,New England Revolution,Toronto FC,4,0,,,False,,False,Gillette Stadium,215373,
2007-04-15,2007,MLS,True,Red Bull New York,FC Dallas,3,0,,,False,,False,Giants Stadium,215221,
2007-04-15,2007,MLS,True,Colorado Rapids,Chicago Fire FC,1,1,,,False,,False,Dick's Sporting Goods Park,215222,
2007-04-19,2007,MLS,True,Columbus Crew,New England Revolution,2,2,,,False,,False,Historic Crew Stadium,215223,
2007-04-21,2007,MLS,True,Chicago Fire FC,Sporting Kansas City,2,1,,,False,,False,SeatGeek Stadium,215225,
2007-04-21,2007,MLS,True,Chivas USA,Real Salt Lake,4,0,,,False,,False,Dignity Health Sports Park,215226,
2007-04-21,2007,MLS,True,Red Bull New York,Houston Dynamo FC,1,0,,,False,,False,Giants Stadium,215224,
2007-04-22,2007,MLS,True,FC Dallas,Colorado Rapids,3,1,,,False,,False,Pizza Hut Park,215227,
2007-04-25,2007,MLS,True,Sporting Kansas City,Toronto FC,3,0,,,False,,False,Arrowhead Stadium,215374,
2007-04-26,2007,MLS,True,FC Dallas,Red Bull New York,0,1,,,False,,False,Pizza Hut Park,215228,
2007-04-28,2007,MLS,True,Toronto FC,Sporting Kansas City,0,1,,,False,,False,BMO Field,215375,
2007-04-28,2007,MLS,True,Columbus Crew,D.C. United,1,0,,,False,,False,Historic Crew Stadium,215229,
2007-04-28,2007,MLS,True,LA Galaxy,Chivas USA,3,1,,,False,,False,Dignity Health Sports Park,215230,
2007-04-29,2007,MLS,True,FC Dallas,New England Revolution,0,1,,,False,,False,Pizza Hut Park,215231,
2007-04-29,2007,MLS,True,Houston Dynamo FC,Chicago Fire FC,0,1,,,False,,False,Robertson Stadium,215232,
2007-04-30,2007,MLS,True,Real Salt Lake,Colorado Rapids,0,2,,,False,,False,Rice-Eccles Stadium,215233,
2007-05-03,2007,MLS,True,D.C. United,New England Revolution,1,1,,,False,,False,RFK Stadium,215234,
2007-05-05,2007,MLS,True,Sporting Kansas City,Columbus Crew,1,0,,,False,,False,Arrowhead Stadium,215235,
2007-05-05,2007,MLS,True,Real Salt Lake,Red Bull New York,3,3,,,False,,False,Rice-Eccles Stadium,215236,
2007-05-05,2007,MLS,True,Colorado Rapids,Houston Dynamo FC,1,3,,,False,,False,Dick's Sporting Goods Park,215237,
2007-05-06,2007,MLS,True,D.C. United,Chivas USA,2,1,,,False,,False,RFK Stadium,215238,
2007-05-06,2007,MLS,True,New England Revolution,Chicago Fire FC,3,1,,,False,,False,Gillette Stadium,215239,
2007-05-10,2007,MLS,True,Colorado Rapids,Real Salt Lake,1,1,,,False,,False,Dick's Sporting Goods Park,215240,
2007-05-12,2007,MLS,True,Toronto FC,Chicago Fire FC,3,1,,,False,,False,BMO Field,215376,
2007-05-12,2007,MLS,True,Sporting Kansas City,FC Dallas,1,2,,,False,,False,Arrowhead Stadium,215242,
2007-05-12,2007,MLS,True,Columbus Crew,Chivas USA,1,1,,,False,,False,Historic Crew Stadium,215241,
2007-05-12,2007,MLS,True,LA Galaxy,New England Revolution,2,3,,,False,,False,Dignity Health Sports Park,215243,
2007-05-13,2007,MLS,True,Red Bull New York,Colorado Rapids,0,1,,,False,,False,Giants Stadium,215244,
2007-05-16,2007,MLS,True,Toronto FC,Houston Dynamo FC,1,0,,,False,,False,BMO Field,215377,
2007-05-17,2007,MLS,True,Chicago Fire FC,FC Dallas,1,2,,,False,,False,SeatGeek Stadium,215245,
2007-05-19,2007,MLS,True,Toronto FC,D.C. United,1,2,,,False,,False,BMO Field,215378,
2007-05-19,2007,MLS,True,Colorado Rapids,Sporting Kansas City,1,1,,,False,,False,Dick's Sporting Goods Park,215248,
2007-05-19,2007,MLS,True,Houston Dynamo FC,New England Revolution,0,1,,,False,,False,Robertson Stadium,215247,
2007-05-19,2007,MLS,True,Red Bull New York,Columbus Crew,4,0,,,False,,False,Giants Stadium,215246,
2007-05-20,2007,MLS,True,Chivas USA,LA Galaxy,1,1,,,False,,False,Dignity Health Sports Park,215249,
2007-05-20,2007,MLS,True,FC Dallas,Real Salt Lake,2,1,,,False,,False,Pizza Hut Park,215250,
2007-05-24,2007,MLS,True,Red Bull New York,Chicago Fire FC,3,0,,,False,,False,Giants Stadium,215251,
2007-05-26,2007,MLS,True,Colorado Rapids,LA Galaxy,1,0,,,False,,False,Dick's Sporting Goods Park,215254,
2007-05-26,2007,MLS,True,New England Revolution,Sporting Kansas City,3,4,,,False,,False,Gillette Stadium,215253,
2007-05-26,2007,MLS,True,Chivas USA,FC Dallas,2,0,,,False,,False,Dignity Health Sports Park,215255,
2007-05-26,2007,MLS,True,Columbus Crew,Toronto FC,2,2,,,False,,False,Historic Crew Stadium,215379,
2007-05-26,2007,MLS,True,D.C. United,Houston Dynamo FC,2,1,,,False,,False,RFK Stadium,215252,
2007-05-27,2007,MLS,True,Chicago Fire FC,Real Salt Lake,0,0,,,False,,False,SeatGeek Stadium,215256,
2007-06-02,2007,MLS,True,Toronto FC,Colorado Rapids,2,1,,,False,,False,BMO Field,215380,
2007-06-02,2007,MLS,True,Sporting Kansas City,Red Bull New York,3,2,,,False,,False,Arrowhead Stadium,215258,
2007-06-02,2007,MLS,True,LA Galaxy,D.C. United,0,0,,,False,,False,Dignity Health Sports Park,215259,
2007-06-02,2007,MLS,True,New England Revolution,Real Salt Lake,0,0,,,False,,False,Gillette Stadium,215257,
2007-06-03,2007,MLS,True,Houston Dynamo FC,FC Dallas,2,1,,,False,,False,Robertson Stadium,215260,
2007-06-03,2007,MLS,True,Chicago Fire FC,Columbus Crew,3,2,,,False,,False,SeatGeek Stadium,215261,
2007-06-06,2007,MLS,True,Toronto FC,Red Bull New York,1,2,,,False,,False,BMO Field,215381,
2007-06-07,2007,MLS,True,Houston Dynamo FC,Colorado Rapids,2,1,,,False,,False,Robertson Stadium,215262,
2007-06-09,2007,MLS,True,Chicago Fire FC,Chivas USA,0,1,,,False,,False,SeatGeek Stadium,215263,
2007-06-09,2007,MLS,True,FC Dallas,LA Galaxy,3,1,,,False,,False,Pizza Hut Park,215264,
2007-06-10,2007,MLS,True,D.C. United,Red Bull New York,4,2,,,False,,False,RFK Stadium,215265,
2007-06-10,2007,MLS,True,Columbus Crew,Houston Dynamo FC,1,2,,,False,,False,Historic Crew Stadium,215266,
2007-06-14,2007,MLS,True,Real Salt Lake,FC Dallas,0,1,,,False,,False,Rice-Eccles Stadium,215267,
2007-06-16,2007,MLS,True,New England Revolution,Columbus Crew,3,3,,,False,,False,Gillette Stadium,215268,
2007-06-16,2007,MLS,True,Chivas USA,Colorado Rapids,2,0,,,False,,False,Dignity Health Sports Park,215271,
2007-06-16,2007,MLS,True,D.C. United,Chicago Fire FC,3,1,,,False,,False,RFK Stadium,215269,
2007-06-16,2007,MLS,True,Red Bull New York,Sporting Kansas City,3,3,,,False,,False,Giants Stadium,215270,
2007-06-17,2007,MLS,True,Toronto FC,FC Dallas,4,0,,,False,,False,BMO Field,215382,
2007-06-17,2007,MLS,True,LA Galaxy,Real Salt Lake,3,2,,,False,,False,Dignity Health Sports Park,215272,
2007-06-20,2007,MLS,True,Columbus Crew,Sporting Kansas City,2,1,,,False,,False,Historic Crew Stadium,215273,
2007-06-21,2007,MLS,True,Houston Dynamo FC,Chivas USA,4,0,,,False,,False,Robertson Stadium,215274,
2007-06-23,2007,MLS,True,Colorado Rapids,FC Dallas,0,1,,,False,,False,Dick's Sporting Goods Park,215275,
2007-06-23,2007,MLS,True,LA Galaxy,Columbus Crew,2,3,,,False,,False,Dignity Health Sports Park,215277,
2007-06-23,2007,MLS,True,New England Revolution,Toronto FC,3,0,,,False,,False,Gillette Stadium,215383,
2007-06-23,2007,MLS,True,Real Salt Lake,D.C. United,2,1,,,False,,False,Rice-Eccles Stadium,215276,
2007-06-24,2007,MLS,True,Sporting Kansas City,Houston Dynamo FC,0,1,,,False,,False,Arrowhead Stadium,215278,
2007-06-28,2007,MLS,True,D.C. United,Colorado Rapids,4,1,,,False,,False,RFK Stadium,215279,
2007-06-30,2007,MLS,True,FC Dallas,Houston Dynamo FC,0,0,,,False,,False,Pizza Hut Park,215280,
2007-06-30,2007,MLS,True,Chivas USA,New England Revolution,2,0,,,False,,False,Dignity Health Sports Park,215282,
2007-06-30,2007,MLS,True,Columbus Crew,Red Bull New York,1,0,,,False,,False,Historic Crew Stadium,215281,
2007-07-01,2007,MLS,True,Chicago Fire FC,Colorado Rapids,0,0,,,False,,False,SeatGeek Stadium,215283,
2007-07-01,2007,MLS,True,Sporting Kansas City,Toronto FC,1,1,,,False,,False,Arrowhead Stadium,215384,
2007-07-04,2007,MLS,True,Sporting Kansas City,D.C. United,0,1,,,False,,False,Arrowhead Stadium,215285,
2007-07-04,2007,MLS,True,FC Dallas,Chivas USA,2,0,,,False,,False,Pizza Hut Park,215284,
2007-07-04,2007,MLS,True,Colorado Rapids,Columbus Crew,0,0,,,False,,False,Dick's Sporting Goods Park,215286,
2007-07-04,2007,MLS,True,LA Galaxy,Chicago Fire FC,2,0,,,False,,False,Dignity Health Sports Park,215287,
2007-07-04,2007,MLS,True,Real Salt Lake,Toronto FC,1,2,,,False,,False,Rice-Eccles Stadium,215385,
2007-07-05,2007,MLS,True,Houston Dynamo FC,Red Bull New York,4,0,,,False,,False,Robertson Stadium,215288,
2007-07-07,2007,MLS,True,Chicago Fire FC,Toronto FC,1,1,,,False,,False,SeatGeek Stadium,215386,
2007-07-07,2007,MLS,True,Columbus Crew,Real Salt Lake,2,0,,,False,,False,Historic Crew Stadium,215289,
2007-07-07,2007,MLS,True,LA Galaxy,Sporting Kansas City,2,2,,,False,,False,Dignity Health Sports Park,215291,
2007-07-07,2007,MLS,True,New England Revolution,Chivas USA,1,1,,,False,,False,Gillette Stadium,215290,
2007-07-08,2007,MLS,True,Colorado Rapids,Red Bull New York,0,1,,,False,,False,Dick's Sporting Goods Park,215292,
2007-07-08,2007,MLS,True,Houston Dynamo FC,D.C. United,1,0,,,False,,False,Robertson Stadium,215293,
2007-07-12,2007,MLS,True,Chicago Fire FC,Houston Dynamo FC,0,4,,,False,,False,SeatGeek Stadium,215294,
2007-07-14,2007,MLS,True,Sporting Kansas City,Real Salt Lake,1,0,,,False,,False,Arrowhead Stadium,215297,
2007-07-14,2007,MLS,True,Chivas USA,Columbus Crew,2,1,,,False,,False,Dignity Health Sports Park,215298,
2007-07-14,2007,MLS,True,D.C. United,FC Dallas,3,3,,,False,,False,RFK Stadium,215296,
2007-07-14,2007,MLS,True,Red Bull New York,New England Revolution,0,1,,,False,,False,Giants Stadium,215295,
2007-07-15,2007,MLS,True,Houston Dynamo FC,Toronto FC,0,0,,,False,,False,Robertson Stadium,215387,
2007-07-22,2007,MLS,True,New England Revolution,Houston Dynamo FC,3,3,,,False,,False,Gillette Stadium,215299,
2007-07-22,2007,MLS,True,Columbus Crew,Toronto FC,2,0,,,False,,False,Historic Crew Stadium,215388,
2007-07-22,2007,MLS,True,Red Bull New York,D.C. United,1,0,,,False,,False,Giants Stadium,215300,
2007-07-22,2007,MLS,True,Sporting Kansas City,Colorado Rapids,2,2,,,False,,False,Arrowhead Stadium,215301,
2007-07-26,2007,MLS,True,Red Bull New York,Chivas USA,0,2,,,False,,False,Giants Stadium,215302,
2007-07-28,2007,MLS,True,Real Salt Lake,New England Revolution,1,2,,,False,,False,Rice-Eccles Stadium,215303,
2007-07-29,2007,MLS,True,Toronto FC,Chicago Fire FC,0,3,,,False,,False,BMO Field,215389,
2007-07-29,2007,MLS,True,Sporting Kansas City,Chivas USA,3,2,,,False,,False,Arrowhead Stadium,215304,
2007-08-02,2007,MLS,True,New England Revolution,Sporting Kansas City,2,0,,,False,,False,Gillette Stadium,215305,
2007-08-04,2007,MLS,True,Real Salt Lake,Houston Dynamo FC,1,0,,,False,,False,Rice-Eccles Stadium,215308,
2007-08-04,2007,MLS,True,Chicago Fire FC,Columbus Crew,0,0,,,False,,False,SeatGeek Stadium,215306,
2007-08-04,2007,MLS,True,FC Dallas,Colorado Rapids,1,0,,,False,,False,Pizza Hut Park,215307,
2007-08-05,2007,MLS,True,New England Revolution,D.C. United,0,3,,,False,,False,Gillette Stadium,215309,
2007-08-06,2007,MLS,True,Toronto FC,LA Galaxy,0,0,,,False,,False,BMO Field,215390,
2007-08-09,2007,MLS,True,D.C. United,LA Galaxy,1,0,,,False,,False,RFK Stadium,215310,
2007-08-11,2007,MLS,True,Colorado Rapids,Houston Dynamo FC,1,0,,,False,,False,Dick's Sporting Goods Park,215312,
2007-08-11,2007,MLS,True,FC Dallas,Columbus Crew,3,2,,,False,,False,Pizza Hut Park,215311,
2007-08-12,2007,MLS,True,Red Bull New York,Toronto FC,3,0,,,False,,False,Giants Stadium,215391,
2007-08-12,2007,MLS,True,New England Revolution,LA Galaxy,1,0,,,False,,False,Gillette Stadium,215313,
2007-08-16,2007,MLS,True,Colorado Rapids,New England Revolution,3,0,,,False,,False,Dick's Sporting Goods Park,215314,
2007-08-18,2007,MLS,True,Toronto FC,Chivas USA,0,2,,,False,,False,BMO Field,215392,
2007-08-18,2007,MLS,True,Real Salt Lake,Chicago Fire FC,0,2,,,False,,False,Rice-Eccles Stadium,215317,
2007-08-18,2007,MLS,True,Columbus Crew,D.C. United,0,2,,,False,,False,Historic Crew Stadium,215315,
2007-08-18,2007,MLS,True,Red Bull New York,LA Galaxy,5,4,,,False,,False,Giants Stadium,215316,
2007-08-19,2007,MLS,True,Houston Dynamo FC,FC Dallas,1,0,,,False,,False,Robertson Stadium,215318,
2007-08-19,2007,MLS,True,Sporting Kansas City,New England Revolution,0,1,,,False,,False,Arrowhead Stadium,215319,
2007-08-22,2007,MLS,True,Sporting Kansas City,Chicago Fire FC,3,2,,,False,,False,Arrowhead Stadium,215321,
2007-08-22,2007,MLS,True,D.C. United,Red Bull New York,3,1,,,False,,False,RFK Stadium,215320,
2007-08-23,2007,MLS,True,LA Galaxy,Chivas USA,0,3,,,False,,False,Dignity Health Sports Park,215322,
2007-08-25,2007,MLS,True,Chicago Fire FC,Sporting Kansas City,2,0,,,False,,False,SeatGeek Stadium,215324,
2007-08-25,2007,MLS,True,Houston Dynamo FC,Columbus Crew,1,1,,,False,,False,Robertson Stadium,215325,
2007-08-25,2007,MLS,True,New England Revolution,Red Bull New York,2,1,,,False,,False,Gillette Stadium,215323,
2007-08-25,2007,MLS,True,Toronto FC,D.C. United,0,1,,,False,,False,BMO Field,215393,
2007-08-26,2007,MLS,True,Colorado Rapids,LA Galaxy,3,0,,,False,,False,Dick's Sporting Goods Park,215326,
2007-08-26,2007,MLS,True,Chivas USA,Real Salt Lake,1,0,,,False,,False,Dignity Health Sports Park,215327,
2007-08-29,2007,MLS,True,Real Salt Lake,Sporting Kansas City,3,1,,,False,,False,Rice-Eccles Stadium,215328,
2007-09-01,2007,MLS,True,FC Dallas,D.C. United,0,4,,,False,,False,Pizza Hut Park,215330,
2007-09-01,2007,MLS,True,Houston Dynamo FC,Sporting Kansas City,1,1,,,False,,False,Robertson Stadium,215331,
2007-09-01,2007,MLS,True,LA Galaxy,Real Salt Lake,1,2,,,False,,False,Dignity Health Sports Park,215332,
2007-09-01,2007,MLS,True,Red Bull New York,Chicago Fire FC,1,0,,,False,,False,Giants Stadium,215329,
2007-09-02,2007,MLS,True,Columbus Crew,Colorado Rapids,1,1,,,False,,False,Historic Crew Stadium,215333,
2007-09-06,2007,MLS,True,Chivas USA,D.C. United,2,2,,,False,,False,Dignity Health Sports Park,215334,
2007-09-08,2007,MLS,True,Columbus Crew,Chicago Fire FC,0,1,,,False,,False,Historic Crew Stadium,215335,
2007-09-08,2007,MLS,True,FC Dallas,Toronto FC,2,0,,,False,,False,Pizza Hut Park,215394,
2007-09-08,2007,MLS,True,Houston Dynamo FC,Real Salt Lake,4,3,,,False,,False,Robertson Stadium,215336,
2007-09-08,2007,MLS,True,LA Galaxy,Colorado Rapids,3,1,,,False,,False,Dignity Health Sports Park,215337,
2007-09-09,2007,MLS,True,D.C. United,New England Revolution,4,2,,,False,,False,RFK Stadium,215338,
2007-09-09,2007,MLS,True,Chivas USA,Red Bull New York,3,0,,,False,,False,Dignity Health Sports Park,215339,
2007-09-12,2007,MLS,True,D.C. United,Real Salt Lake,2,1,,,False,,False,RFK Stadium,218962,
2007-09-13,2007,MLS,True,Chivas USA,LA Galaxy,3,0,,,False,,False,Dignity Health Sports Park,215340,
2007-09-15,2007,MLS,True,Toronto FC,Real Salt Lake,0,0,,,False,,False,BMO Field,215395,
2007-09-15,2007,MLS,True,Sporting Kansas City,Columbus Crew,3,2,,,False,,False,Arrowhead Stadium,215342,
2007-09-15,2007,MLS,True,Chicago Fire FC,Red Bull New York,2,2,,,False,,False,SeatGeek Stadium,215343,
2007-09-15,2007,MLS,True,New England Revolution,FC Dallas,4,2,,,False,,False,Gillette Stadium,215341,
2007-09-16,2007,MLS,True,Colorado Rapids,Chivas USA,1,1,,,False,,False,Dick's Sporting Goods Park,215344,
2007-09-16,2007,MLS,True,LA Galaxy,Houston Dynamo FC,1,3,,,False,,False,Dignity Health Sports Park,215345,
2007-09-19,2007,MLS,True,Real Salt Lake,LA Galaxy,2,2,,,False,,False,Rice-Eccles Stadium,215346,
2007-09-20,2007,MLS,True,FC Dallas,Chicago Fire FC,1,1,,,False,,False,Pizza Hut Park,215347,
2007-09-22,2007,MLS,True,Toronto FC,Columbus Crew,1,2,,,False,,False,BMO Field,215396,
2007-09-22,2007,MLS,True,Chivas USA,Sporting Kansas City,2,1,,,False,,False,Dignity Health Sports Park,215350,
2007-09-22,2007,MLS,True,Real Salt Lake,Colorado Rapids,1,0,,,False,,False,Rice-Eccles Stadium,215349,
2007-09-22,2007,MLS,True,Red Bull New York,New England Revolution,2,2,,,False,,False,Giants Stadium,215348,
2007-09-23,2007,MLS,True,Chicago Fire FC,D.C. United,1,1,,,False,,False,SeatGeek Stadium,215351,
2007-09-23,2007,MLS,True,LA Galaxy,FC Dallas,2,1,,,False,,False,Dignity Health Sports Park,215352,
2007-09-27,2007,MLS,True,Sporting Kansas City,LA Galaxy,0,1,,,False,,False,Arrowhead Stadium,215354,
2007-09-29,2007,MLS,True,Chivas USA,Chicago Fire FC,1,1,,,False,,False,Dignity Health Sports Park,215357,
2007-09-29,2007,MLS,True,D.C. United,Toronto FC,4,1,,,False,,False,RFK Stadium,215397,
2007-09-29,2007,MLS,True,New England Revolution,Colorado Rapids,1,0,,,False,,False,Gillette Stadium,215355,
2007-09-29,2007,MLS,True,Red Bull New York,Real Salt Lake,2,2,,,False,,False,Giants Stadium,215356,
2007-09-30,2007,MLS,True,FC Dallas,Houston Dynamo FC,0,3,,,False,,False,Pizza Hut Park,215358,
2007-09-30,2007,MLS,True,Columbus Crew,LA Galaxy,1,2,,,False,,False,Historic Crew Stadium,215359,
2007-10-04,2007,MLS,True,Toronto FC,Red Bull New York,2,1,,,False,,False,BMO Field,215398,
2007-10-05,2007,MLS,True,Sporting Kansas City,D.C. United,1,1,,,False,,False,Arrowhead Stadium,215361,
2007-10-06,2007,MLS,True,Real Salt Lake,Chivas USA,2,3,,,False,,False,Rice-Eccles Stadium,215363,
2007-10-06,2007,MLS,True,Chicago Fire FC,New England Revolution,2,1,,,False,,False,SeatGeek Stadium,215362,
2007-10-06,2007,MLS,True,Columbus Crew,FC Dallas,1,3,,,False,,False,Historic Crew Stadium,215360,
2007-10-07,2007,MLS,True,Houston Dynamo FC,LA Galaxy,1,2,,,False,,False,Robertson Stadium,215364,
2007-10-07,2007,MLS,True,Colorado Rapids,Toronto FC,1,0,,,False,,False,Dick's Sporting Goods Park,215399,
2007-10-11,2007,MLS,True,FC Dallas,Chivas USA,0,0,,,False,,False,Pizza Hut Park,215365,
2007-10-13,2007,MLS,True,D.C. United,Chicago Fire FC,0,0,,,False,,False,RFK Stadium,215366,
2007-10-13,2007,MLS,True,LA Galaxy,Toronto FC,2,1,,,False,,False,Dignity Health Sports Park,215400,
2007-10-13,2007,MLS,True,New England Revolution,Columbus Crew,2,3,,,False,,False,Gillette Stadium,215367,
2007-10-13,2007,MLS,True,Red Bull New York,Sporting Kansas City,2,1,,,False,,False,Giants Stadium,215368,
2007-10-14,2007,MLS,True,Chivas USA,Colorado Rapids,1,2,,,False,,False,Dignity Health Sports Park,215370,
2007-10-15,2007,MLS,True,Real Salt Lake,Houston Dynamo FC,0,1,,,False,,False,Rice-Eccles Stadium,215369,
2007-10-18,2007,MLS,True,LA Galaxy,Red Bull New York,1,1,,,False,,False,Dignity Health Sports Park,215371,
2007-10-20,2007,MLS,True,Toronto FC,New England Revolution,2,2,,,False,,False,BMO Field,216547,
2007-10-20,2007,MLS,True,Colorado Rapids,Real Salt Lake,0,1,,,False,,False,Dick's Sporting Goods Park,216550,
2007-10-20,2007,MLS,True,Chivas USA,Houston Dynamo FC,0,0,,,False,,False,Dignity Health Sports Park,216551,
2007-10-20,2007,MLS,True,D.C. United,Columbus Crew,2,3,,,False,,False,RFK Stadium,216548,
2007-10-20,2007,MLS,True,FC Dallas,Sporting Kansas City,0,2,,,False,,False,Pizza Hut Park,216549,
2007-10-21,2007,MLS,True,Chicago Fire FC,LA Galaxy,1,0,,,False,,False,SeatGeek Stadium,216552,
2007-10-25,2007,MLS,True,Chicago Fire FC,D.C. United,1,0,,,False,,False,SeatGeek Stadium,231045,
2007-10-27,2007,MLS,True,FC Dallas,Houston Dynamo FC,1,0,,,False,,False,Pizza Hut Park,231048,
2007-10-27,2007,MLS,True,Sporting Kansas City,Chivas USA,1,0,,,False,,False,Arrowhead Stadium,231047,
2007-10-27,2007,MLS,True,Red Bull New York,New England Revolution,0,0,,,False,,False,Giants Stadium,231046,
2007-11-01,2007,MLS,True,D.C. United,Chicago Fire FC,2,2,,,False,,False,RFK Stadium,231049,
2007-11-02,2007,MLS,True,Houston Dynamo FC,FC Dallas,4,1,,,False,,False,Robertson Stadium,231050,
2007-11-03,2007,MLS,True,Chivas USA,Sporting Kansas City,0,0,,,False,,False,Dignity Health Sports Park,231052,
2007-11-03,2007,MLS,True,New England Revolution,Red Bull New York,1,0,,,False,,False,Gillette Stadium,231051,
2007-11-08,2007,MLS,True,New England Revolution,Chicago Fire FC,1,0,,,False,,False,Gillette Stadium,231503,
2007-11-10,2007,MLS,True,Houston Dynamo FC,Sporting Kansas City,2,0,,,False,,False,Robertson Stadium,231504,
2007-11-18,2007,MLS,True,New England Revolution,Houston Dynamo FC,1,2,,,False,,False,RFK Stadium,231621,
2008-03-29,2008,MLS,True,Columbus Crew,Toronto FC,2,0,,,False,,False,Historic Crew Stadium,237750,
2008-03-29,2008,MLS,True,Real Salt Lake,Chicago Fire FC,1,1,,,False,,False,Rice-Eccles Stadium,237751,
2008-03-29,2008,MLS,True,Sporting Kansas City,D.C. United,2,0,,,False,,False,Community America Ballpark,237753,
2008-03-29,2008,MLS,True,New England Revolution,Houston Dynamo FC,3,0,,,False,,False,Gillette Stadium,238379,
2008-03-29,2008,MLS,True,Colorado Rapids,LA Galaxy,4,0,,,False,,False,Dick's Sporting Goods Park,237754,
2008-03-30,2008,MLS,True,FC Dallas,Chivas USA,1,1,,,False,,False,Pizza Hut Park,237755,
2008-04-03,2008,MLS,True,Chicago Fire FC,New England Revolution,4,0,,,False,,False,SeatGeek Stadium,237756,
2008-04-03,2008,MLS,True,LA Galaxy,San Jose Earthquakes,2,0,,,False,,False,Dignity Health Sports Park,237757,
2008-04-05,2008,MLS,True,Sporting Kansas City,Colorado Rapids,3,2,,,False,,False,Community America Ballpark,237760,
2008-04-05,2008,MLS,True,D.C. United,Toronto FC,4,1,,,False,,False,RFK Memorial Stadium,237758,
2008-04-05,2008,MLS,True,Red Bull New York,Columbus Crew,2,0,,,False,,False,Giants Stadium,237759,
2008-04-05,2008,MLS,True,Chivas USA,Real Salt Lake,3,1,,,False,,False,StubHub Center,237761,
2008-04-06,2008,MLS,True,Houston Dynamo FC,FC Dallas,3,3,,,False,,False,Robertson Stadium,237762,
2008-04-09,2008,MLS,True,Sporting Kansas City,New England Revolution,1,3,,,False,,False,Community America Ballpark,237763,
2008-04-12,2008,MLS,True,San Jose Earthquakes,Chicago Fire FC,0,1,,,False,,False,McAfee Coliseum,237764,
2008-04-12,2008,MLS,True,Columbus Crew,Chivas USA,4,3,,,False,,False,Historic Crew Stadium,237765,
2008-04-12,2008,MLS,True,New England Revolution,Colorado Rapids,0,1,,,False,,False,Gillette Stadium,237766,
2008-04-12,2008,MLS,True,Sporting Kansas City,Houston Dynamo FC,0,0,,,False,,False,Community America Ballpark,237767,
2008-04-12,2008,MLS,True,FC Dallas,Red Bull New York,2,0,,,False,,False,Pizza Hut Park,237768,
2008-04-12,2008,MLS,True,Real Salt Lake,D.C. United,4,0,,,False,,False,Rice-Eccles Stadium,237769,
2008-04-13,2008,MLS,True,LA Galaxy,Toronto FC,2,3,,,False,,False,Dignity Health Sports Park,237770,
2008-04-17,2008,MLS,True,D.C. United,Columbus Crew,1,2,,,False,,False,RFK Memorial Stadium,237771,
2008-04-19,2008,MLS,True,Toronto FC,Real Salt Lake,1,0,,,False,,False,BMO Field,237772,
2008-04-19,2008,MLS,True,Red Bull New York,New England Revolution,1,1,,,False,,False,Giants Stadium,237773,
2008-04-19,2008,MLS,True,Colorado Rapids,San Jose Earthquakes,0,2,,,False,,False,Dick's Sporting Goods Park,237774,
2008-04-19,2008,MLS,True,LA Galaxy,Houston Dynamo FC,2,2,,,False,,False,Dignity Health Sports Park,237775,
2008-04-20,2008,MLS,True,Chicago Fire FC,Sporting Kansas City,0,1,,,False,,False,SeatGeek Stadium,237776,
2008-04-20,2008,MLS,True,Chivas USA,FC Dallas,0,2,,,False,,False,StubHub Center,237777,
2008-04-24,2008,MLS,True,FC Dallas,New England Revolution,0,1,,,False,,False,Pizza Hut Park,237778,
2008-04-26,2008,MLS,True,Toronto FC,Sporting Kansas City,2,0,,,False,,False,BMO Field,237779,
2008-04-26,2008,MLS,True,Columbus Crew,Houston Dynamo FC,1,0,,,False,,False,Historic Crew Stadium,237780,
2008-04-26,2008,MLS,True,D.C. United,Real Salt Lake,4,1,,,False,,False,RFK Memorial Stadium,237781,
2008-04-26,2008,MLS,True,Chicago Fire FC,Colorado Rapids,2,1,,,False,,False,SeatGeek Stadium,237782,
2008-04-26,2008,MLS,True,LA Galaxy,Chivas USA,5,2,,,False,,False,Dignity Health Sports Park,237783,
2008-04-27,2008,MLS,True,Red Bull New York,San Jose Earthquakes,2,0,,,False,,False,Giants Stadium,237784,
2008-05-01,2008,MLS,True,Toronto FC,Red Bull New York,1,1,,,False,,False,BMO Field,237785,
2008-05-03,2008,MLS,True,Columbus Crew,Sporting Kansas City,2,1,,,False,,False,Historic Crew Stadium,237786,
2008-05-03,2008,MLS,True,New England Revolution,Chicago Fire FC,0,3,,,False,,False,Gillette Stadium,237787,
2008-05-03,2008,MLS,True,Houston Dynamo FC,Chivas USA,0,0,,,False,,False,Robertson Stadium,237788,
2008-05-03,2008,MLS,True,Real Salt Lake,LA Galaxy,2,2,,,False,,False,Rice-Eccles Stadium,237789,
2008-05-03,2008,MLS,True,San Jose Earthquakes,FC Dallas,0,0,,,False,,False,Buck Shaw Stadium,237790,
2008-05-04,2008,MLS,True,Colorado Rapids,D.C. United,2,0,,,False,,False,Dick's Sporting Goods Park,237791,
2008-05-08,2008,MLS,True,D.C. United,Chicago Fire FC,0,2,,,False,,False,RFK Memorial Stadium,237792,
2008-05-10,2008,MLS,True,Houston Dynamo FC,Colorado Rapids,2,1,,,False,,False,Robertson Stadium,237793,
2008-05-10,2008,MLS,True,Real Salt Lake,FC Dallas,2,1,,,False,,False,Rice-Eccles Stadium,237794,
2008-05-10,2008,MLS,True,San Jose Earthquakes,Columbus Crew,2,3,,,False,,False,Buck Shaw Stadium,237795,
2008-05-10,2008,MLS,True,LA Galaxy,Red Bull New York,1,2,,,False,,False,Dignity Health Sports Park,237796,
2008-05-11,2008,MLS,True,Chivas USA,New England Revolution,1,2,,,False,,False,StubHub Center,237797,
2008-05-15,2008,MLS,True,Colorado Rapids,Real Salt Lake,2,0,,,False,,False,Dick's Sporting Goods Park,237798,
2008-05-17,2008,MLS,True,Toronto FC,Columbus Crew,0,0,,,False,,False,BMO Field,237799,
2008-05-17,2008,MLS,True,New England Revolution,San Jose Earthquakes,2,0,,,False,,False,Gillette Stadium,237800,
2008-05-17,2008,MLS,True,Red Bull New York,Sporting Kansas City,1,1,,,False,,False,Giants Stadium,237801,
2008-05-17,2008,MLS,True,Chicago Fire FC,Houston Dynamo FC,1,2,,,False,,False,SeatGeek Stadium,237802,
2008-05-17,2008,MLS,True,Chivas USA,D.C. United,3,1,,,False,,False,StubHub Center,237803,
2008-05-18,2008,MLS,True,FC Dallas,LA Galaxy,1,5,,,False,,False,Pizza Hut Park,237804,
2008-05-21,2008,MLS,True,Toronto FC,D.C. United,1,0,,,False,,False,BMO Field,237805,
2008-05-22,2008,MLS,True,San Jose Earthquakes,Houston Dynamo FC,2,1,,,False,,False,Buck Shaw Stadium,237806,
2008-05-24,2008,MLS,True,Columbus Crew,New England Revolution,0,1,,,False,,False,Historic Crew Stadium,237808,
2008-05-24,2008,MLS,True,D.C. United,Toronto FC,3,2,,,False,,False,RFK Memorial Stadium,237807,
2008-05-24,2008,MLS,True,FC Dallas,Real Salt Lake,2,1,,,False,,False,Pizza Hut Park,237809,
2008-05-24,2008,MLS,True,Colorado Rapids,Chivas USA,1,2,,,False,,False,Dick's Sporting Goods Park,237810,
2008-05-24,2008,MLS,True,LA Galaxy,Sporting Kansas City,3,1,,,False,,False,Dignity Health Sports Park,237811,
2008-05-25,2008,MLS,True,Red Bull New York,Chicago Fire FC,1,5,,,False,,False,Giants Stadium,237812,
2008-05-28,2008,MLS,True,FC Dallas,Houston Dynamo FC,2,2,,,False,,False,Pizza Hut Park,240761,
2008-05-29,2008,MLS,True,New England Revolution,D.C. United,2,2,,,False,,False,Gillette Stadium,237813,
2008-05-31,2008,MLS,True,Toronto FC,LA Galaxy,2,0,,,False,,False,BMO Field,237814,
2008-05-31,2008,MLS,True,Houston Dynamo FC,Red Bull New York,1,0,,,False,,False,Robertson Stadium,237815,
2008-05-31,2008,MLS,True,Real Salt Lake,San Jose Earthquakes,3,1,,,False,,False,Rice-Eccles Stadium,237816,
2008-05-31,2008,MLS,True,Chivas USA,Columbus Crew,2,0,,,False,,False,StubHub Center,237817,
2008-06-01,2008,MLS,True,Colorado Rapids,FC Dallas,2,1,,,False,,False,Dick's Sporting Goods Park,237818,
2008-06-05,2008,MLS,True,Red Bull New York,Chivas USA,1,0,,,False,,False,Giants Stadium,237820,
2008-06-06,2008,MLS,True,New England Revolution,FC Dallas,2,1,,,False,,False,Gillette Stadium,241514,
2008-06-07,2008,MLS,True,Columbus Crew,San Jose Earthquakes,0,2,,,False,,False,Historic Crew Stadium,237821,
2008-06-07,2008,MLS,True,Chicago Fire FC,D.C. United,1,2,,,False,,False,SeatGeek Stadium,237822,
2008-06-07,2008,MLS,True,Real Salt Lake,Sporting Kansas City,0,0,,,False,,False,Rice-Eccles Stadium,237824,
2008-06-07,2008,MLS,True,LA Galaxy,Colorado Rapids,3,2,,,False,,False,Dignity Health Sports Park,237825,
2008-06-08,2008,MLS,True,Houston Dynamo FC,Toronto FC,3,1,,,False,,False,Robertson Stadium,241515,
2008-06-12,2008,MLS,True,Houston Dynamo FC,New England Revolution,0,2,,,False,,False,Robertson Stadium,237827,
2008-06-14,2008,MLS,True,Toronto FC,Colorado Rapids,3,1,,,False,,False,BMO Field,241545,
2008-06-14,2008,MLS,True,D.C. United,Red Bull New York,4,1,,,False,,False,RFK Memorial Stadium,237828,
2008-06-14,2008,MLS,True,Sporting Kansas City,Columbus Crew,0,3,,,False,,False,Community America Ballpark,237829,
2008-06-14,2008,MLS,True,San Jose Earthquakes,LA Galaxy,0,3,,,False,,False,McAfee Coliseum,237831,
2008-06-14,2008,MLS,True,Chivas USA,Real Salt Lake,0,1,,,False,,False,StubHub Center,237832,
2008-06-15,2008,MLS,True,FC Dallas,Chicago Fire FC,1,0,,,False,,False,Pizza Hut Park,237833,
2008-06-18,2008,MLS,True,New England Revolution,Red Bull New York,1,1,,,False,,False,Gillette Stadium,241547,
2008-06-18,2008,MLS,True,Real Salt Lake,San Jose Earthquakes,0,0,,,False,,False,Rice-Eccles Stadium,237834,
2008-06-19,2008,MLS,True,Chivas USA,Chicago Fire FC,2,0,,,False,,False,StubHub Center,237835,
2008-06-21,2008,MLS,True,Toronto FC,Sporting Kansas City,0,0,,,False,,False,BMO Field,237836,
2008-06-21,2008,MLS,True,Red Bull New York,FC Dallas,1,0,,,False,,False,Giants Stadium,237837,
2008-06-21,2008,MLS,True,Colorado Rapids,Houston Dynamo FC,0,0,,,False,,False,Dick's Sporting Goods Park,237838,
2008-06-21,2008,MLS,True,Real Salt Lake,New England Revolution,2,1,,,False,,False,Rice-Eccles Stadium,237839,
2008-06-21,2008,MLS,True,LA Galaxy,Columbus Crew,3,3,,,False,,False,Dignity Health Sports Park,237840,
2008-06-22,2008,MLS,True,D.C. United,San Jose Earthquakes,3,1,,,False,,False,RFK Memorial Stadium,237841,
2008-06-26,2008,MLS,True,Houston Dynamo FC,FC Dallas,1,1,,,False,,False,Robertson Stadium,237842,
2008-06-28,2008,MLS,True,Columbus Crew,Colorado Rapids,2,1,,,False,,False,Historic Crew Stadium,237843,
2008-06-28,2008,MLS,True,New England Revolution,Toronto FC,2,1,,,False,,False,Gillette Stadium,237844,
2008-06-28,2008,MLS,True,Sporting Kansas City,Real Salt Lake,1,0,,,False,,False,Community America Ballpark,237845,
2008-06-28,2008,MLS,True,Chicago Fire FC,San Jose Earthquakes,0,0,,,False,,False,SeatGeek Stadium,237846,
2008-06-28,2008,MLS,True,Chivas USA,Red Bull New York,1,1,,,False,,False,StubHub Center,237847,
2008-06-29,2008,MLS,True,D.C. United,LA Galaxy,4,1,,,False,,False,RFK Memorial Stadium,237848,
2008-07-03,2008,MLS,True,Real Salt Lake,Houston Dynamo FC,0,0,,,False,,False,Rice-Eccles Stadium,237849,
2008-07-04,2008,MLS,True,FC Dallas,Sporting Kansas City,1,1,,,False,,False,Pizza Hut Park,237850,
2008-07-04,2008,MLS,True,Colorado Rapids,Red Bull New York,4,0,,,False,,False,Dick's Sporting Goods Park,237851,
2008-07-04,2008,MLS,True,LA Galaxy,New England Revolution,1,2,,,False,,False,Dignity Health Sports Park,237852,
2008-07-05,2008,MLS,True,Columbus Crew,Chicago Fire FC,2,2,,,False,,False,Historic Crew Stadium,237853,
2008-07-05,2008,MLS,True,Chivas USA,San Jose Earthquakes,1,0,,,False,,False,StubHub Center,237854,
2008-07-10,2008,MLS,True,Sporting Kansas City,Red Bull New York,2,1,,,False,,False,Community America Ballpark,237855,
2008-07-10,2008,MLS,True,LA Galaxy,Chivas USA,1,1,,,False,,False,Dignity Health Sports Park,237856,
2008-07-12,2008,MLS,True,San Jose Earthquakes,Colorado Rapids,1,1,,,False,,False,Buck Shaw Stadium,237857,
2008-07-12,2008,MLS,True,Chicago Fire FC,Toronto FC,2,1,,,False,,False,SeatGeek Stadium,237858,
2008-07-12,2008,MLS,True,Real Salt Lake,Columbus Crew,2,0,,,False,,False,Rice-Eccles Stadium,237859,
2008-07-17,2008,MLS,True,Columbus Crew,Sporting Kansas City,3,3,,,False,,False,Historic Crew Stadium,237860,
2008-07-19,2008,MLS,True,Toronto FC,San Jose Earthquakes,0,0,,,False,,False,BMO Field,237861,
2008-07-19,2008,MLS,True,Red Bull New York,LA Galaxy,2,2,,,False,,False,Giants Stadium,237862,
2008-07-19,2008,MLS,True,Chicago Fire FC,Real Salt Lake,0,0,,,False,,False,SeatGeek Stadium,237863,
2008-07-19,2008,MLS,True,FC Dallas,Colorado Rapids,2,2,,,False,,False,Pizza Hut Park,237864,
2008-07-23,2008,MLS,True,D.C. United,Houston Dynamo FC,0,2,,,False,,False,RFK Memorial Stadium,244613,
2008-07-27,2008,MLS,True,San Jose Earthquakes,Red Bull New York,1,1,,,False,,False,Buck Shaw Stadium,237865,
2008-07-27,2008,MLS,True,FC Dallas,LA Galaxy,4,0,,,False,,False,Pizza Hut Park,237866,
2008-07-27,2008,MLS,True,Sporting Kansas City,Chicago Fire FC,0,0,,,False,,False,Community America Ballpark,237867,
2008-07-27,2008,MLS,True,Colorado Rapids,Columbus Crew,0,2,,,False,,False,Dick's Sporting Goods Park,237868,
2008-07-28,2008,MLS,True,Real Salt Lake,Toronto FC,2,1,,,False,,False,Rice-Eccles Stadium,237869,
2008-08-02,2008,MLS,True,D.C. United,Sporting Kansas City,2,0,,,False,,False,RFK Memorial Stadium,237870,
2008-08-02,2008,MLS,True,Chicago Fire FC,Chivas USA,1,0,,,False,,False,SeatGeek Stadium,237872,
2008-08-02,2008,MLS,True,Houston Dynamo FC,Columbus Crew,2,0,,,False,,False,Robertson Stadium,237873,
2008-08-03,2008,MLS,True,San Jose Earthquakes,LA Galaxy,3,2,,,False,,False,McAfee Coliseum,237874,
2008-08-03,2008,MLS,True,Toronto FC,FC Dallas,0,2,,,False,,False,BMO Field,251772,
2008-08-09,2008,MLS,True,Colorado Rapids,Toronto FC,0,1,,,False,,False,Dick's Sporting Goods Park,252002,
2008-08-09,2008,MLS,True,New England Revolution,Chicago Fire FC,1,2,,,False,,False,Gillette Stadium,237877,
2008-08-09,2008,MLS,True,Sporting Kansas City,Chivas USA,3,2,,,False,,False,Community America Ballpark,237879,
2008-08-10,2008,MLS,True,Red Bull New York,D.C. United,4,1,,,False,,False,Giants Stadium,237878,
2008-08-14,2008,MLS,True,Chivas USA,LA Galaxy,2,2,,,False,,False,StubHub Center,237881,
2008-08-16,2008,MLS,True,Columbus Crew,FC Dallas,2,1,,,False,,False,Historic Crew Stadium,237882,
2008-08-16,2008,MLS,True,Chicago Fire FC,D.C. United,0,1,,,False,,False,SeatGeek Stadium,237883,
2008-08-16,2008,MLS,True,Houston Dynamo FC,Real Salt Lake,4,3,,,False,,False,Robertson Stadium,237884,
2008-08-16,2008,MLS,True,Colorado Rapids,Sporting Kansas City,2,1,,,False,,False,Dick's Sporting Goods Park,253123,
2008-08-16,2008,MLS,True,San Jose Earthquakes,New England Revolution,4,0,,,False,,False,Buck Shaw Stadium,237886,
2008-08-17,2008,MLS,True,Red Bull New York,Toronto FC,2,0,,,False,,False,Giants Stadium,237887,
2008-08-20,2008,MLS,True,New England Revolution,D.C. United,2,1,,,False,,False,Gillette Stadium,237888,
2008-08-20,2008,MLS,True,Houston Dynamo FC,Chivas USA,4,0,,,False,,False,Robertson Stadium,237889,
2008-08-21,2008,MLS,True,LA Galaxy,Chicago Fire FC,0,1,,,False,,False,Dignity Health Sports Park,237890,
2008-08-23,2008,MLS,True,Columbus Crew,Real Salt Lake,3,0,,,False,,False,Historic Crew Stadium,237891,
2008-08-23,2008,MLS,True,D.C. United,Colorado Rapids,3,0,,,False,,False,RFK Memorial Stadium,237892,
2008-08-23,2008,MLS,True,Toronto FC,New England Revolution,1,1,,,False,,False,BMO Field,237893,
2008-08-23,2008,MLS,True,Sporting Kansas City,FC Dallas,1,1,,,False,,False,Community America Ballpark,237894,
2008-08-23,2008,MLS,True,Chivas USA,San Jose Earthquakes,0,0,,,False,,False,StubHub Center,237895,
2008-08-24,2008,MLS,True,Red Bull New York,Houston Dynamo FC,3,0,,,False,,False,Giants Stadium,237896,
2008-08-29,2008,MLS,True,Real Salt Lake,Colorado Rapids,2,0,,,False,,False,Rice-Eccles Stadium,237897,
2008-08-30,2008,MLS,True,D.C. United,Red Bull New York,0,0,,,False,,False,RFK Memorial Stadium,237898,
2008-08-30,2008,MLS,True,New England Revolution,LA Galaxy,2,2,,,False,,False,Gillette Stadium,237899,
2008-08-30,2008,MLS,True,FC Dallas,Columbus Crew,1,2,,,False,,False,Pizza Hut Park,237900,
2008-08-30,2008,MLS,True,San Jose Earthquakes,Sporting Kansas City,2,1,,,False,,False,Buck Shaw Stadium,237901,
2008-08-30,2008,MLS,True,Chivas USA,Toronto FC,2,1,,,False,,False,StubHub Center,237902,
2008-08-31,2008,MLS,True,Houston Dynamo FC,Chicago Fire FC,2,1,,,False,,False,Robertson Stadium,237903,
2008-09-04,2008,MLS,True,FC Dallas,Colorado Rapids,0,1,,,False,,False,Pizza Hut Park,237904,
2008-09-06,2008,MLS,True,Toronto FC,Chivas USA,1,3,,,False,,False,BMO Field,237905,
2008-09-06,2008,MLS,True,Columbus Crew,New England Revolution,4,0,,,False,,False,Historic Crew Stadium,237906,
2008-09-06,2008,MLS,True,Chicago Fire FC,Red Bull New York,1,0,,,False,,False,SeatGeek Stadium,237907,
2008-09-06,2008,MLS,True,San Jose Earthquakes,D.C. United,2,1,,,False,,False,Buck Shaw Stadium,237908,
2008-09-06,2008,MLS,True,LA Galaxy,Real Salt Lake,2,2,,,False,,False,Dignity Health Sports Park,237909,
2008-09-07,2008,MLS,True,Houston Dynamo FC,Sporting Kansas City,3,1,,,False,,False,Robertson Stadium,237910,
2008-09-11,2008,MLS,True,New England Revolution,Chivas USA,4,0,,,False,,False,Gillette Stadium,237911,
2008-09-13,2008,MLS,True,Toronto FC,Columbus Crew,1,1,,,False,,False,BMO Field,237912,
2008-09-13,2008,MLS,True,Sporting Kansas City,LA Galaxy,2,0,,,False,,False,Community America Ballpark,255617,
2008-09-13,2008,MLS,True,D.C. United,FC Dallas,2,2,,,False,,False,RFK Memorial Stadium,237915,
2008-09-13,2008,MLS,True,Red Bull New York,Real Salt Lake,2,1,,,False,,False,Giants Stadium,237914,
2008-09-13,2008,MLS,True,San Jose Earthquakes,Houston Dynamo FC,1,1,,,False,,False,Buck Shaw Stadium,255618,
2008-09-14,2008,MLS,True,Colorado Rapids,Chicago Fire FC,2,0,,,False,,False,Dick's Sporting Goods Park,237917,
2008-09-18,2008,MLS,True,Columbus Crew,Red Bull New York,3,1,,,False,,False,Historic Crew Stadium,237918,
2008-09-20,2008,MLS,True,Sporting Kansas City,Toronto FC,2,0,,,False,,False,Community America Ballpark,237919,
2008-09-20,2008,MLS,True,Colorado Rapids,New England Revolution,1,1,,,False,,False,Dick's Sporting Goods Park,237922,
2008-09-20,2008,MLS,True,Real Salt Lake,Chivas USA,0,1,,,False,,False,Rice-Eccles Stadium,237921,
2008-09-20,2008,MLS,True,LA Galaxy,D.C. United,5,2,,,False,,False,Dignity Health Sports Park,237923,
2008-09-21,2008,MLS,True,Chicago Fire FC,FC Dallas,1,4,,,False,,False,SeatGeek Stadium,237924,
2008-09-25,2008,MLS,True,Chicago Fire FC,LA Galaxy,3,1,,,False,,False,SeatGeek Stadium,237925,
2008-09-27,2008,MLS,True,Toronto FC,Houston Dynamo FC,1,1,,,False,,False,BMO Field,237926,
2008-09-27,2008,MLS,True,New England Revolution,Columbus Crew,0,1,,,False,,False,Gillette Stadium,237928,
2008-09-27,2008,MLS,True,Red Bull New York,Colorado Rapids,4,5,,,False,,False,Giants Stadium,237927,
2008-09-27,2008,MLS,True,San Jose Earthquakes,Real Salt Lake,2,3,,,False,,False,Buck Shaw Stadium,237929,
2008-09-27,2008,MLS,True,Chivas USA,Sporting Kansas City,2,1,,,False,,False,StubHub Center,237930,
2008-09-28,2008,MLS,True,FC Dallas,D.C. United,3,0,,,False,,False,Pizza Hut Park,237931,
2008-10-02,2008,MLS,True,FC Dallas,San Jose Earthquakes,1,1,,,False,,False,Pizza Hut Park,237932,
2008-10-04,2008,MLS,True,Columbus Crew,LA Galaxy,1,0,,,False,,False,Historic Crew Stadium,237933,
2008-10-04,2008,MLS,True,D.C. United,Chivas USA,0,3,,,False,,False,RFK Memorial Stadium,237934,
2008-10-04,2008,MLS,True,New England Revolution,Real Salt Lake,2,2,,,False,,False,Gillette Stadium,237935,
2008-10-04,2008,MLS,True,Red Bull New York,Toronto FC,1,3,,,False,,False,Giants Stadium,237936,
2008-10-04,2008,MLS,True,Colorado Rapids,Houston Dynamo FC,1,3,,,False,,False,Dick's Sporting Goods Park,237937,
2008-10-05,2008,MLS,True,Sporting Kansas City,Chicago Fire FC,1,1,,,False,,False,Community America Ballpark,237938,
2008-10-09,2008,MLS,True,Real Salt Lake,Red Bull New York,1,1,,,False,,False,Rice-Eccles Stadium,237939,
2008-10-11,2008,MLS,True,Sporting Kansas City,New England Revolution,1,0,,,False,,False,Community America Ballpark,237940,
2008-10-11,2008,MLS,True,FC Dallas,Toronto FC,2,2,,,False,,False,Pizza Hut Park,237941,
2008-10-11,2008,MLS,True,San Jose Earthquakes,Chivas USA,0,1,,,False,,False,Buck Shaw Stadium,237942,
2008-10-12,2008,MLS,True,Chicago Fire FC,Columbus Crew,2,2,,,False,,False,SeatGeek Stadium,237943,
2008-10-12,2008,MLS,True,Houston Dynamo FC,D.C. United,0,0,,,False,,False,Robertson Stadium,237944,
2008-10-12,2008,MLS,True,LA Galaxy,Colorado Rapids,3,2,,,False,,False,Dignity Health Sports Park,237945,
2008-10-15,2008,MLS,True,Houston Dynamo FC,San Jose Earthquakes,2,1,,,False,,False,Robertson Stadium,256284,
2008-10-16,2008,MLS,True,D.C. United,New England Revolution,2,1,,,False,,False,RFK Memorial Stadium,237946,
2008-10-18,2008,MLS,True,Toronto FC,Chicago Fire FC,3,2,,,False,,False,BMO Field,237947,
2008-10-18,2008,MLS,True,Red Bull New York,Columbus Crew,3,1,,,False,,False,Giants Stadium,237948,
2008-10-18,2008,MLS,True,Sporting Kansas City,San Jose Earthquakes,3,2,,,False,,False,Community America Ballpark,237949,
2008-10-18,2008,MLS,True,Houston Dynamo FC,LA Galaxy,3,0,,,False,,False,Robertson Stadium,256686,
2008-10-18,2008,MLS,True,Real Salt Lake,FC Dallas,3,1,,,False,,False,Rice-Eccles Stadium,237950,
2008-10-19,2008,MLS,True,Chivas USA,Colorado Rapids,1,2,,,False,,False,StubHub Center,237951,
2008-10-23,2008,MLS,True,Chicago Fire FC,Red Bull New York,5,2,,,False,,False,SeatGeek Stadium,237953,
2008-10-25,2008,MLS,True,New England Revolution,Sporting Kansas City,1,3,,,False,,False,Gillette Stadium,237954,
2008-10-25,2008,MLS,True,Colorado Rapids,Real Salt Lake,1,1,,,False,,False,Dick's Sporting Goods Park,237955,
2008-10-25,2008,MLS,True,San Jose Earthquakes,Toronto FC,2,0,,,False,,False,Buck Shaw Stadium,237956,
2008-10-25,2008,MLS,True,Chivas USA,Houston Dynamo FC,1,1,,,False,,False,StubHub Center,237957,
2008-10-26,2008,MLS,True,LA Galaxy,FC Dallas,2,2,,,False,,False,Dignity Health Sports Park,237958,
2008-10-26,2008,MLS,True,Columbus Crew,D.C. United,1,0,,,False,,False,Historic Crew Stadium,237959,
2008-10-30,2008,MLS,True,New England Revolution,Chicago Fire FC,0,0,,,False,,False,Gillette Stadium,258362,
2008-11-01,2008,MLS,True,Red Bull New York,Houston Dynamo FC,1,1,,,False,,False,,258354,
2008-11-01,2008,MLS,True,Real Salt Lake,Chivas USA,1,0,,,False,,False,Rice-Eccles Stadium,258355,
2008-11-01,2008,MLS,True,Sporting Kansas City,Columbus Crew,1,1,,,False,,False,Community America Ballpark,258356,
2008-11-06,2008,MLS,True,Chicago Fire FC,New England Revolution,3,0,,,False,,False,SeatGeek Stadium,258357,
2008-11-08,2008,MLS,True,Columbus Crew,Sporting Kansas City,2,0,,,False,,False,Historic Crew Stadium,258363,
2008-11-08,2008,MLS,True,Chivas USA,Real Salt Lake,2,2,,,False,,False,StubHub Center,258359,
2008-11-09,2008,MLS,True,Houston Dynamo FC,Red Bull New York,0,3,,,False,,False,Robertson Stadium,258360,
2008-11-13,2008,MLS,True,Columbus Crew,Chicago Fire FC,2,1,,,False,,False,Historic Crew Stadium,258556,
2008-11-15,2008,MLS,True,Real Salt Lake,Red Bull New York,0,1,,,False,,False,Rice-Eccles Stadium,258555,
2008-11-23,2008,MLS,True,Red Bull New York,Columbus Crew,1,3,,,False,,False,Dignity Health Sports Park,258848,
2009-03-19,2009,MLS,True,Seattle Sounders FC,Red Bull New York,3,0,,,False,,False,Qwest Field,260857,
2009-03-21,2009,MLS,True,Houston Dynamo FC,Columbus Crew,1,1,,,False,,False,Robertson Stadium,260858,
2009-03-21,2009,MLS,True,FC Dallas,Chicago Fire FC,1,3,,,False,,False,Pizza Hut Park,260859,
2009-03-21,2009,MLS,True,Sporting Kansas City,Toronto FC,2,3,,,False,,False,Community America Ballpark,260862,
2009-03-21,2009,MLS,True,Chivas USA,Colorado Rapids,2,1,,,False,,False,StubHub Center,260860,
2009-03-21,2009,MLS,True,San Jose Earthquakes,New England Revolution,0,1,,,False,,False,Buck Shaw Stadium,260861,
2009-03-22,2009,MLS,True,LA Galaxy,D.C. United,2,2,,,False,,False,Dignity Health Sports Park,260863,
2009-03-28,2009,MLS,True,Columbus Crew,Toronto FC,1,1,,,False,,False,Historic Crew Stadium,260864,
2009-03-28,2009,MLS,True,D.C. United,Chicago Fire FC,1,1,,,False,,False,RFK Memorial Stadium,261764,
2009-03-28,2009,MLS,True,Red Bull New York,New England Revolution,1,1,,,False,,False,Giants Stadium,260866,
2009-03-28,2009,MLS,True,Colorado Rapids,Sporting Kansas City,2,1,,,False,,False,Dick's Sporting Goods Park,260867,
2009-03-28,2009,MLS,True,San Jose Earthquakes,Houston Dynamo FC,3,2,,,False,,False,Buck Shaw Stadium,261996,
2009-03-28,2009,MLS,True,Seattle Sounders FC,Real Salt Lake,2,0,,,False,,False,Qwest Field,261998,
2009-03-29,2009,MLS,True,FC Dallas,Chivas USA,0,2,,,False,,False,Pizza Hut Park,262003,
2009-04-02,2009,MLS,True,Real Salt Lake,Columbus Crew,4,1,,,False,,False,America First Field,262306,
2009-04-04,2009,MLS,True,Toronto FC,Seattle Sounders FC,0,2,,,False,,False,BMO Field,260869,
2009-04-04,2009,MLS,True,D.C. United,Houston Dynamo FC,1,0,,,False,,False,RFK Memorial Stadium,262018,
2009-04-04,2009,MLS,True,New England Revolution,FC Dallas,2,1,,,False,,False,Gillette Stadium,262016,
2009-04-04,2009,MLS,True,LA Galaxy,Colorado Rapids,2,3,,,False,,False,Dignity Health Sports Park,262022,
2009-04-05,2009,MLS,True,Chicago Fire FC,Red Bull New York,1,0,,,False,,False,SeatGeek Stadium,260870,
2009-04-05,2009,MLS,True,Sporting Kansas City,San Jose Earthquakes,2,0,,,False,,False,Community America Ballpark,262020,
2009-04-05,2009,MLS,True,Chivas USA,Columbus Crew,2,1,,,False,,False,StubHub Center,262027,
2009-04-11,2009,MLS,True,San Jose Earthquakes,Chicago Fire FC,3,3,,,False,,False,Buck Shaw Stadium,262033,
2009-04-11,2009,MLS,True,Toronto FC,FC Dallas,1,1,,,False,,False,BMO Field,262031,
2009-04-11,2009,MLS,True,Real Salt Lake,D.C. United,2,1,,,False,,False,America First Field,262036,
2009-04-11,2009,MLS,True,Columbus Crew,Colorado Rapids,1,1,,,False,,False,Historic Crew Stadium,262039,
2009-04-11,2009,MLS,True,Houston Dynamo FC,Red Bull New York,0,0,,,False,,False,Robertson Stadium,262041,
2009-04-11,2009,MLS,True,LA Galaxy,Chivas USA,0,0,,,False,,False,Dignity Health Sports Park,262043,
2009-04-11,2009,MLS,True,Seattle Sounders FC,Sporting Kansas City,0,1,,,False,,False,Qwest Field,262045,
2009-04-17,2009,MLS,True,D.C. United,New England Revolution,1,1,,,False,,False,RFK Memorial Stadium,262046,
2009-04-18,2009,MLS,True,Red Bull New York,Real Salt Lake,2,0,,,False,,False,Giants Stadium,263918,
2009-04-18,2009,MLS,True,Chicago Fire FC,Sporting Kansas City,2,2,,,False,,False,SeatGeek Stadium,263919,
2009-04-18,2009,MLS,True,Chivas USA,Seattle Sounders FC,2,0,,,False,,False,StubHub Center,263921,
2009-04-18,2009,MLS,True,San Jose Earthquakes,LA Galaxy,1,1,,,False,,False,Buck Shaw Stadium,263920,
2009-04-19,2009,MLS,True,Houston Dynamo FC,Colorado Rapids,1,0,,,False,,False,Robertson Stadium,262056,
2009-04-19,2009,MLS,True,FC Dallas,Toronto FC,3,2,,,False,,False,Pizza Hut Park,262057,
2009-04-22,2009,MLS,True,Toronto FC,Chivas USA,1,0,,,False,,False,BMO Field,262059,
2009-04-23,2009,MLS,True,Sporting Kansas City,Red Bull New York,1,0,,,False,,False,Community America Ballpark,262063,
2009-04-25,2009,MLS,True,Columbus Crew,Chicago Fire FC,2,2,,,False,,False,Historic Crew Stadium,262066,
2009-04-25,2009,MLS,True,Real Salt Lake,New England Revolution,6,0,,,False,,False,America First Field,262069,
2009-04-25,2009,MLS,True,Colorado Rapids,LA Galaxy,1,1,,,False,,False,Dick's Sporting Goods Park,262070,
2009-04-25,2009,MLS,True,Chivas USA,FC Dallas,2,0,,,False,,False,StubHub Center,262072,
2009-04-25,2009,MLS,True,Seattle Sounders FC,San Jose Earthquakes,2,0,,,False,,False,Qwest Field,262073,
2009-04-26,2009,MLS,True,Red Bull New York,D.C. United,2,3,,,False,,False,Giants Stadium,262076,
2009-04-26,2009,MLS,True,Toronto FC,Sporting Kansas City,1,0,,,False,,False,BMO Field,262711,
2009-05-02,2009,MLS,True,Toronto FC,Columbus Crew,1,1,,,False,,False,BMO Field,262147,
2009-05-02,2009,MLS,True,D.C. United,FC Dallas,2,1,,,False,,False,RFK Memorial Stadium,262148,
2009-05-02,2009,MLS,True,Chicago Fire FC,Seattle Sounders FC,1,1,,,False,,False,SeatGeek Stadium,262149,
2009-05-02,2009,MLS,True,Colorado Rapids,Real Salt Lake,2,0,,,False,,False,Dick's Sporting Goods Park,262150,
2009-05-02,2009,MLS,True,LA Galaxy,Red Bull New York,1,0,,,False,,False,Dignity Health Sports Park,262152,
2009-05-02,2009,MLS,True,San Jose Earthquakes,Chivas USA,0,1,,,False,,False,Buck Shaw Stadium,262151,
2009-05-03,2009,MLS,True,New England Revolution,Houston Dynamo FC,0,2,,,False,,False,Gillette Stadium,262153,
2009-05-06,2009,MLS,True,Sporting Kansas City,D.C. United,1,1,,,False,,False,Community America Ballpark,262154,
2009-05-06,2009,MLS,True,Real Salt Lake,LA Galaxy,2,2,,,False,,False,America First Field,262155,
2009-05-08,2009,MLS,True,Red Bull New York,San Jose Earthquakes,4,1,,,False,,False,Giants Stadium,262156,
2009-05-09,2009,MLS,True,Columbus Crew,Sporting Kansas City,3,2,,,False,,False,Historic Crew Stadium,262157,
2009-05-09,2009,MLS,True,D.C. United,Toronto FC,3,3,,,False,,False,RFK Memorial Stadium,262158,
2009-05-09,2009,MLS,True,Chicago Fire FC,New England Revolution,1,1,,,False,,False,SeatGeek Stadium,262159,
2009-05-09,2009,MLS,True,Houston Dynamo FC,FC Dallas,1,0,,,False,,False,Robertson Stadium,262160,
2009-05-09,2009,MLS,True,Chivas USA,Real Salt Lake,1,0,,,False,,False,StubHub Center,262161,
2009-05-10,2009,MLS,True,Seattle Sounders FC,LA Galaxy,1,1,,,False,,False,Qwest Field,262162,
2009-05-16,2009,MLS,True,Toronto FC,Chicago Fire FC,0,2,,,False,,False,BMO Field,262163,
2009-05-16,2009,MLS,True,New England Revolution,Colorado Rapids,1,1,,,False,,False,Gillette Stadium,262164,
2009-05-16,2009,MLS,True,Red Bull New York,Houston Dynamo FC,1,1,,,False,,False,Giants Stadium,262165,
2009-05-16,2009,MLS,True,FC Dallas,Seattle Sounders FC,1,1,,,False,,False,Pizza Hut Park,262166,
2009-05-16,2009,MLS,True,Real Salt Lake,Sporting Kansas City,0,2,,,False,,False,America First Field,262167,
2009-05-16,2009,MLS,True,Chivas USA,D.C. United,2,2,,,False,,False,StubHub Center,262168,
2009-05-17,2009,MLS,True,LA Galaxy,Columbus Crew,1,1,,,False,,False,Dignity Health Sports Park,262169,
2009-05-23,2009,MLS,True,Toronto FC,New England Revolution,3,1,,,False,,False,BMO Field,266955,
2009-05-23,2009,MLS,True,D.C. United,Real Salt Lake,0,0,,,False,,False,RFK Memorial Stadium,262171,
2009-05-23,2009,MLS,True,FC Dallas,LA Galaxy,1,1,,,False,,False,Pizza Hut Park,262173,
2009-05-23,2009,MLS,True,Houston Dynamo FC,San Jose Earthquakes,3,1,,,False,,False,Robertson Stadium,262174,
2009-05-23,2009,MLS,True,Sporting Kansas City,Chivas USA,1,1,,,False,,False,Community America Ballpark,262172,
2009-05-23,2009,MLS,True,Colorado Rapids,Seattle Sounders FC,2,2,,,False,,False,Dick's Sporting Goods Park,262175,
2009-05-24,2009,MLS,True,Red Bull New York,Chicago Fire FC,0,1,,,False,,False,Giants Stadium,262176,
2009-05-27,2009,MLS,True,Columbus Crew,San Jose Earthquakes,2,1,,,False,,False,Historic Crew Stadium,262177,
2009-05-28,2009,MLS,True,Chivas USA,Chicago Fire FC,2,3,,,False,,False,StubHub Center,262178,
2009-05-30,2009,MLS,True,New England Revolution,D.C. United,2,1,,,False,,False,Gillette Stadium,262180,
2009-05-30,2009,MLS,True,Red Bull New York,Colorado Rapids,2,3,,,False,,False,Giants Stadium,262179,
2009-05-30,2009,MLS,True,Houston Dynamo FC,Toronto FC,3,0,,,False,,False,Robertson Stadium,262181,
2009-05-30,2009,MLS,True,LA Galaxy,Sporting Kansas City,1,1,,,False,,False,Dignity Health Sports Park,262183,
2009-05-30,2009,MLS,True,San Jose Earthquakes,Real Salt Lake,2,1,,,False,,False,Buck Shaw Stadium,262184,
2009-05-30,2009,MLS,True,Seattle Sounders FC,Columbus Crew,1,1,,,False,,False,Qwest Field,262182,
2009-05-31,2009,MLS,True,Chicago Fire FC,FC Dallas,0,3,,,False,,False,SeatGeek Stadium,262185,
2009-06-04,2009,MLS,True,D.C. United,Red Bull New York,2,0,,,False,,False,RFK Memorial Stadium,262186,
2009-06-05,2009,MLS,True,Chicago Fire FC,Houston Dynamo FC,0,1,,,False,,False,SeatGeek Stadium,262187,
2009-06-06,2009,MLS,True,Toronto FC,LA Galaxy,1,2,,,False,,False,BMO Field,262271,
2009-06-06,2009,MLS,True,Sporting Kansas City,Columbus Crew,0,2,,,False,,False,Community America Ballpark,262189,
2009-06-06,2009,MLS,True,Real Salt Lake,Colorado Rapids,1,1,,,False,,False,America First Field,262190,
2009-06-06,2009,MLS,True,Chivas USA,Seattle Sounders FC,1,0,,,False,,False,StubHub Center,262191,
2009-06-07,2009,MLS,True,FC Dallas,San Jose Earthquakes,2,2,,,False,,False,Pizza Hut Park,262192,
2009-06-07,2009,MLS,True,New England Revolution,Red Bull New York,4,0,,,False,,False,Gillette Stadium,262193,
2009-06-10,2009,MLS,True,Houston Dynamo FC,Chivas USA,1,0,,,False,,False,Robertson Stadium,262194,
2009-06-13,2009,MLS,True,D.C. United,Chicago Fire FC,2,1,,,False,,False,RFK Memorial Stadium,262195,
2009-06-13,2009,MLS,True,Toronto FC,Red Bull New York,2,1,,,False,,False,BMO Field,267773,
2009-06-13,2009,MLS,True,FC Dallas,Houston Dynamo FC,1,3,,,False,,False,Pizza Hut Park,262196,
2009-06-13,2009,MLS,True,Sporting Kansas City,New England Revolution,3,1,,,False,,False,Community America Ballpark,262197,
2009-06-13,2009,MLS,True,LA Galaxy,Real Salt Lake,0,2,,,False,,False,Dignity Health Sports Park,262198,
2009-06-13,2009,MLS,True,Seattle Sounders FC,San Jose Earthquakes,2,1,,,False,,False,Qwest Field,262199,
2009-06-14,2009,MLS,True,Columbus Crew,Chivas USA,2,1,,,False,,False,Historic Crew Stadium,262200,
2009-06-17,2009,MLS,True,Seattle Sounders FC,D.C. United,3,3,,,False,,False,Qwest Field,262201,
2009-06-20,2009,MLS,True,San Jose Earthquakes,LA Galaxy,2,1,,,False,,False,Buck Shaw Stadium,262202,
2009-06-20,2009,MLS,True,Red Bull New York,Seattle Sounders FC,1,1,,,False,,False,Giants Stadium,262203,
2009-06-20,2009,MLS,True,FC Dallas,Columbus Crew,2,1,,,False,,False,Pizza Hut Park,262204,
2009-06-20,2009,MLS,True,Houston Dynamo FC,Real Salt Lake,1,1,,,False,,False,Robertson Stadium,262205,
2009-06-20,2009,MLS,True,Colorado Rapids,D.C. United,3,0,,,False,,False,Dick's Sporting Goods Park,262206,
2009-06-24,2009,MLS,True,Toronto FC,Red Bull New York,2,0,,,False,,False,BMO Field,262207,
2009-06-24,2009,MLS,True,Colorado Rapids,FC Dallas,1,1,,,False,,False,Dick's Sporting Goods Park,262208,
2009-06-27,2009,MLS,True,Columbus Crew,Red Bull New York,1,0,,,False,,False,Historic Crew Stadium,262209,
2009-06-27,2009,MLS,True,Real Salt Lake,Toronto FC,3,0,,,False,,False,America First Field,262210,
2009-06-28,2009,MLS,True,Seattle Sounders FC,Colorado Rapids,3,0,,,False,,False,Qwest Field,262211,
2009-06-28,2009,MLS,True,LA Galaxy,Houston Dynamo FC,1,0,,,False,,False,Dignity Health Sports Park,262212,
2009-07-03,2009,MLS,True,Real Salt Lake,San Jose Earthquakes,1,1,,,False,,False,America First Field,267760,
2009-07-04,2009,MLS,True,Columbus Crew,D.C. United,1,1,,,False,,False,Historic Crew Stadium,261960,
2009-07-04,2009,MLS,True,Colorado Rapids,Chicago Fire FC,1,2,,,False,,False,Dick's Sporting Goods Park,261932,
2009-07-04,2009,MLS,True,FC Dallas,Red Bull New York,2,1,,,False,,False,Pizza Hut Park,261934,
2009-07-04,2009,MLS,True,Sporting Kansas City,Houston Dynamo FC,0,1,,,False,,False,Community America Ballpark,261933,
2009-07-04,2009,MLS,True,LA Galaxy,New England Revolution,1,0,,,False,,False,Dignity Health Sports Park,261936,
2009-07-11,2009,MLS,True,New England Revolution,Sporting Kansas City,0,0,,,False,,False,Gillette Stadium,261939,
2009-07-11,2009,MLS,True,Seattle Sounders FC,Houston Dynamo FC,2,1,,,False,,False,Qwest Field,261940,
2009-07-11,2009,MLS,True,Chicago Fire FC,Columbus Crew,0,0,,,False,,False,SeatGeek Stadium,261941,
2009-07-11,2009,MLS,True,Colorado Rapids,FC Dallas,1,0,,,False,,False,Dick's Sporting Goods Park,261943,
2009-07-11,2009,MLS,True,San Jose Earthquakes,Toronto FC,1,3,,,False,,False,Buck Shaw Stadium,261945,
2009-07-11,2009,MLS,True,Chivas USA,LA Galaxy,0,1,,,False,,False,StubHub Center,261944,
2009-07-16,2009,MLS,True,Red Bull New York,LA Galaxy,1,3,,,False,,False,Giants Stadium,267761,
2009-07-18,2009,MLS,True,Toronto FC,Houston Dynamo FC,1,1,,,False,,False,BMO Field,261947,
2009-07-18,2009,MLS,True,Columbus Crew,Real Salt Lake,3,1,,,False,,False,Historic Crew Stadium,261955,
2009-07-18,2009,MLS,True,D.C. United,Colorado Rapids,3,1,,,False,,False,RFK Memorial Stadium,261954,
2009-07-18,2009,MLS,True,Chicago Fire FC,San Jose Earthquakes,2,0,,,False,,False,SeatGeek Stadium,261956,
2009-07-19,2009,MLS,True,New England Revolution,Chivas USA,2,0,,,False,,False,Gillette Stadium,262272,
2009-07-24,2009,MLS,True,Real Salt Lake,FC Dallas,4,2,,,False,,False,America First Field,261964,
2009-07-25,2009,MLS,True,Seattle Sounders FC,Chicago Fire FC,0,0,,,False,,False,Qwest Field,261965,
2009-07-25,2009,MLS,True,Columbus Crew,Toronto FC,3,2,,,False,,False,Historic Crew Stadium,261972,
2009-07-25,2009,MLS,True,Houston Dynamo FC,New England Revolution,0,1,,,False,,False,Robertson Stadium,261975,
2009-07-25,2009,MLS,True,Sporting Kansas City,LA Galaxy,1,1,,,False,,False,Community America Ballpark,261974,
2009-07-25,2009,MLS,True,Colorado Rapids,Red Bull New York,4,0,,,False,,False,Dick's Sporting Goods Park,261978,
2009-07-25,2009,MLS,True,San Jose Earthquakes,D.C. United,2,2,,,False,,False,Buck Shaw Stadium,261980,
2009-08-01,2009,MLS,True,New England Revolution,Toronto FC,1,1,,,False,,False,Gillette Stadium,262001,
2009-08-01,2009,MLS,True,Chicago Fire FC,Real Salt Lake,1,0,,,False,,False,SeatGeek Stadium,262007,
2009-08-01,2009,MLS,True,FC Dallas,Sporting Kansas City,6,0,,,False,,False,Pizza Hut Park,262006,
2009-08-01,2009,MLS,True,Houston Dynamo FC,D.C. United,4,3,,,False,,False,Robertson Stadium,262005,
2009-08-01,2009,MLS,True,Colorado Rapids,Columbus Crew,0,1,,,False,,False,Dick's Sporting Goods Park,262009,
2009-08-02,2009,MLS,True,San Jose Earthquakes,Seattle Sounders FC,4,0,,,False,,False,Buck Shaw Stadium,262011,
2009-08-06,2009,MLS,True,FC Dallas,Houston Dynamo FC,1,0,,,False,,False,Pizza Hut Park,262014,
2009-08-08,2009,MLS,True,New England Revolution,LA Galaxy,1,2,,,False,,False,Gillette Stadium,275375,
2009-08-08,2009,MLS,True,San Jose Earthquakes,Columbus Crew,0,3,,,False,,False,Buck Shaw Stadium,262028,
2009-08-08,2009,MLS,True,Real Salt Lake,Seattle Sounders FC,1,0,,,False,,False,America First Field,262023,
2009-08-08,2009,MLS,True,Colorado Rapids,Chivas USA,4,0,,,False,,False,Dick's Sporting Goods Park,262025,
2009-08-09,2009,MLS,True,Houston Dynamo FC,Chicago Fire FC,3,2,,,False,,False,Robertson Stadium,262038,
2009-08-15,2009,MLS,True,Toronto FC,D.C. United,2,0,,,False,,False,BMO Field,262044,
2009-08-15,2009,MLS,True,Columbus Crew,FC Dallas,2,0,,,False,,False,Historic Crew Stadium,262049,
2009-08-15,2009,MLS,True,Red Bull New York,Chivas USA,0,2,,,False,,False,Giants Stadium,262047,
2009-08-15,2009,MLS,True,Real Salt Lake,Houston Dynamo FC,0,0,,,False,,False,America First Field,262051,
2009-08-15,2009,MLS,True,LA Galaxy,Seattle Sounders FC,0,2,,,False,,False,Dignity Health Sports Park,262054,
2009-08-16,2009,MLS,True,Sporting Kansas City,Chicago Fire FC,0,2,,,False,,False,Community America Ballpark,262058,
2009-08-19,2009,MLS,True,Chicago Fire FC,LA Galaxy,0,2,,,False,,False,SeatGeek Stadium,262077,
2009-08-20,2009,MLS,True,Seattle Sounders FC,New England Revolution,0,1,,,False,,False,Qwest Field,262078,
2009-08-22,2009,MLS,True,D.C. United,LA Galaxy,0,0,,,False,,False,RFK Memorial Stadium,262079,
2009-08-22,2009,MLS,True,Chivas USA,Toronto FC,2,0,,,False,,False,StubHub Center,262081,
2009-08-22,2009,MLS,True,San Jose Earthquakes,Sporting Kansas City,1,0,,,False,,False,Buck Shaw Stadium,262080,
2009-08-23,2009,MLS,True,Red Bull New York,FC Dallas,3,2,,,False,,False,Giants Stadium,262086,
2009-08-23,2009,MLS,True,Chicago Fire FC,Colorado Rapids,3,2,,,False,,False,SeatGeek Stadium,262084,
2009-08-23,2009,MLS,True,New England Revolution,Real Salt Lake,3,1,,,False,,False,Gillette Stadium,262087,
2009-08-23,2009,MLS,True,Houston Dynamo FC,Seattle Sounders FC,1,1,,,False,,False,Robertson Stadium,262088,
2009-08-26,2009,MLS,True,Real Salt Lake,Chivas USA,4,0,,,False,,False,America First Field,262089,
2009-08-29,2009,MLS,True,Seattle Sounders FC,Toronto FC,0,0,,,False,,False,Qwest Field,262090,
2009-08-29,2009,MLS,True,New England Revolution,San Jose Earthquakes,2,1,,,False,,False,Gillette Stadium,262092,
2009-08-29,2009,MLS,True,Chicago Fire FC,D.C. United,0,1,,,False,,False,SeatGeek Stadium,262093,
2009-08-29,2009,MLS,True,Sporting Kansas City,Real Salt Lake,0,1,,,False,,False,Community America Ballpark,262094,
2009-08-29,2009,MLS,True,LA Galaxy,Chivas USA,1,0,,,False,,False,Dignity Health Sports Park,262095,
2009-08-30,2009,MLS,True,Colorado Rapids,Houston Dynamo FC,1,0,,,False,,False,Dick's Sporting Goods Park,262096,
2009-08-30,2009,MLS,True,Red Bull New York,Columbus Crew,1,0,,,False,,False,Giants Stadium,262097,
2009-09-05,2009,MLS,True,New England Revolution,Sporting Kansas City,2,4,,,False,,False,Gillette Stadium,261959,
2009-09-05,2009,MLS,True,FC Dallas,D.C. United,2,2,,,False,,False,Pizza Hut Park,261938,
2009-09-05,2009,MLS,True,Colorado Rapids,Toronto FC,1,0,,,False,,False,Dick's Sporting Goods Park,261942,
2009-09-09,2009,MLS,True,D.C. United,Sporting Kansas City,1,0,,,False,,False,RFK Memorial Stadium,275376,
2009-09-12,2009,MLS,True,Toronto FC,Colorado Rapids,3,2,,,False,,False,BMO Field,261946,
2009-09-12,2009,MLS,True,D.C. United,Seattle Sounders FC,1,2,,,False,,False,RFK Memorial Stadium,261962,
2009-09-12,2009,MLS,True,Red Bull New York,Sporting Kansas City,0,1,,,False,,False,Giants Stadium,261961,
2009-09-12,2009,MLS,True,Real Salt Lake,Chicago Fire FC,1,1,,,False,,False,America First Field,261953,
2009-09-12,2009,MLS,True,LA Galaxy,FC Dallas,3,6,,,False,,False,Dignity Health Sports Park,261958,
2009-09-13,2009,MLS,True,Chivas USA,New England Revolution,2,0,,,False,,False,StubHub Center,262273,
2009-09-13,2009,MLS,True,Columbus Crew,Houston Dynamo FC,2,1,,,False,,False,Historic Crew Stadium,262274,
2009-09-18,2009,MLS,True,Red Bull New York,New England Revolution,1,1,,,False,,False,Giants Stadium,261966,
2009-09-18,2009,MLS,True,San Jose Earthquakes,Colorado Rapids,1,1,,,False,,False,Buck Shaw Stadium,261967,
2009-09-19,2009,MLS,True,Seattle Sounders FC,Chivas USA,0,0,,,False,,False,Qwest Field,262307,
2009-09-19,2009,MLS,True,Houston Dynamo FC,Real Salt Lake,3,2,,,False,,False,Robertson Stadium,261971,
2009-09-19,2009,MLS,True,Sporting Kansas City,FC Dallas,3,2,,,False,,False,Community America Ballpark,262275,
2009-09-19,2009,MLS,True,LA Galaxy,Toronto FC,2,0,,,False,,False,Dignity Health Sports Park,261976,
2009-09-20,2009,MLS,True,Chicago Fire FC,Columbus Crew,2,2,,,False,,False,SeatGeek Stadium,261977,
2009-09-23,2009,MLS,True,Colorado Rapids,San Jose Earthquakes,1,1,,,False,,False,Dick's Sporting Goods Park,261981,
2009-09-26,2009,MLS,True,Columbus Crew,LA Galaxy,2,0,,,False,,False,Historic Crew Stadium,261983,
2009-09-26,2009,MLS,True,New England Revolution,Seattle Sounders FC,2,1,,,False,,False,Gillette Stadium,261984,
2009-09-26,2009,MLS,True,Chicago Fire FC,Toronto FC,2,2,,,False,,False,SeatGeek Stadium,261987,
2009-09-26,2009,MLS,True,FC Dallas,Real Salt Lake,3,0,,,False,,False,Pizza Hut Park,261986,
2009-09-26,2009,MLS,True,Sporting Kansas City,Colorado Rapids,0,0,,,False,,False,Community America Ballpark,261985,
2009-09-26,2009,MLS,True,Chivas USA,Red Bull New York,1,1,,,False,,False,StubHub Center,261988,
2009-09-27,2009,MLS,True,D.C. United,San Jose Earthquakes,1,2,,,False,,False,RFK Memorial Stadium,261989,
2009-09-30,2009,MLS,True,FC Dallas,New England Revolution,1,0,,,False,,False,Pizza Hut Park,261990,
2009-10-02,2009,MLS,True,LA Galaxy,Chicago Fire FC,1,0,,,False,,False,Dignity Health Sports Park,261993,
2009-10-03,2009,MLS,True,Columbus Crew,Seattle Sounders FC,0,1,,,False,,False,Historic Crew Stadium,261997,
2009-10-03,2009,MLS,True,D.C. United,Chivas USA,0,2,,,False,,False,RFK Memorial Stadium,261995,
2009-10-03,2009,MLS,True,Colorado Rapids,New England Revolution,1,1,,,False,,False,Dick's Sporting Goods Park,261999,
2009-10-03,2009,MLS,True,San Jose Earthquakes,Red Bull New York,1,0,,,False,,False,Buck Shaw Stadium,262002,
2009-10-04,2009,MLS,True,Houston Dynamo FC,Sporting Kansas City,1,1,,,False,,False,Robertson Stadium,262004,
2009-10-07,2009,MLS,True,San Jose Earthquakes,FC Dallas,1,2,,,False,,False,Buck Shaw Stadium,262008,
2009-10-10,2009,MLS,True,Toronto FC,San Jose Earthquakes,1,1,,,False,,False,BMO Field,262012,
2009-10-10,2009,MLS,True,New England Revolution,Columbus Crew,0,1,,,False,,False,Gillette Stadium,262013,
2009-10-10,2009,MLS,True,Chivas USA,Sporting Kansas City,2,0,,,False,,False,StubHub Center,262015,
2009-10-14,2009,MLS,True,Real Salt Lake,Red Bull New York,2,0,,,False,,False,America First Field,262024,
2009-10-17,2009,MLS,True,Toronto FC,Real Salt Lake,1,0,,,False,,False,BMO Field,262026,
2009-10-17,2009,MLS,True,New England Revolution,Chicago Fire FC,0,0,,,False,,False,Gillette Stadium,262029,
2009-10-17,2009,MLS,True,D.C. United,Columbus Crew,1,0,,,False,,False,RFK Memorial Stadium,262032,
2009-10-17,2009,MLS,True,FC Dallas,Colorado Rapids,2,1,,,False,,False,Pizza Hut Park,262034,
2009-10-17,2009,MLS,True,Sporting Kansas City,Seattle Sounders FC,2,3,,,False,,False,Community America Ballpark,262035,
2009-10-17,2009,MLS,True,Chivas USA,San Jose Earthquakes,2,2,,,False,,False,StubHub Center,262037,
2009-10-18,2009,MLS,True,Houston Dynamo FC,LA Galaxy,0,0,,,False,,False,Robertson Stadium,262040,
2009-10-22,2009,MLS,True,Chicago Fire FC,Chivas USA,1,0,,,False,,False,SeatGeek Stadium,262042,
2009-10-24,2009,MLS,True,Red Bull New York,Toronto FC,5,0,,,False,,False,Giants Stadium,262061,
2009-10-24,2009,MLS,True,Real Salt Lake,Colorado Rapids,3,0,,,False,,False,America First Field,262064,
2009-10-24,2009,MLS,True,Sporting Kansas City,D.C. United,2,2,,,False,,False,Community America Ballpark,262062,
2009-10-24,2009,MLS,True,LA Galaxy,San Jose Earthquakes,2,0,,,False,,False,Dignity Health Sports Park,262068,
2009-10-24,2009,MLS,True,Seattle Sounders FC,FC Dallas,2,1,,,False,,False,Qwest Field,262065,
2009-10-25,2009,MLS,True,Chivas USA,Houston Dynamo FC,2,3,,,False,,False,StubHub Center,262071,
2009-10-25,2009,MLS,True,Columbus Crew,New England Revolution,0,1,,,False,,False,Historic Crew Stadium,262074,
2009-10-29,2009,MLS,True,Seattle Sounders FC,Houston Dynamo FC,0,0,,,False,,False,,284750,
2009-10-31,2009,MLS,True,Real Salt Lake,Columbus Crew,1,0,,,False,,False,,284747,
2009-11-01,2009,MLS,True,New England Revolution,Chicago Fire FC,2,1,,,False,,False,Gillette Stadium,284772,
2009-11-01,2009,MLS,True,Chivas USA,LA Galaxy,2,2,,,False,,False,,284746,
2009-11-05,2009,MLS,True,Columbus Crew,Real Salt Lake,2,3,,,False,,False,Historic Crew Stadium,284748,
2009-11-07,2009,MLS,True,Chicago Fire FC,New England Revolution,2,0,,,False,,False,SeatGeek Stadium,284749,
2009-11-08,2009,MLS,True,Houston Dynamo FC,Seattle Sounders FC,1,0,,,False,,False,Robertson Stadium,284744,
2009-11-08,2009,MLS,True,LA Galaxy,Chivas USA,1,0,,,False,,False,Dignity Health Sports Park,284907,
2009-11-13,2009,MLS,True,LA Galaxy,Houston Dynamo FC,2,0,,,False,,False,Dignity Health Sports Park,284963,
2009-11-14,2009,MLS,True,Chicago Fire FC,Real Salt Lake,0,0,4.0,5.0,True,Real Salt Lake,False,SeatGeek Stadium,284964,
2009-11-22,2009,MLS,True,Real Salt Lake,LA Galaxy,1,1,5.0,4.0,True,Real Salt Lake,False,Qwest Field,285079,
2010-03-25,2010,MLS,True,Seattle Sounders FC,Philadelphia Union,2,0,,,False,,False,Qwest Field,289675,
2010-03-26,2010,MLS,True,Chivas USA,Colorado Rapids,0,1,,,False,,False,StubHub Center,289676,
2010-03-27,2010,MLS,True,FC Dallas,Houston Dynamo FC,1,1,,,False,,False,Dallas Cowboys New Stadium,289678,
2010-03-27,2010,MLS,True,Columbus Crew,Toronto FC,2,0,,,False,,False,Historic Crew Stadium,289677,
2010-03-27,2010,MLS,True,Red Bull New York,Chicago Fire FC,1,0,,,False,,False,Red Bull Arena,289679,
2010-03-27,2010,MLS,True,Sporting Kansas City,D.C. United,4,0,,,False,,False,Community America Ballpark,289680,
2010-03-27,2010,MLS,True,San Jose Earthquakes,Real Salt Lake,0,3,,,False,,False,Buck Shaw Stadium,289681,
2010-03-27,2010,MLS,True,LA Galaxy,New England Revolution,1,0,,,False,,False,StubHub Center,289682,
2010-04-01,2010,MLS,True,Houston Dynamo FC,Real Salt Lake,2,1,,,False,,False,Robertson Stadium,289683,
2010-04-01,2010,MLS,True,LA Galaxy,Chivas USA,2,0,,,False,,False,StubHub Center,289684,
2010-04-03,2010,MLS,True,Colorado Rapids,Chicago Fire FC,2,2,,,False,,False,Dick's Sporting Goods Park,289685,
2010-04-03,2010,MLS,True,D.C. United,New England Revolution,0,2,,,False,,False,R.F.K. Stadium,289686,
2010-04-03,2010,MLS,True,Seattle Sounders FC,Red Bull New York,0,1,,,False,,False,Qwest Field,289687,
2010-04-10,2010,MLS,True,Chivas USA,Red Bull New York,2,0,,,False,,False,StubHub Center,289689,
2010-04-10,2010,MLS,True,Philadelphia Union,D.C. United,3,2,,,False,,False,Subaru Park,289688,
2010-04-10,2010,MLS,True,New England Revolution,Toronto FC,4,1,,,False,,False,Gillette Stadium,289690,
2010-04-10,2010,MLS,True,Chicago Fire FC,San Jose Earthquakes,1,2,,,False,,False,SeatGeek Stadium,289694,
2010-04-10,2010,MLS,True,FC Dallas,Columbus Crew,2,2,,,False,,False,Pizza Hut Park,289691,
2010-04-10,2010,MLS,True,Houston Dynamo FC,LA Galaxy,0,2,,,False,,False,Robertson Stadium,289692,
2010-04-10,2010,MLS,True,Sporting Kansas City,Colorado Rapids,1,0,,,False,,False,Community America Ballpark,289693,
2010-04-10,2010,MLS,True,Real Salt Lake,Seattle Sounders FC,2,2,,,False,,False,America First Field,289695,
2010-04-15,2010,MLS,True,Toronto FC,Philadelphia Union,2,1,,,False,,False,Sin confirmar,289696,
2010-04-17,2010,MLS,True,LA Galaxy,Real Salt Lake,2,1,,,False,,False,StubHub Center,289702,
2010-04-17,2010,MLS,True,Seattle Sounders FC,Sporting Kansas City,1,0,,,False,,False,Qwest Field,289697,
2010-04-17,2010,MLS,True,Houston Dynamo FC,Chivas USA,3,0,,,False,,False,Robertson Stadium,289698,
2010-04-17,2010,MLS,True,D.C. United,Chicago Fire FC,0,2,,,False,,False,R.F.K. Stadium,289699,
2010-04-17,2010,MLS,True,Red Bull New York,FC Dallas,2,1,,,False,,False,Red Bull Arena,289700,
2010-04-17,2010,MLS,True,San Jose Earthquakes,New England Revolution,2,0,,,False,,False,Buck Shaw Stadium,289701,
2010-04-18,2010,MLS,True,Colorado Rapids,Toronto FC,3,1,,,False,,False,Dick's Sporting Goods Park,289703,
2010-04-22,2010,MLS,True,FC Dallas,Seattle Sounders FC,2,2,,,False,,False,Pizza Hut Park,289704,
2010-04-24,2010,MLS,True,Red Bull New York,Philadelphia Union,2,1,,,False,,False,Red Bull Arena,289705,
2010-04-24,2010,MLS,True,Columbus Crew,Real Salt Lake,1,0,,,False,,False,Historic Crew Stadium,289706,
2010-04-24,2010,MLS,True,New England Revolution,Colorado Rapids,1,2,,,False,,False,Gillette Stadium,289707,
2010-04-24,2010,MLS,True,Chicago Fire FC,Houston Dynamo FC,2,0,,,False,,False,SeatGeek Stadium,289708,
2010-04-24,2010,MLS,True,Sporting Kansas City,LA Galaxy,0,0,,,False,,False,Community America Ballpark,289709,
2010-04-24,2010,MLS,True,Chivas USA,San Jose Earthquakes,3,2,,,False,,False,StubHub Center,289710,
2010-04-25,2010,MLS,True,Toronto FC,Seattle Sounders FC,2,0,,,False,,False,BMO Field,289711,
2010-05-01,2010,MLS,True,D.C. United,Red Bull New York,0,2,,,False,,False,R.F.K. Stadium,289712,
2010-05-01,2010,MLS,True,New England Revolution,FC Dallas,1,1,,,False,,False,Gillette Stadium,289713,
2010-05-01,2010,MLS,True,Chicago Fire FC,Chivas USA,1,1,,,False,,False,SeatGeek Stadium,289715,
2010-05-01,2010,MLS,True,Houston Dynamo FC,Sporting Kansas City,3,0,,,False,,False,Robertson Stadium,289714,
2010-05-01,2010,MLS,True,Real Salt Lake,Toronto FC,2,1,,,False,,False,America First Field,289716,
2010-05-01,2010,MLS,True,San Jose Earthquakes,Colorado Rapids,1,0,,,False,,False,Buck Shaw Stadium,289717,
2010-05-01,2010,MLS,True,LA Galaxy,Philadelphia Union,3,1,,,False,,False,StubHub Center,289718,
2010-05-01,2010,MLS,True,Seattle Sounders FC,Columbus Crew,1,1,,,False,,False,Qwest Field,289719,
2010-05-05,2010,MLS,True,D.C. United,Sporting Kansas City,2,1,,,False,,False,R.F.K. Stadium,289720,
2010-05-05,2010,MLS,True,New England Revolution,Chivas USA,0,4,,,False,,False,Gillette Stadium,289721,
2010-05-05,2010,MLS,True,Houston Dynamo FC,FC Dallas,0,1,,,False,,False,Robertson Stadium,289722,
2010-05-05,2010,MLS,True,Colorado Rapids,LA Galaxy,0,1,,,False,,False,Dick's Sporting Goods Park,289723,
2010-05-08,2010,MLS,True,Real Salt Lake,Philadelphia Union,3,0,,,False,,False,America First Field,289727,
2010-05-08,2010,MLS,True,Seattle Sounders FC,LA Galaxy,0,4,,,False,,False,Qwest Field,289724,
2010-05-08,2010,MLS,True,Toronto FC,Chicago Fire FC,4,1,,,False,,False,BMO Field,289725,
2010-05-08,2010,MLS,True,Columbus Crew,New England Revolution,3,2,,,False,,False,Historic Crew Stadium,289726,
2010-05-08,2010,MLS,True,FC Dallas,D.C. United,1,0,,,False,,False,Pizza Hut Park,289728,
2010-05-08,2010,MLS,True,San Jose Earthquakes,Red Bull New York,4,0,,,False,,False,Buck Shaw Stadium,289729,
2010-05-08,2010,MLS,True,Chivas USA,Houston Dynamo FC,0,2,,,False,,False,StubHub Center,289730,
2010-05-13,2010,MLS,True,Real Salt Lake,Houston Dynamo FC,3,1,,,False,,False,America First Field,289731,
2010-05-15,2010,MLS,True,Philadelphia Union,FC Dallas,1,1,,,False,,False,Subaru Park,289732,
2010-05-15,2010,MLS,True,New England Revolution,San Jose Earthquakes,0,0,,,False,,False,Gillette Stadium,289733,
2010-05-15,2010,MLS,True,Columbus Crew,Chivas USA,1,0,,,False,,False,Historic Crew Stadium,289734,
2010-05-15,2010,MLS,True,D.C. United,Colorado Rapids,0,1,,,False,,False,R.F.K. Stadium,289735,
2010-05-15,2010,MLS,True,Red Bull New York,Seattle Sounders FC,0,1,,,False,,False,Red Bull Arena,289736,
2010-05-15,2010,MLS,True,Sporting Kansas City,Chicago Fire FC,2,2,,,False,,False,Community America Ballpark,289737,
2010-05-15,2010,MLS,True,LA Galaxy,Toronto FC,0,0,,,False,,False,StubHub Center,289738,
2010-05-20,2010,MLS,True,Red Bull New York,Columbus Crew,1,3,,,False,,False,Red Bull Arena,289739,
2010-05-20,2010,MLS,True,FC Dallas,LA Galaxy,0,1,,,False,,False,Pizza Hut Park,289740,
2010-05-22,2010,MLS,True,Toronto FC,New England Revolution,1,0,,,False,,False,BMO Field,289742,
2010-05-22,2010,MLS,True,Seattle Sounders FC,San Jose Earthquakes,0,1,,,False,,False,Qwest Field,289741,
2010-05-22,2010,MLS,True,Houston Dynamo FC,D.C. United,2,0,,,False,,False,Robertson Stadium,289744,
2010-05-22,2010,MLS,True,Chivas USA,Real Salt Lake,1,2,,,False,,False,StubHub Center,289745,
2010-05-23,2010,MLS,True,Sporting Kansas City,Columbus Crew,0,1,,,False,,False,Community America Ballpark,289746,
2010-05-27,2010,MLS,True,Chicago Fire FC,FC Dallas,1,1,,,False,,False,SeatGeek Stadium,289747,
2010-05-29,2010,MLS,True,Columbus Crew,LA Galaxy,0,2,,,False,,False,Historic Crew Stadium,289748,
2010-05-29,2010,MLS,True,D.C. United,Chivas USA,3,2,,,False,,False,R.F.K. Stadium,289749,
2010-05-29,2010,MLS,True,New England Revolution,Red Bull New York,3,2,,,False,,False,Gillette Stadium,289750,
2010-05-29,2010,MLS,True,Houston Dynamo FC,Philadelphia Union,2,3,,,False,,False,Robertson Stadium,289751,
2010-05-29,2010,MLS,True,Colorado Rapids,Seattle Sounders FC,1,0,,,False,,False,Dick's Sporting Goods Park,289752,
2010-05-29,2010,MLS,True,Real Salt Lake,Sporting Kansas City,4,1,,,False,,False,America First Field,289753,
2010-05-29,2010,MLS,True,San Jose Earthquakes,Toronto FC,1,3,,,False,,False,Buck Shaw Stadium,289754,
2010-06-02,2010,MLS,True,Red Bull New York,Houston Dynamo FC,2,1,,,False,,False,Red Bull Arena,289755,
2010-06-02,2010,MLS,True,San Jose Earthquakes,Columbus Crew,2,2,,,False,,False,Buck Shaw Stadium,289756,
2010-06-05,2010,MLS,True,Toronto FC,Sporting Kansas City,0,0,,,False,,False,BMO Field,289757,
2010-06-05,2010,MLS,True,D.C. United,Real Salt Lake,0,0,,,False,,False,R.F.K. Stadium,289758,
2010-06-05,2010,MLS,True,Red Bull New York,Chivas USA,1,0,,,False,,False,Red Bull Arena,289759,
2010-06-05,2010,MLS,True,LA Galaxy,Houston Dynamo FC,4,1,,,False,,False,StubHub Center,289760,
2010-06-05,2010,MLS,True,Chicago Fire FC,Philadelphia Union,2,1,,,False,,False,SeatGeek Stadium,289761,
2010-06-05,2010,MLS,True,FC Dallas,San Jose Earthquakes,2,0,,,False,,False,Pizza Hut Park,289762,
2010-06-05,2010,MLS,True,Colorado Rapids,Columbus Crew,1,0,,,False,,False,Dick's Sporting Goods Park,289763,
2010-06-05,2010,MLS,True,Seattle Sounders FC,New England Revolution,3,0,,,False,,False,Qwest Field,289764,
2010-06-09,2010,MLS,True,Chicago Fire FC,Colorado Rapids,2,2,,,False,,False,SeatGeek Stadium,289743,
2010-06-09,2010,MLS,True,Real Salt Lake,LA Galaxy,1,0,,,False,,False,America First Field,289765,
2010-06-10,2010,MLS,True,Sporting Kansas City,Philadelphia Union,2,0,,,False,,False,Community America Ballpark,289766,
2010-06-10,2010,MLS,True,Seattle Sounders FC,D.C. United,2,3,,,False,,False,Qwest Field,289767,
2010-06-25,2010,MLS,True,Real Salt Lake,San Jose Earthquakes,0,0,,,False,,False,America First Field,289768,
2010-06-26,2010,MLS,True,Columbus Crew,D.C. United,2,0,,,False,,False,Historic Crew Stadium,289769,
2010-06-26,2010,MLS,True,Toronto FC,LA Galaxy,0,0,,,False,,False,BMO Field,289770,
2010-06-26,2010,MLS,True,Houston Dynamo FC,Colorado Rapids,2,2,,,False,,False,Robertson Stadium,289771,
2010-06-26,2010,MLS,True,Sporting Kansas City,Red Bull New York,0,3,,,False,,False,Community America Ballpark,289772,
2010-06-26,2010,MLS,True,Chivas USA,FC Dallas,1,2,,,False,,False,StubHub Center,289773,
2010-06-27,2010,MLS,True,Philadelphia Union,Seattle Sounders FC,3,1,,,False,,False,Subaru Park,289774,
2010-06-27,2010,MLS,True,New England Revolution,Chicago Fire FC,0,1,,,False,,False,Gillette Stadium,289775,
2010-07-01,2010,MLS,True,Toronto FC,Houston Dynamo FC,1,1,,,False,,False,BMO Field,289776,
2010-07-02,2010,MLS,True,Real Salt Lake,New England Revolution,5,0,,,False,,False,America First Field,289777,
2010-07-03,2010,MLS,True,Columbus Crew,Chicago Fire FC,2,1,,,False,,False,Historic Crew Stadium,289778,
2010-07-03,2010,MLS,True,FC Dallas,Sporting Kansas City,1,0,,,False,,False,Pizza Hut Park,289779,
2010-07-03,2010,MLS,True,San Jose Earthquakes,D.C. United,1,1,,,False,,False,Buck Shaw Stadium,289780,
2010-07-03,2010,MLS,True,Chivas USA,Philadelphia Union,1,1,,,False,,False,StubHub Center,289781,
2010-07-04,2010,MLS,True,Colorado Rapids,Red Bull New York,1,1,,,False,,False,Dick's Sporting Goods Park,289782,
2010-07-04,2010,MLS,True,LA Galaxy,Seattle Sounders FC,3,1,,,False,,False,StubHub Center,289783,
2010-07-08,2010,MLS,True,Chicago Fire FC,Real Salt Lake,0,1,,,False,,False,SeatGeek Stadium,289784,
2010-07-10,2010,MLS,True,Toronto FC,Colorado Rapids,1,0,,,False,,False,BMO Field,289785,
2010-07-10,2010,MLS,True,Philadelphia Union,San Jose Earthquakes,1,2,,,False,,False,Subaru Park,289786,
2010-07-10,2010,MLS,True,New England Revolution,LA Galaxy,2,0,,,False,,False,Gillette Stadium,289788,
2010-07-10,2010,MLS,True,Red Bull New York,D.C. United,0,0,,,False,,False,Red Bull Arena,289787,
2010-07-10,2010,MLS,True,Houston Dynamo FC,Columbus Crew,0,0,,,False,,False,Robertson Stadium,289789,
2010-07-10,2010,MLS,True,Sporting Kansas City,Chivas USA,0,2,,,False,,False,Community America Ballpark,289790,
2010-07-11,2010,MLS,True,Seattle Sounders FC,FC Dallas,1,1,,,False,,False,Qwest Field,289791,
2010-07-14,2010,MLS,True,Columbus Crew,Sporting Kansas City,0,1,,,False,,False,Historic Crew Stadium,289792,
2010-07-15,2010,MLS,True,D.C. United,Seattle Sounders FC,0,1,,,False,,False,R.F.K. Stadium,289793,
2010-07-17,2010,MLS,True,Philadelphia Union,Toronto FC,2,1,,,False,,False,Subaru Park,289794,
2010-07-17,2010,MLS,True,Columbus Crew,Red Bull New York,2,0,,,False,,False,Historic Crew Stadium,289795,
2010-07-17,2010,MLS,True,FC Dallas,Real Salt Lake,2,0,,,False,,False,Pizza Hut Park,289796,
2010-07-17,2010,MLS,True,Colorado Rapids,Sporting Kansas City,1,1,,,False,,False,Dick's Sporting Goods Park,289797,
2010-07-18,2010,MLS,True,D.C. United,LA Galaxy,1,2,,,False,,False,R.F.K. Stadium,289798,
2010-07-22,2010,MLS,True,LA Galaxy,San Jose Earthquakes,2,2,,,False,,False,StubHub Center,289800,
2010-07-24,2010,MLS,True,Toronto FC,FC Dallas,1,1,,,False,,False,BMO Field,289801,
2010-07-24,2010,MLS,True,Columbus Crew,Houston Dynamo FC,3,0,,,False,,False,Historic Crew Stadium,289802,
2010-07-24,2010,MLS,True,Real Salt Lake,Chivas USA,1,1,,,False,,False,America First Field,289804,
2010-07-25,2010,MLS,True,Seattle Sounders FC,Colorado Rapids,2,1,,,False,,False,Qwest Field,289805,
2010-07-28,2010,MLS,True,MLS All-Stars,Manchester United,2,5,,,False,,False,Reliant Stadium,305012,
2010-07-31,2010,MLS,True,Philadelphia Union,New England Revolution,1,1,,,False,,False,Subaru Park,289806,
2010-07-31,2010,MLS,True,Colorado Rapids,FC Dallas,1,1,,,False,,False,Dick's Sporting Goods Park,289807,
2010-07-31,2010,MLS,True,Houston Dynamo FC,Red Bull New York,2,2,,,False,,False,Robertson Stadium,289808,
2010-07-31,2010,MLS,True,Sporting Kansas City,Toronto FC,1,0,,,False,,False,Community America Ballpark,289809,
2010-07-31,2010,MLS,True,Real Salt Lake,D.C. United,3,0,,,False,,False,America First Field,289810,
2010-07-31,2010,MLS,True,San Jose Earthquakes,Seattle Sounders FC,0,1,,,False,,False,Buck Shaw Stadium,289811,
2010-07-31,2010,MLS,True,Chivas USA,Columbus Crew,3,1,,,False,,False,StubHub Center,289812,
2010-08-01,2010,MLS,True,LA Galaxy,Chicago Fire FC,2,3,,,False,,False,StubHub Center,289813,
2010-08-05,2010,MLS,True,Philadelphia Union,Columbus Crew,1,2,,,False,,False,Subaru Park,289814,
2010-08-07,2010,MLS,True,Toronto FC,Chivas USA,2,1,,,False,,False,BMO Field,289815,
2010-08-07,2010,MLS,True,New England Revolution,D.C. United,1,0,,,False,,False,Gillette Stadium,289816,
2010-08-07,2010,MLS,True,Sporting Kansas City,Real Salt Lake,1,1,,,False,,False,Community America Ballpark,289817,
2010-08-07,2010,MLS,True,Colorado Rapids,San Jose Earthquakes,1,0,,,False,,False,Dick's Sporting Goods Park,289818,
2010-08-08,2010,MLS,True,FC Dallas,Philadelphia Union,3,1,,,False,,False,Pizza Hut Park,289819,
2010-08-08,2010,MLS,True,Chicago Fire FC,Red Bull New York,0,0,,,False,,False,SeatGeek Stadium,289820,
2010-08-08,2010,MLS,True,Seattle Sounders FC,Houston Dynamo FC,2,0,,,False,,False,Qwest Field,289821,
2010-08-11,2010,MLS,True,Philadelphia Union,Real Salt Lake,1,1,,,False,,False,Subaru Park,289823,
2010-08-11,2010,MLS,True,Red Bull New York,Toronto FC,1,0,,,False,,False,Red Bull Arena,289822,
2010-08-14,2010,MLS,True,Philadelphia Union,Colorado Rapids,1,1,,,False,,False,Subaru Park,289824,
2010-08-14,2010,MLS,True,Red Bull New York,LA Galaxy,0,1,,,False,,False,Red Bull Arena,289825,
2010-08-14,2010,MLS,True,D.C. United,FC Dallas,1,3,,,False,,False,R.F.K. Stadium,289826,
2010-08-14,2010,MLS,True,New England Revolution,Houston Dynamo FC,1,0,,,False,,False,Gillette Stadium,289827,
2010-08-14,2010,MLS,True,Real Salt Lake,Columbus Crew,2,0,,,False,,False,America First Field,289828,
2010-08-14,2010,MLS,True,San Jose Earthquakes,Sporting Kansas City,1,0,,,False,,False,Buck Shaw Stadium,289829,
2010-08-14,2010,MLS,True,Chivas USA,Seattle Sounders FC,0,0,,,False,,False,StubHub Center,289830,
2010-08-18,2010,MLS,True,Chicago Fire FC,New England Revolution,2,1,,,False,,False,SeatGeek Stadium,289831,
2010-08-21,2010,MLS,True,Toronto FC,Red Bull New York,1,4,,,False,,False,BMO Field,289832,
2010-08-21,2010,MLS,True,San Jose Earthquakes,LA Galaxy,1,0,,,False,,False,Buck Shaw Stadium,289833,
2010-08-21,2010,MLS,True,Columbus Crew,Colorado Rapids,3,1,,,False,,False,Historic Crew Stadium,289834,
2010-08-21,2010,MLS,True,FC Dallas,Chivas USA,1,0,,,False,,False,Pizza Hut Park,289835,
2010-08-21,2010,MLS,True,Houston Dynamo FC,Chicago Fire FC,4,3,,,False,,False,Robertson Stadium,289837,
2010-08-21,2010,MLS,True,Sporting Kansas City,New England Revolution,4,1,,,False,,False,Community America Ballpark,289836,
2010-08-22,2010,MLS,True,D.C. United,Philadelphia Union,2,0,,,False,,False,R.F.K. Stadium,289838,
2010-08-28,2010,MLS,True,Columbus Crew,FC Dallas,0,0,,,False,,False,Historic Crew Stadium,289839,
2010-08-28,2010,MLS,True,Toronto FC,Real Salt Lake,0,0,,,False,,False,BMO Field,289840,
2010-08-28,2010,MLS,True,New England Revolution,Philadelphia Union,1,2,,,False,,False,Gillette Stadium,289841,
2010-08-28,2010,MLS,True,Red Bull New York,San Jose Earthquakes,2,0,,,False,,False,Red Bull Arena,289842,
2010-08-28,2010,MLS,True,Colorado Rapids,Houston Dynamo FC,3,0,,,False,,False,Dick's Sporting Goods Park,289843,
2010-08-28,2010,MLS,True,LA Galaxy,Sporting Kansas City,0,2,,,False,,False,StubHub Center,289844,
2010-08-28,2010,MLS,True,Seattle Sounders FC,Chicago Fire FC,2,1,,,False,,False,Qwest Field,289845,
2010-08-29,2010,MLS,True,Chivas USA,D.C. United,1,0,,,False,,False,StubHub Center,289846,
2010-09-04,2010,MLS,True,Philadelphia Union,Sporting Kansas City,1,1,,,False,,False,Subaru Park,289847,
2010-09-04,2010,MLS,True,Chicago Fire FC,LA Galaxy,1,1,,,False,,False,SeatGeek Stadium,289848,
2010-09-04,2010,MLS,True,D.C. United,Columbus Crew,0,1,,,False,,False,R.F.K. Stadium,289849,
2010-09-04,2010,MLS,True,New England Revolution,Seattle Sounders FC,3,1,,,False,,False,Gillette Stadium,289850,
2010-09-04,2010,MLS,True,FC Dallas,Toronto FC,1,0,,,False,,False,Pizza Hut Park,289851,
2010-09-04,2010,MLS,True,Colorado Rapids,Chivas USA,3,0,,,False,,False,Dick's Sporting Goods Park,289853,
2010-09-04,2010,MLS,True,Real Salt Lake,Red Bull New York,1,0,,,False,,False,America First Field,289852,
2010-09-05,2010,MLS,True,Houston Dynamo FC,San Jose Earthquakes,1,2,,,False,,False,Robertson Stadium,289854,
2010-09-08,2010,MLS,True,Chicago Fire FC,Toronto FC,0,0,,,False,,False,SeatGeek Stadium,289855,
2010-09-09,2010,MLS,True,Seattle Sounders FC,Real Salt Lake,0,0,,,False,,False,Qwest Field,289856,
2010-09-10,2010,MLS,True,Chivas USA,New England Revolution,2,0,,,False,,False,StubHub Center,289857,
2010-09-11,2010,MLS,True,Red Bull New York,Colorado Rapids,3,1,,,False,,False,Red Bull Arena,289859,
2010-09-11,2010,MLS,True,Toronto FC,D.C. United,0,1,,,False,,False,BMO Field,289858,
2010-09-11,2010,MLS,True,Philadelphia Union,Chicago Fire FC,1,0,,,False,,False,Subaru Park,289860,
2010-09-11,2010,MLS,True,San Jose Earthquakes,FC Dallas,0,0,,,False,,False,Buck Shaw Stadium,289862,
2010-09-11,2010,MLS,True,LA Galaxy,Columbus Crew,3,1,,,False,,False,StubHub Center,289863,
2010-09-15,2010,MLS,True,San Jose Earthquakes,Philadelphia Union,1,0,,,False,,False,Buck Shaw Stadium,289864,
2010-09-16,2010,MLS,True,FC Dallas,Red Bull New York,2,2,,,False,,False,Pizza Hut Park,289867,
2010-09-18,2010,MLS,True,Real Salt Lake,Chicago Fire FC,1,0,,,False,,False,America First Field,289865,
2010-09-18,2010,MLS,True,Columbus Crew,Seattle Sounders FC,0,4,,,False,,False,Historic Crew Stadium,289866,
2010-09-18,2010,MLS,True,Houston Dynamo FC,Toronto FC,1,2,,,False,,False,Robertson Stadium,289868,
2010-09-18,2010,MLS,True,Colorado Rapids,New England Revolution,3,0,,,False,,False,Dick's Sporting Goods Park,289869,
2010-09-18,2010,MLS,True,LA Galaxy,D.C. United,2,1,,,False,,False,StubHub Center,289870,
2010-09-19,2010,MLS,True,Chivas USA,Sporting Kansas City,0,2,,,False,,False,StubHub Center,289871,
2010-09-22,2010,MLS,True,FC Dallas,New England Revolution,2,2,,,False,,False,Pizza Hut Park,289872,
2010-09-22,2010,MLS,True,Sporting Kansas City,Houston Dynamo FC,4,3,,,False,,False,Community America Ballpark,289861,
2010-09-24,2010,MLS,True,LA Galaxy,Red Bull New York,0,2,,,False,,False,StubHub Center,289873,
2010-09-25,2010,MLS,True,Philadelphia Union,Chivas USA,3,0,,,False,,False,Subaru Park,289874,
2010-09-25,2010,MLS,True,Toronto FC,San Jose Earthquakes,2,3,,,False,,False,BMO Field,289875,
2010-09-25,2010,MLS,True,D.C. United,Houston Dynamo FC,1,3,,,False,,False,R.F.K. Stadium,289876,
2010-09-25,2010,MLS,True,New England Revolution,Columbus Crew,2,2,,,False,,False,Gillette Stadium,289877,
2010-09-25,2010,MLS,True,Chicago Fire FC,Seattle Sounders FC,0,1,,,False,,False,SeatGeek Stadium,289878,
2010-09-25,2010,MLS,True,Sporting Kansas City,FC Dallas,1,3,,,False,,False,Community America Ballpark,289879,
2010-09-25,2010,MLS,True,Real Salt Lake,Colorado Rapids,1,1,,,False,,False,America First Field,289880,
2010-09-29,2010,MLS,True,Colorado Rapids,Philadelphia Union,4,1,,,False,,False,Dick's Sporting Goods Park,289799,
2010-09-29,2010,MLS,True,San Jose Earthquakes,Chicago Fire FC,0,3,,,False,,False,Buck Shaw Stadium,289881,
2010-10-02,2010,MLS,True,Seattle Sounders FC,Toronto FC,3,2,,,False,,False,Qwest Field,289882,
2010-10-02,2010,MLS,True,Philadelphia Union,Houston Dynamo FC,1,1,,,False,,False,Subaru Park,289883,
2010-10-02,2010,MLS,True,Columbus Crew,San Jose Earthquakes,0,0,,,False,,False,Historic Crew Stadium,289885,
2010-10-02,2010,MLS,True,New England Revolution,Real Salt Lake,1,2,,,False,,False,Gillette Stadium,289886,
2010-10-02,2010,MLS,True,Red Bull New York,Sporting Kansas City,1,0,,,False,,False,Red Bull Arena,289887,
2010-10-02,2010,MLS,True,FC Dallas,Chicago Fire FC,3,0,,,False,,False,Pizza Hut Park,289888,
2010-10-02,2010,MLS,True,Colorado Rapids,D.C. United,0,1,,,False,,False,Dick's Sporting Goods Park,289884,
2010-10-03,2010,MLS,True,Chivas USA,LA Galaxy,1,2,,,False,,False,StubHub Center,289889,
2010-10-07,2010,MLS,True,Philadelphia Union,LA Galaxy,0,1,,,False,,False,Subaru Park,289890,
2010-10-08,2010,MLS,True,Chicago Fire FC,Columbus Crew,2,0,,,False,,False,SeatGeek Stadium,289891,
2010-10-09,2010,MLS,True,Red Bull New York,Real Salt Lake,0,0,,,False,,False,Red Bull Arena,289893,
2010-10-09,2010,MLS,True,FC Dallas,Colorado Rapids,2,2,,,False,,False,Pizza Hut Park,289892,
2010-10-09,2010,MLS,True,D.C. United,San Jose Earthquakes,0,2,,,False,,False,R.F.K. Stadium,289894,
2010-10-09,2010,MLS,True,Sporting Kansas City,Seattle Sounders FC,1,2,,,False,,False,Community America Ballpark,289895,
2010-10-09,2010,MLS,True,Chivas USA,Toronto FC,3,0,,,False,,False,StubHub Center,289896,
2010-10-10,2010,MLS,True,Houston Dynamo FC,New England Revolution,1,2,,,False,,False,Robertson Stadium,289897,
2010-10-12,2010,MLS,True,Chicago Fire FC,Sporting Kansas City,0,2,,,False,,False,SeatGeek Stadium,289803,
2010-10-15,2010,MLS,True,Seattle Sounders FC,Chivas USA,2,1,,,False,,False,Qwest Field,289898,
2010-10-16,2010,MLS,True,Chicago Fire FC,D.C. United,0,0,,,False,,False,SeatGeek Stadium,289899,
2010-10-16,2010,MLS,True,Toronto FC,Columbus Crew,2,2,,,False,,False,BMO Field,289900,
2010-10-16,2010,MLS,True,Philadelphia Union,Red Bull New York,2,1,,,False,,False,Subaru Park,289901,
2010-10-16,2010,MLS,True,New England Revolution,Sporting Kansas City,1,0,,,False,,False,Gillette Stadium,289902,
2010-10-16,2010,MLS,True,Real Salt Lake,FC Dallas,2,0,,,False,,False,America First Field,289903,
2010-10-16,2010,MLS,True,San Jose Earthquakes,Houston Dynamo FC,0,1,,,False,,False,Buck Shaw Stadium,289904,
2010-10-16,2010,MLS,True,LA Galaxy,Colorado Rapids,1,3,,,False,,False,StubHub Center,289905,
2010-10-20,2010,MLS,True,San Jose Earthquakes,Chivas USA,3,0,,,False,,False,Buck Shaw Stadium,289906,
2010-10-21,2010,MLS,True,Red Bull New York,New England Revolution,2,0,,,False,,False,Red Bull Arena,289907,
2010-10-23,2010,MLS,True,Houston Dynamo FC,Seattle Sounders FC,2,1,,,False,,False,Robertson Stadium,289908,
2010-10-23,2010,MLS,True,D.C. United,Toronto FC,2,3,,,False,,False,R.F.K. Stadium,289910,
2010-10-23,2010,MLS,True,Sporting Kansas City,San Jose Earthquakes,4,1,,,False,,False,Community America Ballpark,289911,
2010-10-23,2010,MLS,True,Colorado Rapids,Real Salt Lake,2,2,,,False,,False,Dick's Sporting Goods Park,289909,
2010-10-23,2010,MLS,True,Chivas USA,Chicago Fire FC,1,4,,,False,,False,StubHub Center,289912,
2010-10-24,2010,MLS,True,Columbus Crew,Philadelphia Union,3,1,,,False,,False,Historic Crew Stadium,289913,
2010-10-24,2010,MLS,True,LA Galaxy,FC Dallas,2,1,,,False,,False,StubHub Center,289914,
2010-10-28,2010,MLS,True,Colorado Rapids,Columbus Crew,1,0,,,False,,False,Dick's Sporting Goods Park,309356,
2010-10-30,2010,MLS,True,FC Dallas,Real Salt Lake,2,1,,,False,,False,Pizza Hut Park,309355,
2010-10-30,2010,MLS,True,San Jose Earthquakes,Red Bull New York,0,1,,,False,,False,Buck Shaw Stadium,309403,
2010-10-31,2010,MLS,True,Seattle Sounders FC,LA Galaxy,0,1,,,False,,False,Qwest Field,309400,
2010-11-04,2010,MLS,True,Red Bull New York,San Jose Earthquakes,1,3,,,False,,False,Red Bull Arena,309372,
2010-11-06,2010,MLS,True,Columbus Crew,Colorado Rapids,2,1,4.0,5.0,True,Colorado Rapids,False,Historic Crew Stadium,309404,
2010-11-06,2010,MLS,True,Real Salt Lake,FC Dallas,1,1,,,False,,False,America First Field,309401,
2010-11-07,2010,MLS,True,LA Galaxy,Seattle Sounders FC,2,1,,,False,,False,StubHub Center,309402,
2010-11-13,2010,MLS,True,Colorado Rapids,San Jose Earthquakes,1,0,,,False,,False,Dick's Sporting Goods Park,309709,
2010-11-14,2010,MLS,True,LA Galaxy,FC Dallas,0,3,,,False,,False,StubHub Center,309708,
2010-11-21,2010,MLS,True,Colorado Rapids,FC Dallas,2,1,,,False,,False,BMO Field,309816,
2011-03-15,2011,MLS,True,Seattle Sounders FC,LA Galaxy,0,1,,,False,,False,Qwest Field,312218,
2011-03-19,2011,MLS,True,Vancouver Whitecaps,Toronto FC,4,2,,,False,,False,Empire Field,312219,
2011-03-19,2011,MLS,True,D.C. United,Columbus Crew,3,1,,,False,,False,R.F.K. Stadium,312220,
2011-03-19,2011,MLS,True,Red Bull New York,Seattle Sounders FC,1,0,,,False,,False,Red Bull Arena,312221,
2011-03-19,2011,MLS,True,FC Dallas,Chicago Fire FC,1,1,,,False,,False,Pizza Hut Park,312222,
2011-03-19,2011,MLS,True,Houston Dynamo FC,Philadelphia Union,0,1,,,False,,False,Robertson Stadium,312223,
2011-03-19,2011,MLS,True,Colorado Rapids,Portland Timbers,3,1,,,False,,False,Dick's Sporting Goods Park,312224,
2011-03-19,2011,MLS,True,Chivas USA,Sporting Kansas City,2,3,,,False,,False,StubHub Center,312886,
2011-03-19,2011,MLS,True,San Jose Earthquakes,Real Salt Lake,0,1,,,False,,False,Buck Shaw Stadium,312226,
2011-03-20,2011,MLS,True,LA Galaxy,New England Revolution,1,1,,,False,,False,StubHub Center,312227,
2011-03-25,2011,MLS,True,Seattle Sounders FC,Houston Dynamo FC,1,1,,,False,,False,Qwest Field,314103,
2011-03-26,2011,MLS,True,Toronto FC,Portland Timbers,2,0,,,False,,False,BMO Field,312231,
2011-03-26,2011,MLS,True,Chicago Fire FC,Sporting Kansas City,3,2,,,False,,False,SeatGeek Stadium,312887,
2011-03-26,2011,MLS,True,Columbus Crew,Red Bull New York,0,0,,,False,,False,Historic Crew Stadium,312228,
2011-03-26,2011,MLS,True,Philadelphia Union,Vancouver Whitecaps,1,0,,,False,,False,Subaru Park,312229,
2011-03-26,2011,MLS,True,New England Revolution,D.C. United,2,1,,,False,,False,Gillette Stadium,312232,
2011-03-26,2011,MLS,True,FC Dallas,San Jose Earthquakes,0,2,,,False,,False,Pizza Hut Park,314102,
2011-03-26,2011,MLS,True,Real Salt Lake,LA Galaxy,4,1,,,False,,False,America First Field,312233,
2011-03-26,2011,MLS,True,Chivas USA,Colorado Rapids,0,1,,,False,,False,StubHub Center,314104,
2011-04-01,2011,MLS,True,Columbus Crew,FC Dallas,2,0,,,False,,False,Historic Crew Stadium,314106,
2011-04-02,2011,MLS,True,Toronto FC,Chivas USA,1,1,,,False,,False,BMO Field,314105,
2011-04-02,2011,MLS,True,Vancouver Whitecaps,Sporting Kansas City,3,3,,,False,,False,Empire Field,314107,
2011-04-02,2011,MLS,True,New England Revolution,Portland Timbers,1,1,,,False,,False,Gillette Stadium,314108,
2011-04-02,2011,MLS,True,Red Bull New York,Houston Dynamo FC,1,1,,,False,,False,Red Bull Arena,314109,
2011-04-02,2011,MLS,True,LA Galaxy,Philadelphia Union,1,0,,,False,,False,StubHub Center,314110,
2011-04-02,2011,MLS,True,San Jose Earthquakes,Seattle Sounders FC,2,2,,,False,,False,Buck Shaw Stadium,314111,
2011-04-03,2011,MLS,True,Colorado Rapids,D.C. United,4,1,,,False,,False,Dick's Sporting Goods Park,314112,
2011-04-06,2011,MLS,True,Vancouver Whitecaps,New England Revolution,1,1,,,False,,False,Empire Field,314113,
2011-04-08,2011,MLS,True,FC Dallas,Colorado Rapids,3,0,,,False,,False,Pizza Hut Park,314118,
2011-04-09,2011,MLS,True,Seattle Sounders FC,Chicago Fire FC,2,1,,,False,,False,Qwest Field,314114,
2011-04-09,2011,MLS,True,D.C. United,LA Galaxy,1,1,,,False,,False,RFK Memorial,314116,
2011-04-09,2011,MLS,True,Philadelphia Union,Red Bull New York,1,0,,,False,,False,Subaru Park,314115,
2011-04-09,2011,MLS,True,New England Revolution,Real Salt Lake,0,2,,,False,,False,Gillette Stadium,314117,
2011-04-09,2011,MLS,True,Chivas USA,Columbus Crew,0,0,,,False,,False,StubHub Center,314119,
2011-04-09,2011,MLS,True,San Jose Earthquakes,Toronto FC,1,1,,,False,,False,Buck Shaw Stadium,314120,
2011-04-10,2011,MLS,True,Houston Dynamo FC,Vancouver Whitecaps,3,1,,,False,,False,Robertson Stadium,314121,
2011-04-13,2011,MLS,True,Toronto FC,LA Galaxy,0,0,,,False,,False,BMO Field,314122,
2011-04-13,2011,MLS,True,Real Salt Lake,Colorado Rapids,1,0,,,False,,False,America First Field,314123,
2011-04-14,2011,MLS,True,Portland Timbers,Chicago Fire FC,4,2,,,False,,False,Providence Park,312234,
2011-04-16,2011,MLS,True,Philadelphia Union,Seattle Sounders FC,1,1,,,False,,False,Subaru Park,314124,
2011-04-16,2011,MLS,True,Toronto FC,D.C. United,0,3,,,False,,False,BMO Field,314125,
2011-04-16,2011,MLS,True,Vancouver Whitecaps,Chivas USA,0,0,,,False,,False,Empire Field,314126,
2011-04-16,2011,MLS,True,Columbus Crew,Sporting Kansas City,1,0,,,False,,False,Historic Crew Stadium,314127,
2011-04-16,2011,MLS,True,Red Bull New York,San Jose Earthquakes,3,0,,,False,,False,Red Bull Arena,314128,
2011-04-17,2011,MLS,True,Chicago Fire FC,LA Galaxy,1,2,,,False,,False,SeatGeek Stadium,314129,
2011-04-17,2011,MLS,True,Portland Timbers,FC Dallas,3,2,,,False,,False,Providence Park,314130,
2011-04-17,2011,MLS,True,Houston Dynamo FC,New England Revolution,1,0,,,False,,False,Robertson Stadium,314131,
2011-04-21,2011,MLS,True,D.C. United,Red Bull New York,0,4,,,False,,False,R.F.K. Stadium,314132,
2011-04-22,2011,MLS,True,Colorado Rapids,Seattle Sounders FC,0,1,,,False,,False,Dick's Sporting Goods Park,314133,
2011-04-23,2011,MLS,True,San Jose Earthquakes,Chivas USA,1,2,,,False,,False,Buck Shaw Stadium,314134,
2011-04-23,2011,MLS,True,Toronto FC,Columbus Crew,1,1,,,False,,False,BMO Field,314135,
2011-04-23,2011,MLS,True,Vancouver Whitecaps,FC Dallas,1,2,,,False,,False,Empire Field,314136,
2011-04-23,2011,MLS,True,New England Revolution,Sporting Kansas City,3,2,,,False,,False,Gillette Stadium,314137,
2011-04-23,2011,MLS,True,Chicago Fire FC,Houston Dynamo FC,1,1,,,False,,False,SeatGeek Stadium,314138,
2011-04-23,2011,MLS,True,LA Galaxy,Portland Timbers,3,0,,,False,,False,StubHub Center,314140,
2011-04-29,2011,MLS,True,Houston Dynamo FC,D.C. United,4,1,,,False,,False,Robertson Stadium,314141,
2011-04-30,2011,MLS,True,Philadelphia Union,San Jose Earthquakes,1,0,,,False,,False,Subaru Park,314142,
2011-04-30,2011,MLS,True,Columbus Crew,Vancouver Whitecaps,2,1,,,False,,False,Historic Crew Stadium,314143,
2011-04-30,2011,MLS,True,Red Bull New York,Sporting Kansas City,1,0,,,False,,False,Red Bull Arena,314144,
2011-04-30,2011,MLS,True,Colorado Rapids,Chicago Fire FC,1,1,,,False,,False,Dick's Sporting Goods Park,314145,
2011-04-30,2011,MLS,True,Seattle Sounders FC,Toronto FC,3,0,,,False,,False,Qwest Field,314146,
2011-04-30,2011,MLS,True,Chivas USA,New England Revolution,3,0,,,False,,False,StubHub Center,314147,
2011-04-30,2011,MLS,True,Portland Timbers,Real Salt Lake,1,0,,,False,,False,Providence Park,314148,
2011-05-01,2011,MLS,True,FC Dallas,LA Galaxy,2,1,,,False,,False,Pizza Hut Park,314149,
2011-05-04,2011,MLS,True,D.C. United,Seattle Sounders FC,2,1,,,False,,False,R.F.K. Stadium,314150,
2011-05-04,2011,MLS,True,Houston Dynamo FC,Colorado Rapids,1,2,,,False,,False,Robertson Stadium,314151,
2011-05-06,2011,MLS,True,Portland Timbers,Philadelphia Union,1,0,,,False,,False,Providence Park,314158,
2011-05-07,2011,MLS,True,Real Salt Lake,Chivas USA,1,0,,,False,,False,America First Field,314152,
2011-05-07,2011,MLS,True,Toronto FC,Houston Dynamo FC,2,1,,,False,,False,BMO Field,314153,
2011-05-07,2011,MLS,True,Columbus Crew,Seattle Sounders FC,1,1,,,False,,False,Historic Crew Stadium,314154,
2011-05-07,2011,MLS,True,D.C. United,FC Dallas,0,0,,,False,,False,R.F.K. Stadium,314155,
2011-05-07,2011,MLS,True,New England Revolution,Colorado Rapids,0,0,,,False,,False,Gillette Stadium,314156,
2011-05-07,2011,MLS,True,Chicago Fire FC,Vancouver Whitecaps,0,0,,,False,,False,SeatGeek Stadium,314157,
2011-05-07,2011,MLS,True,LA Galaxy,Red Bull New York,1,1,,,False,,False,StubHub Center,314159,
2011-05-11,2011,MLS,True,Philadelphia Union,LA Galaxy,1,1,,,False,,False,Subaru Park,314160,
2011-05-11,2011,MLS,True,FC Dallas,Toronto FC,1,0,,,False,,False,Pizza Hut Park,314161,
2011-05-11,2011,MLS,True,Vancouver Whitecaps,San Jose Earthquakes,1,1,,,False,,False,Empire Field,314162,
2011-05-14,2011,MLS,True,Toronto FC,Chicago Fire FC,2,2,,,False,,False,BMO Field,314163,
2011-05-14,2011,MLS,True,D.C. United,Colorado Rapids,1,1,,,False,,False,R.F.K. Stadium,314164,
2011-05-14,2011,MLS,True,New England Revolution,Vancouver Whitecaps,1,0,,,False,,False,Gillette Stadium,314165,
2011-05-14,2011,MLS,True,FC Dallas,Philadelphia Union,2,0,,,False,,False,Pizza Hut Park,314166,
2011-05-14,2011,MLS,True,Real Salt Lake,Houston Dynamo FC,0,0,,,False,,False,America First Field,314167,
2011-05-14,2011,MLS,True,LA Galaxy,Sporting Kansas City,4,1,,,False,,False,StubHub Center,314168,
2011-05-14,2011,MLS,True,San Jose Earthquakes,Columbus Crew,3,0,,,False,,False,Buck Shaw Stadium,314169,
2011-05-14,2011,MLS,True,Seattle Sounders FC,Portland Timbers,1,1,,,False,,False,Qwest Field,314170,
2011-05-15,2011,MLS,True,Red Bull New York,Chivas USA,2,3,,,False,,False,Red Bull Arena,314171,
2011-05-21,2011,MLS,True,Philadelphia Union,Chicago Fire FC,2,1,,,False,,False,Subaru Park,314172,
2011-05-21,2011,MLS,True,Houston Dynamo FC,Red Bull New York,2,2,,,False,,False,Robertson Stadium,314173,
2011-05-21,2011,MLS,True,Chivas USA,LA Galaxy,0,1,,,False,,False,StubHub Center,314174,
2011-05-21,2011,MLS,True,Seattle Sounders FC,Sporting Kansas City,1,0,,,False,,False,Qwest Field,314175,
2011-05-21,2011,MLS,True,San Jose Earthquakes,New England Revolution,2,1,,,False,,False,Buck Shaw Stadium,314177,
2011-05-21,2011,MLS,True,Portland Timbers,Columbus Crew,1,0,,,False,,False,Providence Park,314176,
2011-05-22,2011,MLS,True,Colorado Rapids,Toronto FC,0,0,,,False,,False,Dick's Sporting Goods Park,314179,
2011-05-22,2011,MLS,True,FC Dallas,Real Salt Lake,0,0,,,False,,False,Pizza Hut Park,314178,
2011-05-25,2011,MLS,True,Red Bull New York,Colorado Rapids,2,2,,,False,,False,Red Bull Arena,314180,
2011-05-25,2011,MLS,True,Seattle Sounders FC,FC Dallas,0,1,,,False,,False,Qwest Field,314181,
2011-05-25,2011,MLS,True,LA Galaxy,Houston Dynamo FC,1,0,,,False,,False,StubHub Center,314182,
2011-05-28,2011,MLS,True,Toronto FC,Philadelphia Union,2,6,,,False,,False,BMO Field,314183,
2011-05-28,2011,MLS,True,Vancouver Whitecaps,Red Bull New York,1,1,,,False,,False,Empire Field,314184,
2011-05-28,2011,MLS,True,Columbus Crew,Chivas USA,3,3,,,False,,False,Historic Crew Stadium,314185,
2011-05-28,2011,MLS,True,New England Revolution,LA Galaxy,0,1,,,False,,False,Gillette Stadium,314186,
2011-05-28,2011,MLS,True,Chicago Fire FC,San Jose Earthquakes,2,2,,,False,,False,SeatGeek Stadium,314187,
2011-05-28,2011,MLS,True,Houston Dynamo FC,FC Dallas,2,2,,,False,,False,Robertson Stadium,314188,
2011-05-28,2011,MLS,True,Colorado Rapids,Sporting Kansas City,1,1,,,False,,False,Dick's Sporting Goods Park,314189,
2011-05-28,2011,MLS,True,Real Salt Lake,Seattle Sounders FC,1,2,,,False,,False,America First Field,314190,
2011-05-29,2011,MLS,True,Portland Timbers,D.C. United,2,3,,,False,,False,Providence Park,314191,
2011-06-01,2011,MLS,True,Chivas USA,Vancouver Whitecaps,1,1,,,False,,False,StubHub Center,314192,
2011-06-03,2011,MLS,True,LA Galaxy,D.C. United,0,0,,,False,,False,StubHub Center,314200,
2011-06-04,2011,MLS,True,Toronto FC,Sporting Kansas City,0,0,,,False,,False,BMO Field,314193,
2011-06-04,2011,MLS,True,Red Bull New York,Columbus Crew,1,1,,,False,,False,Red Bull Arena,314194,
2011-06-04,2011,MLS,True,Chicago Fire FC,Seattle Sounders FC,0,0,,,False,,False,SeatGeek Stadium,314195,
2011-06-04,2011,MLS,True,FC Dallas,New England Revolution,1,0,,,False,,False,Pizza Hut Park,314196,
2011-06-04,2011,MLS,True,Colorado Rapids,Philadelphia Union,1,1,,,False,,False,Dick's Sporting Goods Park,314197,
2011-06-04,2011,MLS,True,Real Salt Lake,Vancouver Whitecaps,2,0,,,False,,False,America First Field,314198,
2011-06-04,2011,MLS,True,Chivas USA,Portland Timbers,1,0,,,False,,False,StubHub Center,314201,
2011-06-04,2011,MLS,True,San Jose Earthquakes,Houston Dynamo FC,2,0,,,False,,False,Buck Shaw Stadium,314199,
2011-06-08,2011,MLS,True,Columbus Crew,Real Salt Lake,2,1,,,False,,False,Historic Crew Stadium,314202,
2011-06-09,2011,MLS,True,Sporting Kansas City,Chicago Fire FC,0,0,,,False,,False,Children's Mercy Park,312888,
2011-06-10,2011,MLS,True,Red Bull New York,New England Revolution,2,1,,,False,,False,Red Bull Arena,314205,
2011-06-11,2011,MLS,True,Philadelphia Union,Real Salt Lake,1,1,,,False,,False,Subaru Park,314203,
2011-06-11,2011,MLS,True,D.C. United,San Jose Earthquakes,2,4,,,False,,False,R.F.K. Stadium,314204,
2011-06-11,2011,MLS,True,Houston Dynamo FC,Chivas USA,2,1,,,False,,False,Robertson Stadium,314206,
2011-06-11,2011,MLS,True,LA Galaxy,Toronto FC,2,2,,,False,,False,StubHub Center,314208,
2011-06-11,2011,MLS,True,Portland Timbers,Colorado Rapids,0,1,,,False,,False,Providence Park,314209,
2011-06-11,2011,MLS,True,Seattle Sounders FC,Vancouver Whitecaps,2,2,,,False,,False,Qwest Field,314207,
2011-06-12,2011,MLS,True,Columbus Crew,Chicago Fire FC,0,1,,,False,,False,Historic Crew Stadium,314210,
2011-06-12,2011,MLS,True,FC Dallas,Sporting Kansas City,1,4,,,False,,False,Pizza Hut Park,314211,
2011-06-15,2011,MLS,True,New England Revolution,Toronto FC,0,0,,,False,,False,Gillette Stadium,314212,
2011-06-17,2011,MLS,True,Sporting Kansas City,San Jose Earthquakes,1,0,,,False,,False,Children's Mercy Park,314216,
2011-06-18,2011,MLS,True,Toronto FC,Seattle Sounders FC,0,1,,,False,,False,BMO Field,314213,
2011-06-18,2011,MLS,True,New England Revolution,Chicago Fire FC,1,1,,,False,,False,Gillette Stadium,314215,
2011-06-18,2011,MLS,True,Houston Dynamo FC,Columbus Crew,0,2,,,False,,False,Robertson Stadium,314217,
2011-06-18,2011,MLS,True,Colorado Rapids,LA Galaxy,1,3,,,False,,False,Dick's Sporting Goods Park,314218,
2011-06-18,2011,MLS,True,Real Salt Lake,D.C. United,1,1,,,False,,False,America First Field,314219,
2011-06-18,2011,MLS,True,Vancouver Whitecaps,Philadelphia Union,1,0,,,False,,False,Empire Field,314214,
2011-06-18,2011,MLS,True,Chivas USA,FC Dallas,1,2,,,False,,False,StubHub Center,314220,
2011-06-19,2011,MLS,True,Portland Timbers,Red Bull New York,3,3,,,False,,False,Providence Park,314221,
2011-06-22,2011,MLS,True,Philadelphia Union,Sporting Kansas City,0,0,,,False,,False,Subaru Park,314222,
2011-06-22,2011,MLS,True,Chicago Fire FC,Real Salt Lake,0,0,,,False,,False,SeatGeek Stadium,314223,
2011-06-23,2011,MLS,True,Seattle Sounders FC,Red Bull New York,4,2,,,False,,False,Qwest Field,314224,
2011-06-25,2011,MLS,True,D.C. United,Houston Dynamo FC,2,2,,,False,,False,R.F.K. Stadium,314226,
2011-06-25,2011,MLS,True,San Jose Earthquakes,LA Galaxy,0,0,,,False,,False,Buck Shaw Stadium,314230,
2011-06-25,2011,MLS,True,Philadelphia Union,Chivas USA,3,2,,,False,,False,Subaru Park,314225,
2011-06-25,2011,MLS,True,FC Dallas,Portland Timbers,4,0,,,False,,False,Pizza Hut Park,314227,
2011-06-25,2011,MLS,True,Sporting Kansas City,Vancouver Whitecaps,2,1,,,False,,False,Children's Mercy Park,314228,
2011-06-25,2011,MLS,True,Real Salt Lake,Toronto FC,3,1,,,False,,False,America First Field,314229,
2011-06-26,2011,MLS,True,Chicago Fire FC,Red Bull New York,1,1,,,False,,False,SeatGeek Stadium,314231,
2011-06-26,2011,MLS,True,Seattle Sounders FC,New England Revolution,2,1,,,False,,False,Qwest Field,314232,
2011-06-26,2011,MLS,True,Columbus Crew,Colorado Rapids,4,1,,,False,,False,Historic Crew Stadium,314233,
2011-06-29,2011,MLS,True,Toronto FC,Vancouver Whitecaps,1,0,,,False,,False,BMO Field,314234,
2011-07-02,2011,MLS,True,D.C. United,Philadelphia Union,2,2,,,False,,False,R.F.K. Stadium,314235,
2011-07-02,2011,MLS,True,FC Dallas,Columbus Crew,2,0,,,False,,False,Pizza Hut Park,314236,
2011-07-02,2011,MLS,True,Chivas USA,Chicago Fire FC,1,1,,,False,,False,StubHub Center,314237,
2011-07-02,2011,MLS,True,San Jose Earthquakes,Red Bull New York,2,2,,,False,,False,Stanford,314238,
2011-07-02,2011,MLS,True,Portland Timbers,Sporting Kansas City,1,2,,,False,,False,Providence Park,314239,
2011-07-03,2011,MLS,True,Colorado Rapids,Houston Dynamo FC,0,0,,,False,,False,Dick's Sporting Goods Park,314240,
2011-07-04,2011,MLS,True,Real Salt Lake,New England Revolution,3,3,,,False,,False,America First Field,314241,
2011-07-04,2011,MLS,True,LA Galaxy,Seattle Sounders FC,0,0,,,False,,False,StubHub Center,314242,
2011-07-06,2011,MLS,True,Red Bull New York,Toronto FC,5,0,,,False,,False,Red Bull Arena,314244,
2011-07-06,2011,MLS,True,Sporting Kansas City,Colorado Rapids,1,1,,,False,,False,Children's Mercy Park,314243,
2011-07-06,2011,MLS,True,Vancouver Whitecaps,Columbus Crew,0,1,,,False,,False,Empire Field,314245,
2011-07-06,2011,MLS,True,Chivas USA,San Jose Earthquakes,2,0,,,False,,False,StubHub Center,314246,
2011-07-09,2011,MLS,True,Red Bull New York,D.C. United,0,1,,,False,,False,Red Bull Arena,314247,
2011-07-09,2011,MLS,True,Sporting Kansas City,Chivas USA,1,1,,,False,,False,Children's Mercy Park,314248,
2011-07-09,2011,MLS,True,Houston Dynamo FC,Toronto FC,2,0,,,False,,False,Robertson Stadium,314249,
2011-07-09,2011,MLS,True,Colorado Rapids,Vancouver Whitecaps,2,1,,,False,,False,Dick's Sporting Goods Park,314250,
2011-07-09,2011,MLS,True,Real Salt Lake,FC Dallas,2,0,,,False,,False,America First Field,314251,
2011-07-09,2011,MLS,True,LA Galaxy,Chicago Fire FC,2,1,,,False,,False,StubHub Center,314253,
2011-07-09,2011,MLS,True,San Jose Earthquakes,Philadelphia Union,0,0,,,False,,False,Buck Shaw Stadium,314252,
2011-07-10,2011,MLS,True,Portland Timbers,Seattle Sounders FC,2,3,,,False,,False,Providence Park,314254,
2011-07-16,2011,MLS,True,Seattle Sounders FC,Colorado Rapids,4,3,,,False,,False,Qwest Field,314255,
2011-07-16,2011,MLS,True,Columbus Crew,San Jose Earthquakes,0,0,,,False,,False,Historic Crew Stadium,314257,
2011-07-16,2011,MLS,True,Chicago Fire FC,Portland Timbers,0,1,,,False,,False,SeatGeek Stadium,314259,
2011-07-16,2011,MLS,True,FC Dallas,D.C. United,0,0,,,False,,False,Pizza Hut Park,314261,
2011-07-16,2011,MLS,True,Houston Dynamo FC,Sporting Kansas City,1,1,,,False,,False,Robertson Stadium,314260,
2011-07-16,2011,MLS,True,Chivas USA,Red Bull New York,0,0,,,False,,False,StubHub Center,314262,
2011-07-17,2011,MLS,True,New England Revolution,Philadelphia Union,0,3,,,False,,False,Gillette Stadium,314258,
2011-07-20,2011,MLS,True,D.C. United,New England Revolution,0,1,,,False,,False,R.F.K. Stadium,314263,
2011-07-20,2011,MLS,True,Toronto FC,FC Dallas,0,1,,,False,,False,BMO Field,314264,
2011-07-20,2011,MLS,True,Colorado Rapids,Red Bull New York,4,1,,,False,,False,Dick's Sporting Goods Park,314265,
2011-07-20,2011,MLS,True,LA Galaxy,Columbus Crew,1,0,,,False,,False,StubHub Center,314267,
2011-07-20,2011,MLS,True,San Jose Earthquakes,Vancouver Whitecaps,2,2,,,False,,False,Buck Shaw Stadium,314266,
2011-07-23,2011,MLS,True,Red Bull New York,FC Dallas,2,2,,,False,,False,Red Bull Arena,314268,
2011-07-23,2011,MLS,True,Columbus Crew,Portland Timbers,1,0,,,False,,False,Historic Crew Stadium,314270,
2011-07-23,2011,MLS,True,Sporting Kansas City,Toronto FC,4,2,,,False,,False,Children's Mercy Park,314269,
2011-07-23,2011,MLS,True,Colorado Rapids,New England Revolution,2,2,,,False,,False,Dick's Sporting Goods Park,314271,
2011-07-23,2011,MLS,True,Real Salt Lake,San Jose Earthquakes,4,0,,,False,,False,America First Field,314272,
2011-07-23,2011,MLS,True,Chivas USA,Houston Dynamo FC,3,0,,,False,,False,StubHub Center,314274,
2011-07-27,2011,MLS,True,MLS All-Stars,Manchester United,0,4,,,False,,False,Red Bull Arena,326602,
2011-07-29,2011,MLS,True,Philadelphia Union,Colorado Rapids,1,2,,,False,,False,Subaru Park,314275,
2011-07-30,2011,MLS,True,Vancouver Whitecaps,LA Galaxy,0,4,,,False,,False,Empire Field,314277,
2011-07-30,2011,MLS,True,Houston Dynamo FC,Seattle Sounders FC,3,1,,,False,,False,Robertson Stadium,314278,
2011-07-30,2011,MLS,True,Sporting Kansas City,New England Revolution,1,1,,,False,,False,Children's Mercy Park,314276,
2011-07-30,2011,MLS,True,Real Salt Lake,Columbus Crew,0,2,,,False,,False,America First Field,314279,
2011-07-30,2011,MLS,True,San Jose Earthquakes,D.C. United,0,2,,,False,,False,Buck Shaw Stadium,314280,
2011-07-30,2011,MLS,True,Portland Timbers,Toronto FC,2,2,,,False,,False,Providence Park,314281,
2011-07-31,2011,MLS,True,FC Dallas,Chivas USA,1,0,,,False,,False,Pizza Hut Park,314282,
2011-08-03,2011,MLS,True,Sporting Kansas City,Real Salt Lake,2,0,,,False,,False,Children's Mercy Park,314283,
2011-08-03,2011,MLS,True,Chicago Fire FC,Philadelphia Union,1,1,,,False,,False,SeatGeek Stadium,314285,
2011-08-03,2011,MLS,True,Portland Timbers,LA Galaxy,3,0,,,False,,False,Providence Park,314286,
2011-08-05,2011,MLS,True,Colorado Rapids,Columbus Crew,2,0,,,False,,False,Dick's Sporting Goods Park,314291,
2011-08-06,2011,MLS,True,D.C. United,Toronto FC,3,3,,,False,,False,R.F.K. Stadium,314287,
2011-08-06,2011,MLS,True,New England Revolution,Chivas USA,2,3,,,False,,False,Gillette Stadium,314288,
2011-08-06,2011,MLS,True,Philadelphia Union,Houston Dynamo FC,1,1,,,False,,False,Subaru Park,314289,
2011-08-06,2011,MLS,True,Sporting Kansas City,Seattle Sounders FC,1,2,,,False,,False,Children's Mercy Park,314290,
2011-08-06,2011,MLS,True,Real Salt Lake,Red Bull New York,3,0,,,False,,False,America First Field,314292,
2011-08-06,2011,MLS,True,LA Galaxy,FC Dallas,3,1,,,False,,False,StubHub Center,314293,
2011-08-06,2011,MLS,True,San Jose Earthquakes,Portland Timbers,1,1,,,False,,False,Buck Shaw Stadium,314294,
2011-08-07,2011,MLS,True,Vancouver Whitecaps,Chicago Fire FC,4,2,,,False,,False,Empire Field,314295,
2011-08-13,2011,MLS,True,Seattle Sounders FC,Chivas USA,0,0,,,False,,False,Qwest Field,314296,
2011-08-13,2011,MLS,True,Toronto FC,Real Salt Lake,1,0,,,False,,False,BMO Field,314297,
2011-08-13,2011,MLS,True,Columbus Crew,New England Revolution,3,1,,,False,,False,Historic Crew Stadium,314298,
2011-08-13,2011,MLS,True,D.C. United,Vancouver Whitecaps,4,0,,,False,,False,R.F.K. Stadium,314299,
2011-08-13,2011,MLS,True,Red Bull New York,Chicago Fire FC,2,2,,,False,,False,Red Bull Arena,314300,
2011-08-13,2011,MLS,True,Philadelphia Union,FC Dallas,2,2,,,False,,False,Subaru Park,314301,
2011-08-13,2011,MLS,True,San Jose Earthquakes,Colorado Rapids,1,2,,,False,,False,Buck Shaw Stadium,314303,
2011-08-14,2011,MLS,True,Houston Dynamo FC,Portland Timbers,2,1,,,False,,False,Robertson Stadium,314304,
2011-08-17,2011,MLS,True,New England Revolution,Houston Dynamo FC,1,1,,,False,,False,Gillette Stadium,314306,
2011-08-17,2011,MLS,True,Sporting Kansas City,Portland Timbers,3,1,,,False,,False,Children's Mercy Park,314305,
2011-08-18,2011,MLS,True,Chicago Fire FC,D.C. United,1,1,,,False,,False,SeatGeek Stadium,314307,
2011-08-20,2011,MLS,True,Columbus Crew,Philadelphia Union,2,1,,,False,,False,Historic Crew Stadium,314308,
2011-08-20,2011,MLS,True,New England Revolution,Red Bull New York,2,2,,,False,,False,Gillette Stadium,314309,
2011-08-20,2011,MLS,True,Houston Dynamo FC,Real Salt Lake,3,2,,,False,,False,Robertson Stadium,314310,
2011-08-20,2011,MLS,True,Colorado Rapids,Chivas USA,2,2,,,False,,False,Dick's Sporting Goods Park,314311,
2011-08-20,2011,MLS,True,FC Dallas,Seattle Sounders FC,0,1,,,False,,False,Pizza Hut Park,314312,
2011-08-20,2011,MLS,True,Portland Timbers,Vancouver Whitecaps,2,1,,,False,,False,Providence Park,314313,
2011-08-20,2011,MLS,True,LA Galaxy,San Jose Earthquakes,2,0,,,False,,False,StubHub Center,314314,
2011-08-21,2011,MLS,True,Chicago Fire FC,Toronto FC,2,0,,,False,,False,SeatGeek Stadium,314315,
2011-08-21,2011,MLS,True,Sporting Kansas City,D.C. United,1,0,,,False,,False,Children's Mercy Park,314316,
2011-08-24,2011,MLS,True,Portland Timbers,Chivas USA,1,0,,,False,,False,Providence Park,314317,
2011-08-27,2011,MLS,True,Seattle Sounders FC,Columbus Crew,6,2,,,False,,False,Lumen Field,314318,
2011-08-27,2011,MLS,True,Toronto FC,San Jose Earthquakes,1,1,,,False,,False,BMO Field,314319,
2011-08-27,2011,MLS,True,Vancouver Whitecaps,Houston Dynamo FC,1,0,,,False,,False,Empire Field,314320,
2011-08-27,2011,MLS,True,Chicago Fire FC,Colorado Rapids,2,0,,,False,,False,SeatGeek Stadium,314323,
2011-08-27,2011,MLS,True,Sporting Kansas City,FC Dallas,2,3,,,False,,False,Children's Mercy Park,314322,
2011-08-27,2011,MLS,True,Chivas USA,Real Salt Lake,0,1,,,False,,False,StubHub Center,314324,
2011-09-03,2011,MLS,True,Real Salt Lake,Philadelphia Union,2,1,,,False,,False,America First Field,314139,
2011-09-05,2011,MLS,True,Sporting Kansas City,LA Galaxy,2,2,,,False,,False,Children's Mercy Park,314302,
2011-09-07,2011,MLS,True,Philadelphia Union,New England Revolution,4,4,,,False,,False,Subaru Park,314326,
2011-09-09,2011,MLS,True,LA Galaxy,Colorado Rapids,1,0,,,False,,False,StubHub Center,314327,
2011-09-10,2011,MLS,True,Seattle Sounders FC,Real Salt Lake,1,2,,,False,,False,Qwest Field,314328,
2011-09-10,2011,MLS,True,Sporting Kansas City,Houston Dynamo FC,3,0,,,False,,False,Children's Mercy Park,314329,
2011-09-10,2011,MLS,True,Columbus Crew,Toronto FC,2,4,,,False,,False,Historic Crew Stadium,314330,
2011-09-10,2011,MLS,True,New England Revolution,FC Dallas,2,0,,,False,,False,Gillette Stadium,314335,
2011-09-10,2011,MLS,True,Philadelphia Union,Portland Timbers,0,0,,,False,,False,Subaru Park,314332,
2011-09-10,2011,MLS,True,Red Bull New York,Vancouver Whitecaps,1,1,,,False,,False,Red Bull Arena,314331,
2011-09-10,2011,MLS,True,Chivas USA,D.C. United,0,3,,,False,,False,StubHub Center,314333,
2011-09-10,2011,MLS,True,San Jose Earthquakes,Chicago Fire FC,2,0,,,False,,False,Buck Shaw Stadium,314334,
2011-09-14,2011,MLS,True,Columbus Crew,Houston Dynamo FC,2,2,,,False,,False,Historic Crew Stadium,314336,
2011-09-16,2011,MLS,True,Portland Timbers,New England Revolution,3,0,,,False,,False,Providence Park,314337,
2011-09-17,2011,MLS,True,Toronto FC,Colorado Rapids,2,1,,,False,,False,BMO Field,314340,
2011-09-17,2011,MLS,True,Chicago Fire FC,Chivas USA,3,2,,,False,,False,SeatGeek Stadium,314338,
2011-09-17,2011,MLS,True,Philadelphia Union,Columbus Crew,1,0,,,False,,False,Subaru Park,314339,
2011-09-17,2011,MLS,True,FC Dallas,Red Bull New York,0,1,,,False,,False,Pizza Hut Park,314341,
2011-09-17,2011,MLS,True,Houston Dynamo FC,San Jose Earthquakes,2,1,,,False,,False,Robertson Stadium,314342,
2011-09-17,2011,MLS,True,Real Salt Lake,Sporting Kansas City,1,0,,,False,,False,America First Field,314343,
2011-09-17,2011,MLS,True,Seattle Sounders FC,D.C. United,3,0,,,False,,False,Qwest Field,314344,
2011-09-17,2011,MLS,True,LA Galaxy,Vancouver Whitecaps,3,0,,,False,,False,StubHub Center,314345,
2011-09-21,2011,MLS,True,D.C. United,Chivas USA,2,2,,,False,,False,R.F.K. Stadium,314346,
2011-09-21,2011,MLS,True,Red Bull New York,Real Salt Lake,1,3,,,False,,False,Red Bull Arena,314347,
2011-09-21,2011,MLS,True,Portland Timbers,San Jose Earthquakes,1,1,,,False,,False,Providence Park,314348,
2011-09-23,2011,MLS,True,Sporting Kansas City,Philadelphia Union,1,1,,,False,,False,Children's Mercy Park,314353,
2011-09-24,2011,MLS,True,FC Dallas,Houston Dynamo FC,0,1,,,False,,False,Pizza Hut Park,314349,
2011-09-24,2011,MLS,True,Columbus Crew,LA Galaxy,0,1,,,False,,False,Historic Crew Stadium,314350,
2011-09-24,2011,MLS,True,D.C. United,Real Salt Lake,4,1,,,False,,False,R.F.K. Stadium,314351,
2011-09-24,2011,MLS,True,Red Bull New York,Portland Timbers,2,0,,,False,,False,Red Bull Arena,314352,
2011-09-24,2011,MLS,True,Colorado Rapids,San Jose Earthquakes,1,1,,,False,,False,Dick's Sporting Goods Park,314355,
2011-09-24,2011,MLS,True,Chivas USA,Toronto FC,3,0,,,False,,False,StubHub Center,314356,
2011-09-24,2011,MLS,True,Vancouver Whitecaps,Seattle Sounders FC,1,3,,,False,,False,Empire Field,314354,
2011-09-25,2011,MLS,True,Chicago Fire FC,New England Revolution,3,2,,,False,,False,SeatGeek Stadium,314357,
2011-09-28,2011,MLS,True,Sporting Kansas City,Columbus Crew,2,1,,,False,,False,Children's Mercy Park,314358,
2011-09-28,2011,MLS,True,Real Salt Lake,Chicago Fire FC,0,3,,,False,,False,America First Field,314359,
2011-09-29,2011,MLS,True,Philadelphia Union,D.C. United,3,2,,,False,,False,Subaru Park,314360,
2011-10-01,2011,MLS,True,Houston Dynamo FC,Chicago Fire FC,1,1,,,False,,False,Robertson Stadium,314361,
2011-10-01,2011,MLS,True,New England Revolution,Seattle Sounders FC,1,2,,,False,,False,Gillette Stadium,314362,
2011-10-01,2011,MLS,True,Toronto FC,Red Bull New York,1,1,,,False,,False,BMO Field,314363,
2011-10-01,2011,MLS,True,Colorado Rapids,FC Dallas,1,0,,,False,,False,Dick's Sporting Goods Park,314364,
2011-10-01,2011,MLS,True,LA Galaxy,Real Salt Lake,2,1,,,False,,False,StubHub Center,314365,
2011-10-01,2011,MLS,True,San Jose Earthquakes,Sporting Kansas City,1,1,,,False,,False,Buck Shaw Stadium,314366,
2011-10-02,2011,MLS,True,Columbus Crew,D.C. United,2,1,,,False,,False,Historic Crew Stadium,314367,
2011-10-02,2011,MLS,True,Vancouver Whitecaps,Portland Timbers,0,1,,,False,,False,Empire Field,314368,
2011-10-02,2011,MLS,True,Chivas USA,Philadelphia Union,1,1,,,False,,False,StubHub Center,314369,
2011-10-04,2011,MLS,True,Red Bull New York,LA Galaxy,2,0,,,False,,False,Red Bull Arena,314325,
2011-10-06,2011,MLS,True,Vancouver Whitecaps,Real Salt Lake,3,0,,,False,,False,Empire Field,314256,
2011-10-08,2011,MLS,True,New England Revolution,San Jose Earthquakes,1,2,,,False,,False,Gillette Stadium,314284,
2011-10-08,2011,MLS,True,Seattle Sounders FC,Philadelphia Union,0,2,,,False,,False,Qwest Field,314273,
2011-10-12,2011,MLS,True,Chicago Fire FC,FC Dallas,1,2,,,False,,False,SeatGeek Stadium,314370,
2011-10-12,2011,MLS,True,Vancouver Whitecaps,D.C. United,2,1,,,False,,False,Empire Field,314371,
2011-10-14,2011,MLS,True,Colorado Rapids,Real Salt Lake,0,0,,,False,,False,Dick's Sporting Goods Park,314372,
2011-10-14,2011,MLS,True,Portland Timbers,Houston Dynamo FC,0,2,,,False,,False,Providence Park,314373,
2011-10-15,2011,MLS,True,Philadelphia Union,Toronto FC,1,1,,,False,,False,Subaru Park,314377,
2011-10-15,2011,MLS,True,Sporting Kansas City,Red Bull New York,2,0,,,False,,False,Children's Mercy Park,314374,
2011-10-15,2011,MLS,True,D.C. United,Chicago Fire FC,1,2,,,False,,False,R.F.K. Stadium,314375,
2011-10-15,2011,MLS,True,New England Revolution,Columbus Crew,0,3,,,False,,False,Gillette Stadium,314376,
2011-10-15,2011,MLS,True,FC Dallas,Vancouver Whitecaps,2,0,,,False,,False,Pizza Hut Park,314378,
2011-10-15,2011,MLS,True,Seattle Sounders FC,San Jose Earthquakes,2,1,,,False,,False,Qwest Field,314379,
2011-10-16,2011,MLS,True,LA Galaxy,Chivas USA,1,0,,,False,,False,StubHub Center,314380,
2011-10-19,2011,MLS,True,D.C. United,Portland Timbers,1,1,,,False,,False,R.F.K. Stadium,314321,
2011-10-20,2011,MLS,True,Red Bull New York,Philadelphia Union,1,0,,,False,,False,Red Bull Arena,314381,
2011-10-22,2011,MLS,True,Toronto FC,New England Revolution,2,2,,,False,,False,BMO Field,314382,
2011-10-22,2011,MLS,True,Vancouver Whitecaps,Colorado Rapids,1,2,,,False,,False,BC Place,314383,
2011-10-22,2011,MLS,True,D.C. United,Sporting Kansas City,0,1,,,False,,False,R.F.K. Stadium,314384,
2011-10-22,2011,MLS,True,Chicago Fire FC,Columbus Crew,3,2,,,False,,False,SeatGeek Stadium,314385,
2011-10-22,2011,MLS,True,Real Salt Lake,Portland Timbers,1,1,,,False,,False,America First Field,314386,
2011-10-22,2011,MLS,True,Chivas USA,Seattle Sounders FC,1,3,,,False,,False,StubHub Center,314387,
2011-10-22,2011,MLS,True,San Jose Earthquakes,FC Dallas,4,2,,,False,,False,Buck Shaw Stadium,314388,
2011-10-23,2011,MLS,True,Houston Dynamo FC,LA Galaxy,3,1,,,False,,False,Robertson Stadium,314389,
2011-10-26,2011,MLS,True,FC Dallas,Red Bull New York,0,2,,,False,,False,Pizza Hut Park,314390,
2011-10-27,2011,MLS,True,Colorado Rapids,Columbus Crew,1,0,,,False,,False,Dick's Sporting Goods Park,333377,
2011-10-29,2011,MLS,True,Real Salt Lake,Seattle Sounders FC,3,0,,,False,,False,America First Field,333429,
2011-10-30,2011,MLS,True,Red Bull New York,LA Galaxy,0,1,,,False,,False,Red Bull Arena,333427,
2011-10-30,2011,MLS,True,Philadelphia Union,Houston Dynamo FC,1,2,,,False,,False,Subaru Park,333428,
2011-10-30,2011,MLS,True,Colorado Rapids,Sporting Kansas City,0,2,,,False,,False,Dick's Sporting Goods Park,314392,
2011-11-02,2011,MLS,True,Sporting Kansas City,Colorado Rapids,2,0,,,False,,False,Children's Mercy Park,314391,
2011-11-02,2011,MLS,True,Seattle Sounders FC,Real Salt Lake,2,0,,,False,,False,Lumen Field,333527,
2011-11-03,2011,MLS,True,Houston Dynamo FC,Philadelphia Union,1,0,,,False,,False,Robertson Stadium,314394,
2011-11-03,2011,MLS,True,LA Galaxy,Red Bull New York,2,1,,,False,,False,StubHub Center,314393,
2011-11-06,2011,MLS,True,Sporting Kansas City,Houston Dynamo FC,0,2,,,False,,False,Children's Mercy Park,314395,
2011-11-06,2011,MLS,True,LA Galaxy,Real Salt Lake,3,1,,,False,,False,StubHub Center,314396,
2011-11-20,2011,MLS,True,LA Galaxy,Houston Dynamo FC,1,0,,,False,,False,StubHub Center,314397,
2012-03-10,2012,MLS,True,Colorado Rapids,Columbus Crew,2,0,,,False,,False,Dick's Sporting Goods Park,336076,
2012-03-10,2012,MLS,True,Vancouver Whitecaps,CF Montréal,2,0,,,False,,False,BC Place,336077,
2012-03-10,2012,MLS,True,D.C. United,Sporting Kansas City,0,1,,,False,,False,RFK Stadium,336078,
2012-03-10,2012,MLS,True,LA Galaxy,Real Salt Lake,1,3,,,False,,False,Dignity Health Sports Park,336080,
2012-03-10,2012,MLS,True,San Jose Earthquakes,New England Revolution,1,0,,,False,,False,Buck Shaw Stadium,336079,
2012-03-11,2012,MLS,True,FC Dallas,Red Bull New York,2,1,,,False,,False,Toyota Stadium,336081,
2012-03-11,2012,MLS,True,Chivas USA,Houston Dynamo FC,0,1,,,False,,False,Dignity Health Sports Park,336082,
2012-03-12,2012,MLS,True,Portland Timbers,Philadelphia Union,3,1,,,False,,False,Providence Park,336083,
2012-03-17,2012,MLS,True,CF Montréal,Chicago Fire FC,1,1,,,False,,False,Stade Olympique (Montreal),336084,
2012-03-17,2012,MLS,True,San Jose Earthquakes,Houston Dynamo FC,0,1,,,False,,False,Buck Shaw Stadium,340041,
2012-03-17,2012,MLS,True,FC Dallas,Portland Timbers,1,1,,,False,,False,Toyota Stadium,336085,
2012-03-17,2012,MLS,True,Sporting Kansas City,New England Revolution,3,0,,,False,,False,Children's Mercy Park,336086,
2012-03-17,2012,MLS,True,Real Salt Lake,Red Bull New York,2,0,,,False,,False,America First Field,336087,
2012-03-17,2012,MLS,True,Seattle Sounders FC,Toronto FC,3,1,,,False,,False,Lumen Field,336088,
2012-03-17,2012,MLS,True,Chivas USA,Vancouver Whitecaps,0,1,,,False,,False,Dignity Health Sports Park,336089,
2012-03-18,2012,MLS,True,Philadelphia Union,Colorado Rapids,1,2,,,False,,False,Subaru Park,336090,
2012-03-18,2012,MLS,True,LA Galaxy,D.C. United,3,1,,,False,,False,Dignity Health Sports Park,336091,
2012-03-23,2012,MLS,True,Seattle Sounders FC,Houston Dynamo FC,2,0,,,False,,False,Lumen Field,336093,
2012-03-24,2012,MLS,True,Toronto FC,San Jose Earthquakes,0,3,,,False,,False,BMO Field,336094,
2012-03-24,2012,MLS,True,Columbus Crew,CF Montréal,2,0,,,False,,False,Historic Crew Stadium,336096,
2012-03-24,2012,MLS,True,New England Revolution,Portland Timbers,1,0,,,False,,False,Gillette Stadium,336095,
2012-03-24,2012,MLS,True,Chicago Fire FC,Philadelphia Union,1,0,,,False,,False,SeatGeek Stadium,336097,
2012-03-24,2012,MLS,True,Real Salt Lake,Chivas USA,0,1,,,False,,False,America First Field,336098,
2012-03-24,2012,MLS,True,Vancouver Whitecaps,D.C. United,0,0,,,False,,False,BC Place,336099,
2012-03-25,2012,MLS,True,Red Bull New York,Colorado Rapids,4,1,,,False,,False,Sports Illustrated Stadium,336100,
2012-03-25,2012,MLS,True,Sporting Kansas City,FC Dallas,2,1,,,False,,False,Children's Mercy Park,336101,
2012-03-30,2012,MLS,True,D.C. United,FC Dallas,4,1,,,False,,False,RFK Stadium,336102,
2012-03-31,2012,MLS,True,Toronto FC,Columbus Crew,0,1,,,False,,False,BMO Field,336103,
2012-03-31,2012,MLS,True,Philadelphia Union,Vancouver Whitecaps,0,0,,,False,,False,Subaru Park,336105,
2012-03-31,2012,MLS,True,Red Bull New York,CF Montréal,5,2,,,False,,False,Sports Illustrated Stadium,336104,
2012-03-31,2012,MLS,True,Portland Timbers,Real Salt Lake,2,3,,,False,,False,Providence Park,336106,
2012-03-31,2012,MLS,True,Seattle Sounders FC,San Jose Earthquakes,0,1,,,False,,False,Lumen Field,336107,
2012-03-31,2012,MLS,True,LA Galaxy,New England Revolution,1,3,,,False,,False,Dignity Health Sports Park,336108,
2012-04-01,2012,MLS,True,Colorado Rapids,Chicago Fire FC,2,0,,,False,,False,Dick's Sporting Goods Park,336109,
2012-04-01,2012,MLS,True,Chivas USA,Sporting Kansas City,0,1,,,False,,False,Dignity Health Sports Park,336110,
2012-04-04,2012,MLS,True,Real Salt Lake,CF Montréal,1,0,,,False,,False,America First Field,336111,
2012-04-05,2012,MLS,True,FC Dallas,New England Revolution,1,0,,,False,,False,Toyota Stadium,336112,
2012-04-07,2012,MLS,True,CF Montréal,Toronto FC,2,1,,,False,,False,Stade Olympique (Montreal),336113,
2012-04-07,2012,MLS,True,Columbus Crew,Red Bull New York,1,4,,,False,,False,Historic Crew Stadium,336114,
2012-04-07,2012,MLS,True,Sporting Kansas City,LA Galaxy,1,0,,,False,,False,Children's Mercy Park,336115,
2012-04-07,2012,MLS,True,San Jose Earthquakes,Vancouver Whitecaps,3,1,,,False,,False,Buck Shaw Stadium,336119,
2012-04-07,2012,MLS,True,D.C. United,Seattle Sounders FC,0,0,,,False,,False,RFK Stadium,336116,
2012-04-07,2012,MLS,True,Real Salt Lake,Colorado Rapids,2,0,,,False,,False,America First Field,336117,
2012-04-07,2012,MLS,True,Portland Timbers,Chivas USA,1,2,,,False,,False,Providence Park,336118,
2012-04-14,2012,MLS,True,Philadelphia Union,Columbus Crew,1,0,,,False,,False,Subaru Park,336120,
2012-04-14,2012,MLS,True,New England Revolution,D.C. United,1,2,,,False,,False,Gillette Stadium,336121,
2012-04-14,2012,MLS,True,Seattle Sounders FC,Colorado Rapids,1,0,,,False,,False,Lumen Field,336122,
2012-04-14,2012,MLS,True,Toronto FC,Chivas USA,0,1,,,False,,False,BMO Field,336123,
2012-04-14,2012,MLS,True,Red Bull New York,San Jose Earthquakes,2,2,,,False,,False,Sports Illustrated Stadium,336124,
2012-04-14,2012,MLS,True,FC Dallas,CF Montréal,2,1,,,False,,False,Toyota Stadium,336125,
2012-04-14,2012,MLS,True,Sporting Kansas City,Real Salt Lake,1,0,,,False,,False,Children's Mercy Park,336126,
2012-04-14,2012,MLS,True,LA Galaxy,Portland Timbers,3,1,,,False,,False,Dignity Health Sports Park,336127,
2012-04-15,2012,MLS,True,Chicago Fire FC,Houston Dynamo FC,1,1,,,False,,False,SeatGeek Stadium,336128,
2012-04-18,2012,MLS,True,D.C. United,CF Montréal,1,1,,,False,,False,RFK Stadium,336129,
2012-04-18,2012,MLS,True,Vancouver Whitecaps,Sporting Kansas City,1,3,,,False,,False,BC Place,336130,
2012-04-21,2012,MLS,True,Toronto FC,Chicago Fire FC,2,3,,,False,,False,BMO Field,336131,
2012-04-21,2012,MLS,True,Columbus Crew,Houston Dynamo FC,2,2,,,False,,False,Historic Crew Stadium,336132,
2012-04-21,2012,MLS,True,Colorado Rapids,LA Galaxy,1,2,,,False,,False,Dick's Sporting Goods Park,336133,
2012-04-21,2012,MLS,True,Vancouver Whitecaps,FC Dallas,1,0,,,False,,False,BC Place,336134,
2012-04-21,2012,MLS,True,Chivas USA,Philadelphia Union,0,1,,,False,,False,Dignity Health Sports Park,336136,
2012-04-21,2012,MLS,True,Portland Timbers,Sporting Kansas City,1,0,,,False,,False,Providence Park,336135,
2012-04-21,2012,MLS,True,San Jose Earthquakes,Real Salt Lake,3,1,,,False,,False,Buck Shaw Stadium,336137,
2012-04-22,2012,MLS,True,D.C. United,Red Bull New York,4,1,,,False,,False,RFK Stadium,336138,
2012-04-25,2012,MLS,True,FC Dallas,Real Salt Lake,1,1,,,False,,False,Toyota Stadium,336139,
2012-04-28,2012,MLS,True,CF Montréal,Portland Timbers,2,0,,,False,,False,Stade Olympique (Montreal),336140,
2012-04-28,2012,MLS,True,Red Bull New York,New England Revolution,1,0,,,False,,False,Sports Illustrated Stadium,336141,
2012-04-28,2012,MLS,True,Philadelphia Union,San Jose Earthquakes,1,2,,,False,,False,Subaru Park,336142,
2012-04-28,2012,MLS,True,Columbus Crew,Vancouver Whitecaps,0,1,,,False,,False,Historic Crew Stadium,336144,
2012-04-28,2012,MLS,True,D.C. United,Houston Dynamo FC,3,2,,,False,,False,RFK Stadium,336143,
2012-04-28,2012,MLS,True,Chicago Fire FC,Seattle Sounders FC,1,2,,,False,,False,SeatGeek Stadium,336145,
2012-04-28,2012,MLS,True,Colorado Rapids,Chivas USA,4,0,,,False,,False,Dick's Sporting Goods Park,336147,
2012-04-28,2012,MLS,True,Real Salt Lake,Toronto FC,3,2,,,False,,False,America First Field,336146,
2012-04-28,2012,MLS,True,LA Galaxy,FC Dallas,1,1,,,False,,False,Dignity Health Sports Park,336148,
2012-05-02,2012,MLS,True,New England Revolution,Colorado Rapids,2,1,,,False,,False,Gillette Stadium,336149,
2012-05-02,2012,MLS,True,Seattle Sounders FC,LA Galaxy,2,0,,,False,,False,Lumen Field,336150,
2012-05-02,2012,MLS,True,San Jose Earthquakes,D.C. United,5,3,,,False,,False,Buck Shaw Stadium,336151,
2012-05-04,2012,MLS,True,Chivas USA,Chicago Fire FC,1,2,,,False,,False,Dignity Health Sports Park,336152,
2012-05-05,2012,MLS,True,Toronto FC,D.C. United,0,2,,,False,,False,BMO Field,336154,
2012-05-05,2012,MLS,True,Seattle Sounders FC,Philadelphia Union,1,0,,,False,,False,Lumen Field,336153,
2012-05-05,2012,MLS,True,Vancouver Whitecaps,San Jose Earthquakes,2,1,,,False,,False,BC Place,336155,
2012-05-05,2012,MLS,True,LA Galaxy,Red Bull New York,0,1,,,False,,False,Dignity Health Sports Park,336157,
2012-05-05,2012,MLS,True,Sporting Kansas City,CF Montréal,0,2,,,False,,False,Children's Mercy Park,336158,
2012-05-05,2012,MLS,True,Real Salt Lake,New England Revolution,2,1,,,False,,False,America First Field,336156,
2012-05-05,2012,MLS,True,Portland Timbers,Columbus Crew,0,0,,,False,,False,Providence Park,336159,
2012-05-06,2012,MLS,True,FC Dallas,Colorado Rapids,0,2,,,False,,False,Toyota Stadium,336160,
2012-05-09,2012,MLS,True,Red Bull New York,Houston Dynamo FC,1,0,,,False,,False,Sports Illustrated Stadium,336161,
2012-05-09,2012,MLS,True,Chicago Fire FC,Real Salt Lake,0,0,,,False,,False,SeatGeek Stadium,336162,
2012-05-09,2012,MLS,True,FC Dallas,Seattle Sounders FC,0,2,,,False,,False,Toyota Stadium,336163,
2012-05-12,2012,MLS,True,CF Montréal,LA Galaxy,1,1,,,False,,False,Stade Olympique (Montreal),336164,
2012-05-12,2012,MLS,True,Houston Dynamo FC,D.C. United,1,0,,,False,,False,Shell Energy Stadium,336165,
2012-05-12,2012,MLS,True,Columbus Crew,FC Dallas,2,1,,,False,,False,Historic Crew Stadium,336167,
2012-05-12,2012,MLS,True,New England Revolution,Vancouver Whitecaps,4,1,,,False,,False,Gillette Stadium,336166,
2012-05-12,2012,MLS,True,Chicago Fire FC,Sporting Kansas City,2,1,,,False,,False,SeatGeek Stadium,336168,
2012-05-12,2012,MLS,True,Seattle Sounders FC,Real Salt Lake,0,1,,,False,,False,Lumen Field,336169,
2012-05-13,2012,MLS,True,Philadelphia Union,Red Bull New York,2,3,,,False,,False,Subaru Park,336170,
2012-05-13,2012,MLS,True,San Jose Earthquakes,Chivas USA,1,1,,,False,,False,Buck Shaw Stadium,336171,
2012-05-15,2012,MLS,True,Houston Dynamo FC,Portland Timbers,0,0,,,False,,False,Shell Energy Stadium,336172,
2012-05-16,2012,MLS,True,D.C. United,Colorado Rapids,2,0,,,False,,False,RFK Stadium,336173,
2012-05-19,2012,MLS,True,Vancouver Whitecaps,Seattle Sounders FC,2,2,,,False,,False,BC Place,336174,
2012-05-19,2012,MLS,True,CF Montréal,Red Bull New York,1,2,,,False,,False,Stade Olympique (Montreal),336175,
2012-05-19,2012,MLS,True,D.C. United,Toronto FC,3,1,,,False,,False,RFK Stadium,336176,
2012-05-19,2012,MLS,True,New England Revolution,Houston Dynamo FC,2,2,,,False,,False,Gillette Stadium,336177,
2012-05-19,2012,MLS,True,FC Dallas,Philadelphia Union,1,1,,,False,,False,Toyota Stadium,336178,
2012-05-19,2012,MLS,True,Colorado Rapids,Sporting Kansas City,2,2,,,False,,False,Dick's Sporting Goods Park,336179,
2012-05-19,2012,MLS,True,Chivas USA,LA Galaxy,1,0,,,False,,False,Dignity Health Sports Park,336180,
2012-05-19,2012,MLS,True,San Jose Earthquakes,Columbus Crew,1,1,,,False,,False,Buck Shaw Stadium,336181,
2012-05-20,2012,MLS,True,Portland Timbers,Chicago Fire FC,2,1,,,False,,False,Providence Park,336182,
2012-05-23,2012,MLS,True,Red Bull New York,Chivas USA,1,1,,,False,,False,Sports Illustrated Stadium,336183,
2012-05-23,2012,MLS,True,Chicago Fire FC,FC Dallas,2,1,,,False,,False,SeatGeek Stadium,336184,
2012-05-23,2012,MLS,True,Seattle Sounders FC,Columbus Crew,0,2,,,False,,False,Lumen Field,336185,
2012-05-23,2012,MLS,True,LA Galaxy,San Jose Earthquakes,2,3,,,False,,False,Dignity Health Sports Park,336186,
2012-05-26,2012,MLS,True,Houston Dynamo FC,LA Galaxy,2,1,,,False,,False,Shell Energy Stadium,336187,
2012-05-26,2012,MLS,True,Toronto FC,Philadelphia Union,1,0,,,False,,False,BMO Field,336188,
2012-05-26,2012,MLS,True,Columbus Crew,Chicago Fire FC,2,1,,,False,,False,Historic Crew Stadium,336189,
2012-05-26,2012,MLS,True,D.C. United,New England Revolution,3,2,,,False,,False,RFK Stadium,336191,
2012-05-26,2012,MLS,True,Colorado Rapids,CF Montréal,3,2,,,False,,False,Dick's Sporting Goods Park,336192,
2012-05-26,2012,MLS,True,Real Salt Lake,FC Dallas,3,2,,,False,,False,America First Field,336190,
2012-05-26,2012,MLS,True,Portland Timbers,Vancouver Whitecaps,1,1,,,False,,False,Providence Park,336194,
2012-05-26,2012,MLS,True,Chivas USA,Seattle Sounders FC,1,1,,,False,,False,Dignity Health Sports Park,336195,
2012-05-27,2012,MLS,True,Sporting Kansas City,San Jose Earthquakes,2,1,,,False,,False,Children's Mercy Park,336196,
2012-06-02,2012,MLS,True,New England Revolution,Chicago Fire FC,2,0,,,False,,False,Gillette Stadium,336197,
2012-06-10,2012,MLS,True,Vancouver Whitecaps,Houston Dynamo FC,3,1,,,False,,False,BC Place,336198,
2012-06-16,2012,MLS,True,Philadelphia Union,D.C. United,0,1,,,False,,False,Subaru Park,336200,
2012-06-16,2012,MLS,True,Vancouver Whitecaps,Colorado Rapids,1,0,,,False,,False,BC Place,336201,
2012-06-16,2012,MLS,True,CF Montréal,Seattle Sounders FC,4,1,,,False,,False,Stade Saputo,336202,
2012-06-16,2012,MLS,True,Houston Dynamo FC,FC Dallas,2,1,,,False,,False,Shell Energy Stadium,336199,
2012-06-16,2012,MLS,True,New England Revolution,Columbus Crew,0,0,,,False,,False,Gillette Stadium,336203,
2012-06-16,2012,MLS,True,Sporting Kansas City,Toronto FC,2,0,,,False,,False,Children's Mercy Park,336204,
2012-06-16,2012,MLS,True,Chivas USA,Real Salt Lake,0,3,,,False,,False,Dignity Health Sports Park,336205,
2012-06-17,2012,MLS,True,Chicago Fire FC,Red Bull New York,3,1,,,False,,False,SeatGeek Stadium,336206,
2012-06-17,2012,MLS,True,LA Galaxy,Portland Timbers,1,0,,,False,,False,Dignity Health Sports Park,336207,
2012-06-20,2012,MLS,True,Houston Dynamo FC,Toronto FC,3,3,,,False,,False,Shell Energy Stadium,336209,
2012-06-20,2012,MLS,True,Real Salt Lake,LA Galaxy,2,3,,,False,,False,America First Field,336208,
2012-06-20,2012,MLS,True,Colorado Rapids,San Jose Earthquakes,1,2,,,False,,False,Dick's Sporting Goods Park,336210,
2012-06-20,2012,MLS,True,Seattle Sounders FC,Sporting Kansas City,1,1,,,False,,False,Lumen Field,336211,
2012-06-20,2012,MLS,True,Chivas USA,CF Montréal,2,1,,,False,,False,Dignity Health Sports Park,336212,
2012-06-20,2012,MLS,True,Vancouver Whitecaps,Red Bull New York,1,1,,,False,,False,BC Place,336213,
2012-06-23,2012,MLS,True,Toronto FC,New England Revolution,2,2,,,False,,False,BMO Field,336214,
2012-06-23,2012,MLS,True,Philadelphia Union,Sporting Kansas City,4,0,,,False,,False,Subaru Park,336215,
2012-06-23,2012,MLS,True,CF Montréal,Houston Dynamo FC,4,2,,,False,,False,Stade Saputo,340040,
2012-06-23,2012,MLS,True,Chicago Fire FC,Columbus Crew,2,1,,,False,,False,SeatGeek Stadium,336217,
2012-06-23,2012,MLS,True,FC Dallas,Chivas USA,0,0,,,False,,False,Toyota Stadium,336219,
2012-06-23,2012,MLS,True,Real Salt Lake,San Jose Earthquakes,1,2,,,False,,False,America First Field,336218,
2012-06-23,2012,MLS,True,LA Galaxy,Vancouver Whitecaps,3,0,,,False,,False,Dignity Health Sports Park,336220,
2012-06-24,2012,MLS,True,Portland Timbers,Seattle Sounders FC,2,1,,,False,,False,Providence Park,336221,
2012-06-24,2012,MLS,True,Red Bull New York,D.C. United,3,2,,,False,,False,Sports Illustrated Stadium,336222,
2012-06-27,2012,MLS,True,CF Montréal,Toronto FC,0,3,,,False,,False,Stade Saputo,336223,
2012-06-29,2012,MLS,True,Sporting Kansas City,Chicago Fire FC,0,1,,,False,,False,Children's Mercy Park,336224,
2012-06-30,2012,MLS,True,Toronto FC,Red Bull New York,1,1,,,False,,False,BMO Field,336225,
2012-06-30,2012,MLS,True,D.C. United,CF Montréal,3,0,,,False,,False,RFK Stadium,336226,
2012-06-30,2012,MLS,True,New England Revolution,Seattle Sounders FC,2,2,,,False,,False,Gillette Stadium,336227,
2012-06-30,2012,MLS,True,Houston Dynamo FC,Philadelphia Union,2,1,,,False,,False,Shell Energy Stadium,336229,
2012-06-30,2012,MLS,True,Colorado Rapids,Portland Timbers,3,0,,,False,,False,Dick's Sporting Goods Park,336230,
2012-06-30,2012,MLS,True,Columbus Crew,Real Salt Lake,2,0,,,False,,False,Historic Crew Stadium,336228,
2012-06-30,2012,MLS,True,San Jose Earthquakes,LA Galaxy,4,3,,,False,,False,Buck Shaw Stadium,336231,
2012-07-03,2012,MLS,True,Houston Dynamo FC,Chicago Fire FC,0,0,,,False,,False,Shell Energy Stadium,336232,
2012-07-03,2012,MLS,True,Portland Timbers,San Jose Earthquakes,2,1,,,False,,False,Providence Park,336233,
2012-07-04,2012,MLS,True,CF Montréal,Sporting Kansas City,1,3,,,False,,False,Stade Saputo,336234,
2012-07-04,2012,MLS,True,FC Dallas,Toronto FC,1,1,,,False,,False,Toyota Stadium,336235,
2012-07-04,2012,MLS,True,Colorado Rapids,Vancouver Whitecaps,0,1,,,False,,False,Dick's Sporting Goods Park,336236,
2012-07-04,2012,MLS,True,Real Salt Lake,Seattle Sounders FC,0,0,,,False,,False,America First Field,336237,
2012-07-04,2012,MLS,True,LA Galaxy,Philadelphia Union,1,2,,,False,,False,Dignity Health Sports Park,336238,
2012-07-07,2012,MLS,True,Sporting Kansas City,Houston Dynamo FC,0,0,,,False,,False,Children's Mercy Park,336239,
2012-07-07,2012,MLS,True,FC Dallas,San Jose Earthquakes,0,0,,,False,,False,Toyota Stadium,336241,
2012-07-07,2012,MLS,True,Real Salt Lake,Portland Timbers,3,0,,,False,,False,America First Field,336240,
2012-07-07,2012,MLS,True,Chivas USA,Vancouver Whitecaps,0,0,,,False,,False,Dignity Health Sports Park,336242,
2012-07-07,2012,MLS,True,Seattle Sounders FC,Colorado Rapids,2,1,,,False,,False,Lumen Field,336243,
2012-07-08,2012,MLS,True,Chicago Fire FC,LA Galaxy,0,2,,,False,,False,SeatGeek Stadium,336244,
2012-07-08,2012,MLS,True,Philadelphia Union,Toronto FC,3,0,,,False,,False,Subaru Park,336245,
2012-07-08,2012,MLS,True,New England Revolution,Red Bull New York,2,0,,,False,,False,Gillette Stadium,336246,
2012-07-08,2012,MLS,True,CF Montréal,Columbus Crew,2,1,,,False,,False,Stade Saputo,336247,
2012-07-11,2012,MLS,True,Toronto FC,Vancouver Whitecaps,3,2,,,False,,False,BMO Field,336248,
2012-07-14,2012,MLS,True,Philadelphia Union,CF Montréal,2,1,,,False,,False,Subaru Park,336249,
2012-07-14,2012,MLS,True,Columbus Crew,Sporting Kansas City,0,2,,,False,,False,Historic Crew Stadium,336251,
2012-07-14,2012,MLS,True,New England Revolution,Toronto FC,0,1,,,False,,False,Gillette Stadium,336250,
2012-07-14,2012,MLS,True,Chicago Fire FC,Vancouver Whitecaps,1,0,,,False,,False,SeatGeek Stadium,336252,
2012-07-14,2012,MLS,True,Colorado Rapids,FC Dallas,1,2,,,False,,False,Dick's Sporting Goods Park,336253,
2012-07-14,2012,MLS,True,San Jose Earthquakes,Real Salt Lake,5,0,,,False,,False,Buck Shaw Stadium,336254,
2012-07-14,2012,MLS,True,Portland Timbers,LA Galaxy,3,5,,,False,,False,Providence Park,336255,
2012-07-15,2012,MLS,True,Red Bull New York,Seattle Sounders FC,2,2,,,False,,False,Sports Illustrated Stadium,336256,
2012-07-15,2012,MLS,True,Houston Dynamo FC,D.C. United,4,0,,,False,,False,Shell Energy Stadium,336257,
2012-07-18,2012,MLS,True,Red Bull New York,Chicago Fire FC,1,0,,,False,,False,Sports Illustrated Stadium,336258,
2012-07-18,2012,MLS,True,Chivas USA,Portland Timbers,1,0,,,False,,False,Dignity Health Sports Park,336259,
2012-07-18,2012,MLS,True,Toronto FC,Colorado Rapids,2,1,,,False,,False,BMO Field,336260,
2012-07-18,2012,MLS,True,CF Montréal,New England Revolution,2,1,,,False,,False,Stade Saputo,336261,
2012-07-18,2012,MLS,True,Houston Dynamo FC,Sporting Kansas City,2,1,,,False,,False,Shell Energy Stadium,336262,
2012-07-18,2012,MLS,True,Vancouver Whitecaps,LA Galaxy,2,2,,,False,,False,BC Place,336263,
2012-07-18,2012,MLS,True,San Jose Earthquakes,FC Dallas,2,1,,,False,,False,Buck Shaw Stadium,336264,
2012-07-21,2012,MLS,True,Red Bull New York,Philadelphia Union,2,0,,,False,,False,Sports Illustrated Stadium,336266,
2012-07-21,2012,MLS,True,Columbus Crew,D.C. United,1,0,,,False,,False,Historic Crew Stadium,336268,
2012-07-21,2012,MLS,True,Houston Dynamo FC,CF Montréal,3,0,,,False,,False,Shell Energy Stadium,336269,
2012-07-21,2012,MLS,True,Sporting Kansas City,New England Revolution,0,0,,,False,,False,Children's Mercy Park,336270,
2012-07-21,2012,MLS,True,FC Dallas,Portland Timbers,5,0,,,False,,False,Toyota Stadium,336271,
2012-07-21,2012,MLS,True,LA Galaxy,Chivas USA,3,1,,,False,,False,Dignity Health Sports Park,336273,
2012-07-21,2012,MLS,True,Real Salt Lake,Colorado Rapids,2,0,,,False,,False,America First Field,336272,
2012-07-22,2012,MLS,True,Vancouver Whitecaps,San Jose Earthquakes,2,1,,,False,,False,BC Place,336274,
2012-07-25,2012,MLS,True,MLS All-Stars,Chelsea,3,2,,,False,,False,Subaru Park,349922,
2012-07-27,2012,MLS,True,Real Salt Lake,Vancouver Whitecaps,2,1,,,False,,False,America First Field,336275,
2012-07-28,2012,MLS,True,Toronto FC,Houston Dynamo FC,0,2,,,False,,False,BMO Field,336276,
2012-07-28,2012,MLS,True,CF Montréal,Red Bull New York,3,1,,,False,,False,Stade Saputo,336277,
2012-07-28,2012,MLS,True,FC Dallas,LA Galaxy,0,1,,,False,,False,Toyota Stadium,336278,
2012-07-28,2012,MLS,True,Sporting Kansas City,Columbus Crew,1,2,,,False,,False,Children's Mercy Park,336279,
2012-07-28,2012,MLS,True,Colorado Rapids,Seattle Sounders FC,1,2,,,False,,False,Dick's Sporting Goods Park,336280,
2012-07-28,2012,MLS,True,San Jose Earthquakes,Chicago Fire FC,1,1,,,False,,False,Buck Shaw Stadium,336281,
2012-07-28,2012,MLS,True,Portland Timbers,Chivas USA,0,1,,,False,,False,Providence Park,336282,
2012-07-29,2012,MLS,True,Philadelphia Union,New England Revolution,2,1,,,False,,False,Subaru Park,336283,
2012-08-03,2012,MLS,True,Houston Dynamo FC,Red Bull New York,2,0,,,False,,False,Shell Energy Stadium,336284,
2012-08-04,2012,MLS,True,CF Montréal,Philadelphia Union,2,0,,,False,,False,Stade Saputo,336285,
2012-08-04,2012,MLS,True,D.C. United,Columbus Crew,1,0,,,False,,False,RFK Stadium,336286,
2012-08-04,2012,MLS,True,New England Revolution,Sporting Kansas City,0,1,,,False,,False,Gillette Stadium,336287,
2012-08-04,2012,MLS,True,Chicago Fire FC,Toronto FC,2,1,,,False,,False,SeatGeek Stadium,336288,
2012-08-04,2012,MLS,True,Colorado Rapids,Real Salt Lake,1,0,,,False,,False,Dick's Sporting Goods Park,336289,
2012-08-05,2012,MLS,True,Portland Timbers,FC Dallas,1,1,,,False,,False,Providence Park,336290,
2012-08-05,2012,MLS,True,Seattle Sounders FC,LA Galaxy,4,0,,,False,,False,Lumen Field,336291,
2012-08-10,2012,MLS,True,Red Bull New York,Houston Dynamo FC,2,0,,,False,,False,Sports Illustrated Stadium,336292,
2012-08-11,2012,MLS,True,Vancouver Whitecaps,Real Salt Lake,2,1,,,False,,False,BC Place,336293,
2012-08-11,2012,MLS,True,Sporting Kansas City,D.C. United,2,1,,,False,,False,Children's Mercy Park,336296,
2012-08-11,2012,MLS,True,FC Dallas,Colorado Rapids,3,2,,,False,,False,Toyota Stadium,336297,
2012-08-11,2012,MLS,True,San Jose Earthquakes,Seattle Sounders FC,2,1,,,False,,False,Buck Shaw Stadium,336298,
2012-08-12,2012,MLS,True,New England Revolution,CF Montréal,0,1,,,False,,False,Gillette Stadium,340039,
2012-08-12,2012,MLS,True,Philadelphia Union,Chicago Fire FC,1,3,,,False,,False,Subaru Park,336299,
2012-08-12,2012,MLS,True,Chivas USA,LA Galaxy,0,4,,,False,,False,Dignity Health Sports Park,336300,
2012-08-15,2012,MLS,True,Columbus Crew,LA Galaxy,1,1,,,False,,False,Historic Crew Stadium,336301,
2012-08-15,2012,MLS,True,Toronto FC,Portland Timbers,2,2,,,False,,False,BMO Field,336302,
2012-08-15,2012,MLS,True,Vancouver Whitecaps,FC Dallas,0,2,,,False,,False,BC Place,336303,
2012-08-18,2012,MLS,True,Seattle Sounders FC,Vancouver Whitecaps,2,0,,,False,,False,Lumen Field,336304,
2012-08-18,2012,MLS,True,Toronto FC,Sporting Kansas City,0,1,,,False,,False,BMO Field,336305,
2012-08-18,2012,MLS,True,CF Montréal,San Jose Earthquakes,3,1,,,False,,False,Stade Saputo,336306,
2012-08-18,2012,MLS,True,Chicago Fire FC,New England Revolution,2,1,,,False,,False,SeatGeek Stadium,336307,
2012-08-18,2012,MLS,True,Colorado Rapids,Chivas USA,1,1,,,False,,False,Dick's Sporting Goods Park,336309,
2012-08-18,2012,MLS,True,Real Salt Lake,FC Dallas,1,2,,,False,,False,America First Field,336308,
2012-08-19,2012,MLS,True,D.C. United,Philadelphia Union,1,1,,,False,,False,RFK Stadium,336310,
2012-08-19,2012,MLS,True,Red Bull New York,Portland Timbers,3,2,,,False,,False,Sports Illustrated Stadium,336311,
2012-08-19,2012,MLS,True,Houston Dynamo FC,Columbus Crew,2,2,,,False,,False,Shell Energy Stadium,336312,
2012-08-22,2012,MLS,True,Columbus Crew,Toronto FC,2,1,,,False,,False,Historic Crew Stadium,336295,
2012-08-22,2012,MLS,True,D.C. United,Chicago Fire FC,4,2,,,False,,False,RFK Stadium,336313,
2012-08-24,2012,MLS,True,Philadelphia Union,Real Salt Lake,0,0,,,False,,False,Subaru Park,336314,
2012-08-25,2012,MLS,True,CF Montréal,D.C. United,3,0,,,False,,False,Stade Saputo,336315,
2012-08-25,2012,MLS,True,Columbus Crew,New England Revolution,4,3,,,False,,False,Historic Crew Stadium,336316,
2012-08-25,2012,MLS,True,Houston Dynamo FC,Toronto FC,1,1,,,False,,False,Shell Energy Stadium,336317,
2012-08-25,2012,MLS,True,Chivas USA,Seattle Sounders FC,2,6,,,False,,False,Dignity Health Sports Park,336319,
2012-08-25,2012,MLS,True,Portland Timbers,Vancouver Whitecaps,2,1,,,False,,False,Providence Park,336318,
2012-08-25,2012,MLS,True,San Jose Earthquakes,Colorado Rapids,4,1,,,False,,False,Buck Shaw Stadium,336320,
2012-08-26,2012,MLS,True,LA Galaxy,FC Dallas,2,0,,,False,,False,Dignity Health Sports Park,340038,
2012-08-26,2012,MLS,True,Sporting Kansas City,Red Bull New York,1,1,,,False,,False,Children's Mercy Park,340037,
2012-08-29,2012,MLS,True,D.C. United,Red Bull New York,2,2,,,False,,False,RFK Stadium,336321,
2012-08-29,2012,MLS,True,New England Revolution,Chivas USA,3,3,,,False,,False,Gillette Stadium,336322,
2012-08-29,2012,MLS,True,Philadelphia Union,Columbus Crew,1,2,,,False,,False,Subaru Park,336323,
2012-08-31,2012,MLS,True,Portland Timbers,Colorado Rapids,1,0,,,False,,False,Providence Park,336324,
2012-09-01,2012,MLS,True,Columbus Crew,CF Montréal,2,1,,,False,,False,Historic Crew Stadium,336326,
2012-09-01,2012,MLS,True,New England Revolution,Philadelphia Union,0,0,,,False,,False,Gillette Stadium,336325,
2012-09-01,2012,MLS,True,Sporting Kansas City,Toronto FC,2,1,,,False,,False,Children's Mercy Park,336327,
2012-09-01,2012,MLS,True,Real Salt Lake,D.C. United,1,0,,,False,,False,America First Field,336328,
2012-09-01,2012,MLS,True,LA Galaxy,Vancouver Whitecaps,2,0,,,False,,False,Dignity Health Sports Park,336329,
2012-09-02,2012,MLS,True,Chicago Fire FC,Houston Dynamo FC,3,1,,,False,,False,SeatGeek Stadium,336330,
2012-09-02,2012,MLS,True,FC Dallas,Seattle Sounders FC,1,1,,,False,,False,Toyota Stadium,336331,
2012-09-02,2012,MLS,True,San Jose Earthquakes,Chivas USA,4,0,,,False,,False,Buck Shaw Stadium,336332,
2012-09-05,2012,MLS,True,New England Revolution,Columbus Crew,2,0,,,False,,False,Gillette Stadium,340036,
2012-09-05,2012,MLS,True,Colorado Rapids,Portland Timbers,3,0,,,False,,False,Dick's Sporting Goods Park,336333,
2012-09-06,2012,MLS,True,Houston Dynamo FC,Real Salt Lake,1,0,,,False,,False,Shell Energy Stadium,336334,
2012-09-08,2012,MLS,True,Seattle Sounders FC,Chivas USA,2,1,,,False,,False,Lumen Field,336335,
2012-09-12,2012,MLS,True,Toronto FC,Chicago Fire FC,1,2,,,False,,False,BMO Field,340035,
2012-09-14,2012,MLS,True,Sporting Kansas City,Houston Dynamo FC,1,1,,,False,,False,Children's Mercy Park,336336,
2012-09-14,2012,MLS,True,LA Galaxy,Colorado Rapids,2,0,,,False,,False,Dignity Health Sports Park,336344,
2012-09-15,2012,MLS,True,Toronto FC,Philadelphia Union,1,1,,,False,,False,BMO Field,336337,
2012-09-15,2012,MLS,True,Portland Timbers,Seattle Sounders FC,1,1,,,False,,False,Providence Park,336338,
2012-09-15,2012,MLS,True,Red Bull New York,Columbus Crew,3,1,,,False,,False,Sports Illustrated Stadium,336339,
2012-09-15,2012,MLS,True,D.C. United,New England Revolution,2,1,,,False,,False,RFK Stadium,336340,
2012-09-15,2012,MLS,True,Chicago Fire FC,CF Montréal,3,1,,,False,,False,SeatGeek Stadium,336341,
2012-09-15,2012,MLS,True,FC Dallas,Vancouver Whitecaps,1,0,,,False,,False,Toyota Stadium,336342,
2012-09-15,2012,MLS,True,Chivas USA,San Jose Earthquakes,0,2,,,False,,False,Dignity Health Sports Park,336343,
2012-09-19,2012,MLS,True,Red Bull New York,Sporting Kansas City,0,2,,,False,,False,Sports Illustrated Stadium,336345,
2012-09-19,2012,MLS,True,Columbus Crew,Chivas USA,1,0,,,False,,False,Historic Crew Stadium,336346,
2012-09-19,2012,MLS,True,San Jose Earthquakes,Portland Timbers,2,2,,,False,,False,Buck Shaw Stadium,336347,
2012-09-20,2012,MLS,True,Philadelphia Union,D.C. United,0,1,,,False,,False,Subaru Park,336348,
2012-09-22,2012,MLS,True,CF Montréal,Sporting Kansas City,0,0,,,False,,False,Stade Saputo,336349,
2012-09-22,2012,MLS,True,New England Revolution,Red Bull New York,1,1,,,False,,False,Gillette Stadium,336350,
2012-09-22,2012,MLS,True,Real Salt Lake,Portland Timbers,2,1,,,False,,False,America First Field,336351,
2012-09-22,2012,MLS,True,Chicago Fire FC,Columbus Crew,2,1,,,False,,False,SeatGeek Stadium,336352,
2012-09-22,2012,MLS,True,LA Galaxy,Toronto FC,4,2,,,False,,False,Dignity Health Sports Park,336353,
2012-09-22,2012,MLS,True,Seattle Sounders FC,San Jose Earthquakes,1,2,,,False,,False,Lumen Field,336357,
2012-09-23,2012,MLS,True,Philadelphia Union,Houston Dynamo FC,3,1,,,False,,False,Subaru Park,336354,
2012-09-23,2012,MLS,True,D.C. United,Chivas USA,1,0,,,False,,False,RFK Stadium,336355,
2012-09-23,2012,MLS,True,Vancouver Whitecaps,Colorado Rapids,2,2,,,False,,False,BC Place,336356,
2012-09-28,2012,MLS,True,Sporting Kansas City,Chicago Fire FC,2,0,,,False,,False,Children's Mercy Park,336358,
2012-09-29,2012,MLS,True,Red Bull New York,Toronto FC,4,1,,,False,,False,Sports Illustrated Stadium,336359,
2012-09-29,2012,MLS,True,Columbus Crew,Philadelphia Union,3,2,,,False,,False,Historic Crew Stadium,336360,
2012-09-29,2012,MLS,True,Houston Dynamo FC,New England Revolution,2,0,,,False,,False,Shell Energy Stadium,336361,
2012-09-29,2012,MLS,True,Vancouver Whitecaps,Seattle Sounders FC,0,0,,,False,,False,BC Place,336362,
2012-09-29,2012,MLS,True,Chivas USA,Real Salt Lake,0,4,,,False,,False,Dignity Health Sports Park,336364,
2012-09-29,2012,MLS,True,Portland Timbers,D.C. United,1,1,,,False,,False,Providence Park,336363,
2012-09-29,2012,MLS,True,San Jose Earthquakes,FC Dallas,3,3,,,False,,False,Buck Shaw Stadium,336365,
2012-09-30,2012,MLS,True,Colorado Rapids,LA Galaxy,1,1,,,False,,False,Dick's Sporting Goods Park,336366,
2012-10-03,2012,MLS,True,Chicago Fire FC,Philadelphia Union,1,3,,,False,,False,SeatGeek Stadium,336368,
2012-10-03,2012,MLS,True,Vancouver Whitecaps,Chivas USA,4,0,,,False,,False,BC Place,336369,
2012-10-06,2012,MLS,True,Toronto FC,D.C. United,0,1,,,False,,False,BMO Field,336370,
2012-10-06,2012,MLS,True,Red Bull New York,Chicago Fire FC,0,2,,,False,,False,Sports Illustrated Stadium,336371,
2012-10-06,2012,MLS,True,Philadelphia Union,New England Revolution,1,0,,,False,,False,Subaru Park,336372,
2012-10-06,2012,MLS,True,Houston Dynamo FC,CF Montréal,1,1,,,False,,False,Shell Energy Stadium,336373,
2012-10-06,2012,MLS,True,Colorado Rapids,San Jose Earthquakes,1,4,,,False,,False,Dick's Sporting Goods Park,336374,
2012-10-06,2012,MLS,True,LA Galaxy,Real Salt Lake,1,2,,,False,,False,Dignity Health Sports Park,336375,
2012-10-07,2012,MLS,True,Columbus Crew,Sporting Kansas City,1,1,,,False,,False,Historic Crew Stadium,336376,
2012-10-07,2012,MLS,True,Chivas USA,FC Dallas,1,1,,,False,,False,Dignity Health Sports Park,336377,
2012-10-07,2012,MLS,True,Seattle Sounders FC,Portland Timbers,3,0,,,False,,False,Lumen Field,336378,
2012-10-17,2012,MLS,True,Seattle Sounders FC,Real Salt Lake,0,0,,,False,,False,Lumen Field,340034,
2012-10-20,2012,MLS,True,Toronto FC,CF Montréal,0,0,,,False,,False,BMO Field,336379,
2012-10-20,2012,MLS,True,Red Bull New York,Sporting Kansas City,0,0,,,False,,False,Sports Illustrated Stadium,336381,
2012-10-20,2012,MLS,True,D.C. United,Columbus Crew,3,2,,,False,,False,RFK Stadium,336382,
2012-10-20,2012,MLS,True,Houston Dynamo FC,Philadelphia Union,3,1,,,False,,False,Shell Energy Stadium,336384,
2012-10-20,2012,MLS,True,New England Revolution,Chicago Fire FC,1,0,,,False,,False,Gillette Stadium,336383,
2012-10-20,2012,MLS,True,Chivas USA,Colorado Rapids,0,2,,,False,,False,Dignity Health Sports Park,336385,
2012-10-21,2012,MLS,True,San Jose Earthquakes,LA Galaxy,2,2,,,False,,False,Buck Shaw Stadium,336386,
2012-10-21,2012,MLS,True,Vancouver Whitecaps,Portland Timbers,0,1,,,False,,False,BC Place,340033,
2012-10-21,2012,MLS,True,Seattle Sounders FC,FC Dallas,3,1,,,False,,False,Lumen Field,336387,
2012-10-24,2012,MLS,True,Sporting Kansas City,Philadelphia Union,2,1,,,False,,False,Children's Mercy Park,336388,
2012-10-27,2012,MLS,True,Philadelphia Union,Red Bull New York,0,3,,,False,,False,Subaru Park,336389,
2012-10-27,2012,MLS,True,CF Montréal,New England Revolution,0,1,,,False,,False,Stade Saputo,336390,
2012-10-27,2012,MLS,True,Chicago Fire FC,D.C. United,1,1,,,False,,False,SeatGeek Stadium,336391,
2012-10-27,2012,MLS,True,Portland Timbers,San Jose Earthquakes,1,1,,,False,,False,Providence Park,336392,
2012-10-27,2012,MLS,True,Colorado Rapids,Houston Dynamo FC,2,0,,,False,,False,Dick's Sporting Goods Park,336394,
2012-10-27,2012,MLS,True,Real Salt Lake,Vancouver Whitecaps,0,0,,,False,,False,America First Field,336393,
2012-10-28,2012,MLS,True,Columbus Crew,Toronto FC,2,1,,,False,,False,Historic Crew Stadium,336395,
2012-10-28,2012,MLS,True,FC Dallas,Chivas USA,2,2,,,False,,False,Toyota Stadium,336396,
2012-10-28,2012,MLS,True,LA Galaxy,Seattle Sounders FC,1,0,,,False,,False,Dignity Health Sports Park,336397,
2012-10-31,2012,MLS,True,Chicago Fire FC,Houston Dynamo FC,1,2,,,False,,False,SeatGeek Stadium,357194,
2012-11-01,2012,MLS,True,LA Galaxy,Vancouver Whitecaps,2,1,,,False,,False,Dignity Health Sports Park,357119,
2012-11-02,2012,MLS,True,Seattle Sounders FC,Real Salt Lake,0,0,,,False,,False,Lumen Field,357243,
2012-11-03,2012,MLS,True,D.C. United,Red Bull New York,1,1,,,False,,False,RFK Stadium,357242,
2012-11-04,2012,MLS,True,Houston Dynamo FC,Sporting Kansas City,2,0,,,False,,False,Shell Energy Stadium,357316,
2012-11-04,2012,MLS,True,LA Galaxy,San Jose Earthquakes,0,1,,,False,,False,Dignity Health Sports Park,357340,
2012-11-07,2012,MLS,True,Sporting Kansas City,Houston Dynamo FC,1,0,,,False,,False,Children's Mercy Park,357315,
2012-11-07,2012,MLS,True,San Jose Earthquakes,LA Galaxy,1,3,,,False,,False,Buck Shaw Stadium,357341,
2012-11-08,2012,MLS,True,Red Bull New York,D.C. United,0,1,,,False,,False,Sports Illustrated Stadium,357241,
2012-11-08,2012,MLS,True,Real Salt Lake,Seattle Sounders FC,0,1,,,False,,False,America First Field,357240,
2012-11-11,2012,MLS,True,Houston Dynamo FC,D.C. United,3,1,,,False,,False,Shell Energy Stadium,357575,
2012-11-11,2012,MLS,True,LA Galaxy,Seattle Sounders FC,3,0,,,False,,False,Dignity Health Sports Park,357574,
2012-11-18,2012,MLS,True,D.C. United,Houston Dynamo FC,1,1,,,False,,False,RFK Stadium,357573,
2012-11-18,2012,MLS,True,Seattle Sounders FC,LA Galaxy,2,1,,,False,,False,Lumen Field,357572,
2012-12-01,2012,MLS,True,LA Galaxy,Houston Dynamo FC,3,1,,,False,,False,Dignity Health Sports Park,357747,
2013-03-02,2013,MLS,True,Philadelphia Union,Sporting Kansas City,1,3,,,False,,False,Subaru Park,359748,
2013-03-02,2013,MLS,True,Vancouver Whitecaps,Toronto FC,1,0,,,False,,False,BC Place,359747,
2013-03-02,2013,MLS,True,Houston Dynamo FC,D.C. United,2,0,,,False,,False,Shell Energy Stadium,359746,
2013-03-02,2013,MLS,True,FC Dallas,Colorado Rapids,1,0,,,False,,False,Toyota Stadium,359745,
2013-03-02,2013,MLS,True,Chivas USA,Columbus Crew,0,3,,,False,,False,Dignity Health Sports Park,359743,
2013-03-02,2013,MLS,True,Seattle Sounders FC,CF Montréal,0,1,,,False,,False,Lumen Field,359744,
2013-03-03,2013,MLS,True,LA Galaxy,Chicago Fire FC,4,0,,,False,,False,Dignity Health Sports Park,359740,
2013-03-03,2013,MLS,True,Portland Timbers,Red Bull New York,3,3,,,False,,False,Providence Park,359742,
2013-03-03,2013,MLS,True,San Jose Earthquakes,Real Salt Lake,0,2,,,False,,False,Buck Shaw Stadium,359741,
2013-03-09,2013,MLS,True,Toronto FC,Sporting Kansas City,2,1,,,False,,False,BMO Field,359737,
2013-03-09,2013,MLS,True,D.C. United,Real Salt Lake,1,0,,,False,,False,RFK Stadium,359736,
2013-03-09,2013,MLS,True,Chicago Fire FC,New England Revolution,0,1,,,False,,False,SeatGeek Stadium,359735,
2013-03-09,2013,MLS,True,Vancouver Whitecaps,Columbus Crew,2,1,,,False,,False,BC Place,359738,
2013-03-09,2013,MLS,True,Portland Timbers,CF Montréal,1,2,,,False,,False,Providence Park,359734,
2013-03-10,2013,MLS,True,Colorado Rapids,Philadelphia Union,1,2,,,False,,False,Dick's Sporting Goods Park,359739,
2013-03-10,2013,MLS,True,Chivas USA,FC Dallas,3,1,,,False,,False,Dignity Health Sports Park,359733,
2013-03-10,2013,MLS,True,San Jose Earthquakes,Red Bull New York,2,1,,,False,,False,Buck Shaw Stadium,359732,
2013-03-16,2013,MLS,True,Red Bull New York,D.C. United,0,0,,,False,,False,Sports Illustrated Stadium,359731,
2013-03-16,2013,MLS,True,Sporting Kansas City,Chicago Fire FC,0,0,,,False,,False,Children's Mercy Park,359730,
2013-03-16,2013,MLS,True,CF Montréal,Toronto FC,2,1,,,False,,False,Stade Olympique (Montreal),359728,
2013-03-16,2013,MLS,True,Philadelphia Union,New England Revolution,1,0,,,False,,False,Subaru Park,359727,
2013-03-16,2013,MLS,True,Columbus Crew,San Jose Earthquakes,1,1,,,False,,False,Historic Crew Stadium,359726,
2013-03-16,2013,MLS,True,Real Salt Lake,Colorado Rapids,1,1,,,False,,False,America First Field,359729,
2013-03-16,2013,MLS,True,Seattle Sounders FC,Portland Timbers,1,1,,,False,,False,Lumen Field,359725,
2013-03-17,2013,MLS,True,FC Dallas,Houston Dynamo FC,3,2,,,False,,False,Toyota Stadium,359724,
2013-03-17,2013,MLS,True,LA Galaxy,Chivas USA,1,1,,,False,,False,Dignity Health Sports Park,359723,
2013-03-23,2013,MLS,True,D.C. United,Columbus Crew,1,2,,,False,,False,RFK Stadium,359722,
2013-03-23,2013,MLS,True,New England Revolution,Sporting Kansas City,0,0,,,False,,False,Gillette Stadium,359721,
2013-03-23,2013,MLS,True,CF Montréal,Red Bull New York,1,0,,,False,,False,Stade Olympique (Montreal),359720,
2013-03-23,2013,MLS,True,FC Dallas,Real Salt Lake,2,0,,,False,,False,Toyota Stadium,359718,
2013-03-23,2013,MLS,True,Houston Dynamo FC,Vancouver Whitecaps,2,1,,,False,,False,Shell Energy Stadium,359719,
2013-03-23,2013,MLS,True,LA Galaxy,Colorado Rapids,1,0,,,False,,False,Dignity Health Sports Park,359716,
2013-03-23,2013,MLS,True,San Jose Earthquakes,Seattle Sounders FC,1,0,,,False,,False,Buck Shaw Stadium,359717,
2013-03-24,2013,MLS,True,Chicago Fire FC,Chivas USA,1,4,,,False,,False,SeatGeek Stadium,359715,
2013-03-30,2013,MLS,True,Toronto FC,LA Galaxy,2,2,,,False,,False,BMO Field,359711,
2013-03-30,2013,MLS,True,Red Bull New York,Philadelphia Union,2,1,,,False,,False,Sports Illustrated Stadium,359714,
2013-03-30,2013,MLS,True,New England Revolution,FC Dallas,0,1,,,False,,False,Gillette Stadium,359713,
2013-03-30,2013,MLS,True,Colorado Rapids,Portland Timbers,2,2,,,False,,False,Dick's Sporting Goods Park,359712,
2013-03-30,2013,MLS,True,Houston Dynamo FC,San Jose Earthquakes,2,0,,,False,,False,Shell Energy Stadium,359710,
2013-03-30,2013,MLS,True,Sporting Kansas City,CF Montréal,2,0,,,False,,False,Children's Mercy Park,359708,
2013-03-30,2013,MLS,True,Real Salt Lake,Seattle Sounders FC,2,1,,,False,,False,America First Field,359709,
2013-03-30,2013,MLS,True,Chivas USA,Vancouver Whitecaps,2,1,,,False,,False,Dignity Health Sports Park,359707,
2013-04-05,2013,MLS,True,Sporting Kansas City,D.C. United,1,0,,,False,,False,Children's Mercy Park,359706,
2013-04-06,2013,MLS,True,Toronto FC,FC Dallas,2,2,,,False,,False,BMO Field,359703,
2013-04-06,2013,MLS,True,Columbus Crew,Philadelphia Union,1,1,,,False,,False,Historic Crew Stadium,359704,
2013-04-06,2013,MLS,True,Colorado Rapids,Real Salt Lake,1,0,,,False,,False,Dick's Sporting Goods Park,359705,
2013-04-06,2013,MLS,True,Portland Timbers,Houston Dynamo FC,2,0,,,False,,False,Providence Park,359700,
2013-04-06,2013,MLS,True,San Jose Earthquakes,Vancouver Whitecaps,1,1,,,False,,False,Buck Shaw Stadium,359702,
2013-04-07,2013,MLS,True,Chicago Fire FC,Red Bull New York,3,1,,,False,,False,SeatGeek Stadium,359699,
2013-04-13,2013,MLS,True,Philadelphia Union,Toronto FC,1,1,,,False,,False,Subaru Park,359696,
2013-04-13,2013,MLS,True,Seattle Sounders FC,New England Revolution,0,0,,,False,,False,Lumen Field,359695,
2013-04-13,2013,MLS,True,Vancouver Whitecaps,Real Salt Lake,1,1,,,False,,False,BC Place,359694,
2013-04-13,2013,MLS,True,D.C. United,Red Bull New York,0,2,,,False,,False,RFK Stadium,359693,
2013-04-13,2013,MLS,True,FC Dallas,LA Galaxy,1,0,,,False,,False,Toyota Stadium,359697,
2013-04-13,2013,MLS,True,Chivas USA,Colorado Rapids,0,1,,,False,,False,Dignity Health Sports Park,359691,
2013-04-14,2013,MLS,True,CF Montréal,Columbus Crew,1,1,,,False,,False,Stade Saputo,359692,
2013-04-14,2013,MLS,True,Houston Dynamo FC,Chicago Fire FC,2,1,,,False,,False,Shell Energy Stadium,359690,
2013-04-14,2013,MLS,True,Portland Timbers,San Jose Earthquakes,1,0,,,False,,False,Providence Park,359689,
2013-04-17,2013,MLS,True,Red Bull New York,Sporting Kansas City,0,1,,,False,,False,Sports Illustrated Stadium,359688,
2013-04-20,2013,MLS,True,Toronto FC,Houston Dynamo FC,1,1,,,False,,False,BMO Field,359685,
2013-04-20,2013,MLS,True,Colorado Rapids,Seattle Sounders FC,0,1,,,False,,False,Dick's Sporting Goods Park,359687,
2013-04-20,2013,MLS,True,Red Bull New York,New England Revolution,4,1,,,False,,False,Sports Illustrated Stadium,359686,
2013-04-20,2013,MLS,True,Chicago Fire FC,Columbus Crew,1,0,,,False,,False,SeatGeek Stadium,359683,
2013-04-20,2013,MLS,True,FC Dallas,Vancouver Whitecaps,2,0,,,False,,False,Toyota Stadium,359684,
2013-04-20,2013,MLS,True,Real Salt Lake,Chivas USA,1,0,,,False,,False,America First Field,359682,
2013-04-20,2013,MLS,True,LA Galaxy,Sporting Kansas City,2,0,,,False,,False,Dignity Health Sports Park,359681,
2013-04-21,2013,MLS,True,D.C. United,Philadelphia Union,2,3,,,False,,False,RFK Stadium,359680,
2013-04-21,2013,MLS,True,San Jose Earthquakes,Portland Timbers,1,1,,,False,,False,Buck Shaw Stadium,359679,
2013-04-27,2013,MLS,True,Toronto FC,Red Bull New York,1,2,,,False,,False,BMO Field,359677,
2013-04-27,2013,MLS,True,CF Montréal,Chicago Fire FC,2,0,,,False,,False,Stade Saputo,359678,
2013-04-27,2013,MLS,True,Vancouver Whitecaps,FC Dallas,2,2,,,False,,False,BC Place,359676,
2013-04-27,2013,MLS,True,Columbus Crew,D.C. United,3,0,,,False,,False,Historic Crew Stadium,359674,
2013-04-27,2013,MLS,True,New England Revolution,Philadelphia Union,2,0,,,False,,False,Gillette Stadium,359675,
2013-04-27,2013,MLS,True,Sporting Kansas City,Portland Timbers,2,3,,,False,,False,Children's Mercy Park,359673,
2013-04-27,2013,MLS,True,Real Salt Lake,LA Galaxy,0,2,,,False,,False,America First Field,359672,
2013-04-27,2013,MLS,True,Chivas USA,San Jose Earthquakes,2,2,,,False,,False,Dignity Health Sports Park,359671,
2013-04-28,2013,MLS,True,Houston Dynamo FC,Colorado Rapids,1,1,,,False,,False,Shell Energy Stadium,359670,
2013-05-02,2013,MLS,True,Portland Timbers,New England Revolution,0,0,,,False,,False,Providence Park,359669,
2013-05-04,2013,MLS,True,Columbus Crew,Red Bull New York,0,1,,,False,,False,Historic Crew Stadium,359668,
2013-05-04,2013,MLS,True,Philadelphia Union,Seattle Sounders FC,2,2,,,False,,False,Subaru Park,359666,
2013-05-04,2013,MLS,True,San Jose Earthquakes,CF Montréal,2,2,,,False,,False,Buck Shaw Stadium,359667,
2013-05-04,2013,MLS,True,Colorado Rapids,Toronto FC,1,0,,,False,,False,Dick's Sporting Goods Park,359664,
2013-05-04,2013,MLS,True,Real Salt Lake,Vancouver Whitecaps,2,0,,,False,,False,America First Field,359665,
2013-05-05,2013,MLS,True,Sporting Kansas City,Chivas USA,4,0,,,False,,False,Children's Mercy Park,359662,
2013-05-05,2013,MLS,True,LA Galaxy,Houston Dynamo FC,0,1,,,False,,False,Dignity Health Sports Park,359663,
2013-05-08,2013,MLS,True,D.C. United,Houston Dynamo FC,0,4,,,False,,False,RFK Stadium,359661,
2013-05-08,2013,MLS,True,Red Bull New York,CF Montréal,2,1,,,False,,False,Sports Illustrated Stadium,359660,
2013-05-08,2013,MLS,True,New England Revolution,Real Salt Lake,1,2,,,False,,False,Gillette Stadium,359659,
2013-05-08,2013,MLS,True,Sporting Kansas City,Seattle Sounders FC,0,1,,,False,,False,Children's Mercy Park,359658,
2013-05-08,2013,MLS,True,FC Dallas,Portland Timbers,1,1,,,False,,False,Toyota Stadium,359657,
2013-05-08,2013,MLS,True,San Jose Earthquakes,Toronto FC,2,1,,,False,,False,Buck Shaw Stadium,359656,
2013-05-11,2013,MLS,True,Chicago Fire FC,Philadelphia Union,0,1,,,False,,False,SeatGeek Stadium,359655,
2013-05-11,2013,MLS,True,CF Montréal,Real Salt Lake,3,2,,,False,,False,Stade Saputo,359654,
2013-05-11,2013,MLS,True,Seattle Sounders FC,San Jose Earthquakes,4,0,,,False,,False,Lumen Field,359648,
2013-05-11,2013,MLS,True,Vancouver Whitecaps,LA Galaxy,3,1,,,False,,False,BC Place,359653,
2013-05-11,2013,MLS,True,Columbus Crew,Colorado Rapids,0,2,,,False,,False,Historic Crew Stadium,359651,
2013-05-11,2013,MLS,True,New England Revolution,Red Bull New York,1,1,,,False,,False,Gillette Stadium,359652,
2013-05-11,2013,MLS,True,FC Dallas,D.C. United,2,1,,,False,,False,Toyota Stadium,359650,
2013-05-12,2013,MLS,True,Portland Timbers,Chivas USA,3,0,,,False,,False,Providence Park,359647,
2013-05-12,2013,MLS,True,Houston Dynamo FC,Sporting Kansas City,0,1,,,False,,False,Shell Energy Stadium,359649,
2013-05-15,2013,MLS,True,Philadelphia Union,LA Galaxy,1,4,,,False,,False,Subaru Park,359646,
2013-05-18,2013,MLS,True,Toronto FC,Columbus Crew,0,1,,,False,,False,BMO Field,359644,
2013-05-18,2013,MLS,True,Vancouver Whitecaps,Portland Timbers,2,2,,,False,,False,BC Place,359645,
2013-05-18,2013,MLS,True,Philadelphia Union,Chicago Fire FC,1,0,,,False,,False,Subaru Park,359643,
2013-05-18,2013,MLS,True,Houston Dynamo FC,New England Revolution,0,2,,,False,,False,Shell Energy Stadium,359642,
2013-05-18,2013,MLS,True,San Jose Earthquakes,Colorado Rapids,1,1,,,False,,False,Buck Shaw Stadium,359640,
2013-05-18,2013,MLS,True,Seattle Sounders FC,FC Dallas,4,2,,,False,,False,Lumen Field,359641,
2013-05-19,2013,MLS,True,Red Bull New York,LA Galaxy,1,0,,,False,,False,Sports Illustrated Stadium,359639,
2013-05-19,2013,MLS,True,D.C. United,Sporting Kansas City,1,1,,,False,,False,RFK Stadium,359638,
2013-05-19,2013,MLS,True,Chivas USA,Real Salt Lake,1,4,,,False,,False,Dignity Health Sports Park,359637,
2013-05-25,2013,MLS,True,CF Montréal,Philadelphia Union,5,3,,,False,,False,Stade Saputo,359635,
2013-05-25,2013,MLS,True,D.C. United,Portland Timbers,0,2,,,False,,False,RFK Stadium,359636,
2013-05-25,2013,MLS,True,New England Revolution,Toronto FC,2,0,,,False,,False,Gillette Stadium,359634,
2013-05-25,2013,MLS,True,FC Dallas,San Jose Earthquakes,1,0,,,False,,False,Toyota Stadium,359633,
2013-05-25,2013,MLS,True,Colorado Rapids,Chivas USA,2,0,,,False,,False,Dick's Sporting Goods Park,359632,
2013-05-25,2013,MLS,True,Real Salt Lake,Chicago Fire FC,1,1,,,False,,False,America First Field,359631,
2013-05-26,2013,MLS,True,Sporting Kansas City,Houston Dynamo FC,1,1,,,False,,False,Children's Mercy Park,359630,
2013-05-26,2013,MLS,True,Red Bull New York,Columbus Crew,2,2,,,False,,False,Sports Illustrated Stadium,359629,
2013-05-26,2013,MLS,True,LA Galaxy,Seattle Sounders FC,4,0,,,False,,False,Dignity Health Sports Park,359628,
2013-06-01,2013,MLS,True,Toronto FC,Philadelphia Union,1,1,,,False,,False,BMO Field,359626,
2013-06-01,2013,MLS,True,Red Bull New York,Vancouver Whitecaps,1,2,,,False,,False,Sports Illustrated Stadium,359627,
2013-06-01,2013,MLS,True,Columbus Crew,Houston Dynamo FC,1,1,,,False,,False,Historic Crew Stadium,359625,
2013-06-01,2013,MLS,True,Sporting Kansas City,CF Montréal,1,2,,,False,,False,Children's Mercy Park,359624,
2013-06-01,2013,MLS,True,Colorado Rapids,FC Dallas,2,2,,,False,,False,Dick's Sporting Goods Park,359623,
2013-06-01,2013,MLS,True,Real Salt Lake,San Jose Earthquakes,3,0,,,False,,False,America First Field,359622,
2013-06-01,2013,MLS,True,Chivas USA,Seattle Sounders FC,0,2,,,False,,False,Dignity Health Sports Park,359621,
2013-06-02,2013,MLS,True,New England Revolution,LA Galaxy,5,0,,,False,,False,Gillette Stadium,359620,
2013-06-02,2013,MLS,True,Chicago Fire FC,D.C. United,2,0,,,False,,False,SeatGeek Stadium,359619,
2013-06-05,2013,MLS,True,Philadelphia Union,Columbus Crew,3,0,,,False,,False,Subaru Park,359618,
2013-06-08,2013,MLS,True,New England Revolution,D.C. United,0,0,,,False,,False,Gillette Stadium,359616,
2013-06-08,2013,MLS,True,Chicago Fire FC,Portland Timbers,2,2,,,False,,False,SeatGeek Stadium,359615,
2013-06-08,2013,MLS,True,Real Salt Lake,LA Galaxy,3,1,,,False,,False,America First Field,359614,
2013-06-08,2013,MLS,True,Seattle Sounders FC,Vancouver Whitecaps,3,2,,,False,,False,Lumen Field,359617,
2013-06-15,2013,MLS,True,Portland Timbers,FC Dallas,1,0,,,False,,False,Providence Park,359613,
2013-06-15,2013,MLS,True,D.C. United,Toronto FC,1,2,,,False,,False,RFK Stadium,359612,
2013-06-15,2013,MLS,True,Columbus Crew,CF Montréal,2,0,,,False,,False,Historic Crew Stadium,359610,
2013-06-15,2013,MLS,True,Colorado Rapids,San Jose Earthquakes,1,2,,,False,,False,Dick's Sporting Goods Park,359609,
2013-06-15,2013,MLS,True,Vancouver Whitecaps,New England Revolution,4,3,,,False,,False,BC Place,359611,
2013-06-19,2013,MLS,True,CF Montréal,Houston Dynamo FC,2,0,,,False,,False,Stade Saputo,359608,
2013-06-19,2013,MLS,True,Chicago Fire FC,Colorado Rapids,2,1,,,False,,False,SeatGeek Stadium,359606,
2013-06-19,2013,MLS,True,Vancouver Whitecaps,Chivas USA,3,1,,,False,,False,BC Place,359607,
2013-06-19,2013,MLS,True,LA Galaxy,Portland Timbers,0,0,,,False,,False,Dignity Health Sports Park,359605,
2013-06-22,2013,MLS,True,D.C. United,San Jose Earthquakes,1,0,,,False,,False,RFK Stadium,359604,
2013-06-22,2013,MLS,True,Columbus Crew,Chicago Fire FC,1,2,,,False,,False,Historic Crew Stadium,359603,
2013-06-22,2013,MLS,True,FC Dallas,Sporting Kansas City,2,2,,,False,,False,Toyota Stadium,359602,
2013-06-22,2013,MLS,True,Houston Dynamo FC,Toronto FC,0,0,,,False,,False,Shell Energy Stadium,359601,
2013-06-22,2013,MLS,True,Real Salt Lake,Seattle Sounders FC,2,0,,,False,,False,America First Field,359600,
2013-06-23,2013,MLS,True,Philadelphia Union,Red Bull New York,3,0,,,False,,False,Subaru Park,359599,
2013-06-23,2013,MLS,True,Portland Timbers,Colorado Rapids,3,0,,,False,,False,Providence Park,359598,
2013-06-23,2013,MLS,True,Chivas USA,LA Galaxy,0,1,,,False,,False,Dignity Health Sports Park,359597,
2013-06-29,2013,MLS,True,Toronto FC,Real Salt Lake,0,1,,,False,,False,BMO Field,359594,
2013-06-29,2013,MLS,True,Philadelphia Union,FC Dallas,2,2,,,False,,False,Subaru Park,359596,
2013-06-29,2013,MLS,True,CF Montréal,Colorado Rapids,3,4,,,False,,False,Stade Saputo,359593,
2013-06-29,2013,MLS,True,D.C. United,Vancouver Whitecaps,0,1,,,False,,False,RFK Stadium,359595,
2013-06-29,2013,MLS,True,Sporting Kansas City,Columbus Crew,3,2,,,False,,False,Children's Mercy Park,359592,
2013-06-29,2013,MLS,True,Chivas USA,New England Revolution,1,1,,,False,,False,Dignity Health Sports Park,359591,
2013-06-29,2013,MLS,True,San Jose Earthquakes,LA Galaxy,3,2,,,False,,False,Buck Shaw Stadium,359590,
2013-06-30,2013,MLS,True,Red Bull New York,Houston Dynamo FC,2,0,,,False,,False,Sports Illustrated Stadium,359589,
2013-07-03,2013,MLS,True,Toronto FC,CF Montréal,3,3,,,False,,False,BMO Field,359588,
2013-07-03,2013,MLS,True,Chicago Fire FC,San Jose Earthquakes,3,2,,,False,,False,SeatGeek Stadium,359586,
2013-07-03,2013,MLS,True,Sporting Kansas City,Vancouver Whitecaps,1,1,,,False,,False,Children's Mercy Park,359587,
2013-07-03,2013,MLS,True,Real Salt Lake,Philadelphia Union,2,2,,,False,,False,America First Field,359585,
2013-07-03,2013,MLS,True,Seattle Sounders FC,D.C. United,2,0,,,False,,False,Lumen Field,359584,
2013-07-04,2013,MLS,True,FC Dallas,Chivas USA,0,0,,,False,,False,Toyota Stadium,359583,
2013-07-04,2013,MLS,True,Colorado Rapids,Red Bull New York,2,0,,,False,,False,Dick's Sporting Goods Park,359582,
2013-07-04,2013,MLS,True,LA Galaxy,Columbus Crew,2,1,,,False,,False,Dignity Health Sports Park,359581,
2013-07-06,2013,MLS,True,New England Revolution,San Jose Earthquakes,2,0,,,False,,False,Gillette Stadium,359580,
2013-07-06,2013,MLS,True,Houston Dynamo FC,Philadelphia Union,1,0,,,False,,False,Shell Energy Stadium,359579,
2013-07-06,2013,MLS,True,Vancouver Whitecaps,Seattle Sounders FC,2,0,,,False,,False,BC Place,359578,
2013-07-07,2013,MLS,True,Chicago Fire FC,Sporting Kansas City,1,2,,,False,,False,SeatGeek Stadium,359577,
2013-07-07,2013,MLS,True,Columbus Crew,Portland Timbers,1,0,,,False,,False,Historic Crew Stadium,359576,
2013-07-07,2013,MLS,True,CF Montréal,Chivas USA,1,1,,,False,,False,Stade Saputo,359575,
2013-07-07,2013,MLS,True,Colorado Rapids,D.C. United,0,0,,,False,,False,Dick's Sporting Goods Park,359574,
2013-07-07,2013,MLS,True,LA Galaxy,FC Dallas,2,0,,,False,,False,Dignity Health Sports Park,359573,
2013-07-12,2013,MLS,True,Philadelphia Union,Chivas USA,3,1,,,False,,False,Subaru Park,359572,
2013-07-13,2013,MLS,True,Red Bull New York,CF Montréal,4,0,,,False,,False,Sports Illustrated Stadium,359571,
2013-07-13,2013,MLS,True,New England Revolution,Houston Dynamo FC,1,2,,,False,,False,Gillette Stadium,359570,
2013-07-13,2013,MLS,True,Sporting Kansas City,Toronto FC,3,0,,,False,,False,Children's Mercy Park,359569,
2013-07-13,2013,MLS,True,FC Dallas,Real Salt Lake,0,3,,,False,,False,Toyota Stadium,359568,
2013-07-13,2013,MLS,True,San Jose Earthquakes,Seattle Sounders FC,1,0,,,False,,False,Buck Shaw Stadium,359567,
2013-07-13,2013,MLS,True,Portland Timbers,LA Galaxy,2,1,,,False,,False,Providence Park,359566,
2013-07-14,2013,MLS,True,Vancouver Whitecaps,Chicago Fire FC,3,1,,,False,,False,BC Place,359565,
2013-07-17,2013,MLS,True,Colorado Rapids,New England Revolution,2,1,,,False,,False,Dick's Sporting Goods Park,359519,
2013-07-17,2013,MLS,True,Chivas USA,Toronto FC,1,0,,,False,,False,Dignity Health Sports Park,359564,
2013-07-20,2013,MLS,True,Seattle Sounders FC,Colorado Rapids,1,1,,,False,,False,Lumen Field,359556,
2013-07-20,2013,MLS,True,Toronto FC,Red Bull New York,0,0,,,False,,False,BMO Field,359563,
2013-07-20,2013,MLS,True,CF Montréal,FC Dallas,0,0,,,False,,False,Stade Saputo,359562,
2013-07-20,2013,MLS,True,Columbus Crew,New England Revolution,0,2,,,False,,False,Historic Crew Stadium,359560,
2013-07-20,2013,MLS,True,Philadelphia Union,Portland Timbers,0,0,,,False,,False,Subaru Park,359561,
2013-07-20,2013,MLS,True,Chicago Fire FC,D.C. United,4,1,,,False,,False,SeatGeek Stadium,359559,
2013-07-20,2013,MLS,True,Real Salt Lake,Sporting Kansas City,1,2,,,False,,False,America First Field,359558,
2013-07-20,2013,MLS,True,LA Galaxy,Vancouver Whitecaps,2,1,,,False,,False,Dignity Health Sports Park,359557,
2013-07-27,2013,MLS,True,Toronto FC,Columbus Crew,2,1,,,False,,False,BMO Field,359551,
2013-07-27,2013,MLS,True,CF Montréal,Sporting Kansas City,1,0,,,False,,False,Stade Saputo,359555,
2013-07-27,2013,MLS,True,Colorado Rapids,LA Galaxy,2,0,,,False,,False,Dick's Sporting Goods Park,359549,
2013-07-27,2013,MLS,True,D.C. United,New England Revolution,1,2,,,False,,False,RFK Stadium,359552,
2013-07-27,2013,MLS,True,Red Bull New York,Real Salt Lake,4,3,,,False,,False,Sports Illustrated Stadium,359554,
2013-07-27,2013,MLS,True,Vancouver Whitecaps,Philadelphia Union,0,1,,,False,,False,BC Place,359553,
2013-07-27,2013,MLS,True,Houston Dynamo FC,Chicago Fire FC,1,1,,,False,,False,Shell Energy Stadium,359550,
2013-07-27,2013,MLS,True,San Jose Earthquakes,Portland Timbers,2,1,,,False,,False,Buck Shaw Stadium,359548,
2013-07-28,2013,MLS,True,Seattle Sounders FC,Chivas USA,2,1,,,False,,False,Lumen Field,359547,
2013-07-31,2013,MLS,True,MLS All-Stars,AS Roma,1,3,,,False,,False,Children's Mercy Park,375711,
2013-08-03,2013,MLS,True,Sporting Kansas City,Red Bull New York,2,3,,,False,,False,Children's Mercy Park,359544,
2013-08-03,2013,MLS,True,D.C. United,CF Montréal,3,1,,,False,,False,RFK Stadium,359546,
2013-08-03,2013,MLS,True,Philadelphia Union,Chicago Fire FC,1,2,,,False,,False,Subaru Park,359545,
2013-08-03,2013,MLS,True,Colorado Rapids,Real Salt Lake,2,2,,,False,,False,Dick's Sporting Goods Park,359543,
2013-08-03,2013,MLS,True,Houston Dynamo FC,Columbus Crew,3,1,,,False,,False,Shell Energy Stadium,359542,
2013-08-03,2013,MLS,True,San Jose Earthquakes,Chivas USA,2,0,,,False,,False,Buck Shaw Stadium,359538,
2013-08-03,2013,MLS,True,Seattle Sounders FC,FC Dallas,3,0,,,False,,False,Lumen Field,359541,
2013-08-03,2013,MLS,True,Portland Timbers,Vancouver Whitecaps,1,1,,,False,,False,Providence Park,359540,
2013-08-04,2013,MLS,True,New England Revolution,Toronto FC,0,1,,,False,,False,Gillette Stadium,359539,
2013-08-10,2013,MLS,True,Toronto FC,Seattle Sounders FC,1,2,,,False,,False,BMO Field,359537,
2013-08-10,2013,MLS,True,Columbus Crew,Red Bull New York,2,0,,,False,,False,Historic Crew Stadium,359535,
2013-08-10,2013,MLS,True,Vancouver Whitecaps,San Jose Earthquakes,2,0,,,False,,False,BC Place,359536,
2013-08-10,2013,MLS,True,Philadelphia Union,D.C. United,2,0,,,False,,False,Subaru Park,359534,
2013-08-10,2013,MLS,True,Chicago Fire FC,CF Montréal,2,1,,,False,,False,SeatGeek Stadium,359532,
2013-08-10,2013,MLS,True,Sporting Kansas City,New England Revolution,3,0,,,False,,False,Children's Mercy Park,359533,
2013-08-10,2013,MLS,True,Real Salt Lake,Houston Dynamo FC,1,0,,,False,,False,America First Field,359531,
2013-08-11,2013,MLS,True,FC Dallas,LA Galaxy,3,3,,,False,,False,Toyota Stadium,359530,
2013-08-11,2013,MLS,True,Chivas USA,Colorado Rapids,1,1,,,False,,False,Dignity Health Sports Park,359529,
2013-08-17,2013,MLS,True,CF Montréal,D.C. United,2,1,,,False,,False,Stade Saputo,359528,
2013-08-17,2013,MLS,True,Columbus Crew,Toronto FC,2,0,,,False,,False,Historic Crew Stadium,359527,
2013-08-17,2013,MLS,True,New England Revolution,Chicago Fire FC,2,0,,,False,,False,Gillette Stadium,359526,
2013-08-17,2013,MLS,True,Red Bull New York,Philadelphia Union,0,0,,,False,,False,Sports Illustrated Stadium,359525,
2013-08-17,2013,MLS,True,Colorado Rapids,Vancouver Whitecaps,2,0,,,False,,False,Dick's Sporting Goods Park,359524,
2013-08-17,2013,MLS,True,Houston Dynamo FC,Seattle Sounders FC,3,1,,,False,,False,Shell Energy Stadium,359523,
2013-08-17,2013,MLS,True,LA Galaxy,Real Salt Lake,4,2,,,False,,False,Dignity Health Sports Park,359522,
2013-08-17,2013,MLS,True,Portland Timbers,FC Dallas,2,1,,,False,,False,Providence Park,359521,
2013-08-18,2013,MLS,True,San Jose Earthquakes,Sporting Kansas City,1,0,,,False,,False,Buck Shaw Stadium,359520,
2013-08-21,2013,MLS,True,Chivas USA,FC Dallas,1,3,,,False,,False,Dignity Health Sports Park,359518,
2013-08-21,2013,MLS,True,Portland Timbers,Real Salt Lake,3,3,,,False,,False,Providence Park,359517,
2013-08-23,2013,MLS,True,Chicago Fire FC,Sporting Kansas City,1,0,,,False,,False,SeatGeek Stadium,359516,
2013-08-24,2013,MLS,True,CF Montréal,Houston Dynamo FC,5,0,,,False,,False,Stade Saputo,359513,
2013-08-24,2013,MLS,True,D.C. United,Toronto FC,1,1,,,False,,False,RFK Stadium,359515,
2013-08-24,2013,MLS,True,FC Dallas,San Jose Earthquakes,2,2,,,False,,False,Toyota Stadium,359512,
2013-08-24,2013,MLS,True,Vancouver Whitecaps,LA Galaxy,0,1,,,False,,False,BC Place,359514,
2013-08-24,2013,MLS,True,Real Salt Lake,Columbus Crew,4,0,,,False,,False,America First Field,359511,
2013-08-25,2013,MLS,True,Chivas USA,Red Bull New York,3,2,,,False,,False,Dignity Health Sports Park,359510,
2013-08-25,2013,MLS,True,New England Revolution,Philadelphia Union,5,1,,,False,,False,Gillette Stadium,359509,
2013-08-25,2013,MLS,True,Seattle Sounders FC,Portland Timbers,1,0,,,False,,False,Lumen Field,359508,
2013-08-30,2013,MLS,True,Toronto FC,New England Revolution,1,1,,,False,,False,BMO Field,359507,
2013-08-30,2013,MLS,True,Real Salt Lake,Portland Timbers,4,2,,,False,,False,America First Field,359506,
2013-08-31,2013,MLS,True,Columbus Crew,Seattle Sounders FC,0,1,,,False,,False,Historic Crew Stadium,359505,
2013-08-31,2013,MLS,True,Philadelphia Union,CF Montréal,0,0,,,False,,False,Subaru Park,359504,
2013-08-31,2013,MLS,True,Red Bull New York,D.C. United,2,1,,,False,,False,Sports Illustrated Stadium,359503,
2013-08-31,2013,MLS,True,Sporting Kansas City,Colorado Rapids,2,1,,,False,,False,Children's Mercy Park,359502,
2013-08-31,2013,MLS,True,LA Galaxy,San Jose Earthquakes,3,0,,,False,,False,Dignity Health Sports Park,359501,
2013-09-01,2013,MLS,True,Chicago Fire FC,Houston Dynamo FC,1,1,,,False,,False,SeatGeek Stadium,359500,
2013-09-01,2013,MLS,True,Vancouver Whitecaps,Chivas USA,2,2,,,False,,False,BC Place,359499,
2013-09-04,2013,MLS,True,Columbus Crew,Houston Dynamo FC,2,0,,,False,,False,Historic Crew Stadium,359498,
2013-09-04,2013,MLS,True,Seattle Sounders FC,Chivas USA,1,0,,,False,,False,Lumen Field,359698,
2013-09-07,2013,MLS,True,FC Dallas,Vancouver Whitecaps,3,1,,,False,,False,Toyota Stadium,359496,
2013-09-07,2013,MLS,True,Sporting Kansas City,Columbus Crew,3,0,,,False,,False,Children's Mercy Park,359495,
2013-09-07,2013,MLS,True,Seattle Sounders FC,Chicago Fire FC,2,1,,,False,,False,Lumen Field,359494,
2013-09-07,2013,MLS,True,LA Galaxy,Colorado Rapids,0,1,,,False,,False,Dignity Health Sports Park,359493,
2013-09-07,2013,MLS,True,Portland Timbers,Toronto FC,4,0,,,False,,False,Providence Park,359492,
2013-09-08,2013,MLS,True,Houston Dynamo FC,Red Bull New York,1,4,,,False,,False,Shell Energy Stadium,359491,
2013-09-08,2013,MLS,True,New England Revolution,CF Montréal,2,4,,,False,,False,Gillette Stadium,359497,
2013-09-08,2013,MLS,True,Chivas USA,D.C. United,1,0,,,False,,False,Dignity Health Sports Park,359490,
2013-09-08,2013,MLS,True,San Jose Earthquakes,Philadelphia Union,1,0,,,False,,False,Buck Shaw Stadium,359489,
2013-09-11,2013,MLS,True,Toronto FC,Chicago Fire FC,1,1,,,False,,False,BMO Field,359488,
2013-09-13,2013,MLS,True,Seattle Sounders FC,Real Salt Lake,2,0,,,False,,False,Lumen Field,359487,
2013-09-14,2013,MLS,True,CF Montréal,Columbus Crew,1,2,,,False,,False,Stade Saputo,359485,
2013-09-14,2013,MLS,True,D.C. United,LA Galaxy,2,2,,,False,,False,RFK Stadium,359479,
2013-09-14,2013,MLS,True,Red Bull New York,Toronto FC,2,0,,,False,,False,Sports Illustrated Stadium,359486,
2013-09-14,2013,MLS,True,Philadelphia Union,Houston Dynamo FC,0,1,,,False,,False,Subaru Park,359484,
2013-09-14,2013,MLS,True,Chicago Fire FC,New England Revolution,3,2,,,False,,False,SeatGeek Stadium,359483,
2013-09-14,2013,MLS,True,Colorado Rapids,FC Dallas,2,1,,,False,,False,Dick's Sporting Goods Park,359482,
2013-09-14,2013,MLS,True,Chivas USA,Portland Timbers,1,1,,,False,,False,Dignity Health Sports Park,359480,
2013-09-14,2013,MLS,True,San Jose Earthquakes,Vancouver Whitecaps,0,0,,,False,,False,Buck Shaw Stadium,359481,
2013-09-20,2013,MLS,True,Portland Timbers,Colorado Rapids,1,0,,,False,,False,Providence Park,359478,
2013-09-21,2013,MLS,True,CF Montréal,Vancouver Whitecaps,0,3,,,False,,False,Stade Saputo,359477,
2013-09-21,2013,MLS,True,Toronto FC,Sporting Kansas City,1,2,,,False,,False,BMO Field,359476,
2013-09-21,2013,MLS,True,Columbus Crew,Chicago Fire FC,3,0,,,False,,False,Historic Crew Stadium,359474,
2013-09-21,2013,MLS,True,New England Revolution,D.C. United,2,1,,,False,,False,Gillette Stadium,359475,
2013-09-21,2013,MLS,True,Houston Dynamo FC,Chivas USA,5,1,,,False,,False,Shell Energy Stadium,359473,
2013-09-21,2013,MLS,True,Real Salt Lake,San Jose Earthquakes,1,2,,,False,,False,America First Field,359472,
2013-09-21,2013,MLS,True,LA Galaxy,Seattle Sounders FC,1,1,,,False,,False,Dignity Health Sports Park,359471,
2013-09-22,2013,MLS,True,Red Bull New York,FC Dallas,1,0,,,False,,False,Sports Illustrated Stadium,359470,
2013-09-27,2013,MLS,True,Sporting Kansas City,Philadelphia Union,0,1,,,False,,False,Children's Mercy Park,359469,
2013-09-28,2013,MLS,True,Toronto FC,D.C. United,4,1,,,False,,False,BMO Field,359467,
2013-09-28,2013,MLS,True,Vancouver Whitecaps,Real Salt Lake,0,1,,,False,,False,BC Place,359468,
2013-09-28,2013,MLS,True,New England Revolution,Houston Dynamo FC,1,1,,,False,,False,Gillette Stadium,359466,
2013-09-28,2013,MLS,True,Chicago Fire FC,CF Montréal,2,2,,,False,,False,SeatGeek Stadium,359465,
2013-09-29,2013,MLS,True,Portland Timbers,LA Galaxy,1,0,,,False,,False,Providence Park,359464,
2013-09-29,2013,MLS,True,FC Dallas,Columbus Crew,2,4,,,False,,False,Toyota Stadium,359463,
2013-09-29,2013,MLS,True,Seattle Sounders FC,Red Bull New York,1,1,,,False,,False,Lumen Field,359462,
2013-09-29,2013,MLS,True,Chivas USA,San Jose Earthquakes,0,1,,,False,,False,Dignity Health Sports Park,359461,
2013-10-04,2013,MLS,True,D.C. United,Chicago Fire FC,0,3,,,False,,False,RFK Stadium,359460,
2013-10-04,2013,MLS,True,Houston Dynamo FC,CF Montréal,1,0,,,False,,False,Shell Energy Stadium,359459,
2013-10-05,2013,MLS,True,Red Bull New York,New England Revolution,2,2,,,False,,False,Sports Illustrated Stadium,359458,
2013-10-05,2013,MLS,True,Columbus Crew,Sporting Kansas City,0,1,,,False,,False,Historic Crew Stadium,359456,
2013-10-05,2013,MLS,True,Philadelphia Union,Toronto FC,1,0,,,False,,False,Subaru Park,359457,
2013-10-05,2013,MLS,True,Real Salt Lake,FC Dallas,1,1,,,False,,False,America First Field,359455,
2013-10-05,2013,MLS,True,Colorado Rapids,Seattle Sounders FC,5,1,,,False,,False,Dick's Sporting Goods Park,359454,
2013-10-06,2013,MLS,True,LA Galaxy,Chivas USA,5,0,,,False,,False,Dignity Health Sports Park,359453,
2013-10-06,2013,MLS,True,Vancouver Whitecaps,Portland Timbers,2,2,,,False,,False,BC Place,359452,
2013-10-09,2013,MLS,True,Houston Dynamo FC,Sporting Kansas City,0,0,,,False,,False,Shell Energy Stadium,359451,
2013-10-09,2013,MLS,True,Seattle Sounders FC,Vancouver Whitecaps,1,4,,,False,,False,Lumen Field,359450,
2013-10-09,2013,MLS,True,San Jose Earthquakes,Colorado Rapids,1,0,,,False,,False,Buck Shaw Stadium,359449,
2013-10-12,2013,MLS,True,CF Montréal,New England Revolution,0,1,,,False,,False,Stade Saputo,359447,
2013-10-12,2013,MLS,True,D.C. United,Philadelphia Union,1,1,,,False,,False,RFK Stadium,359448,
2013-10-12,2013,MLS,True,FC Dallas,Chicago Fire FC,2,3,,,False,,False,Toyota Stadium,359446,
2013-10-13,2013,MLS,True,Portland Timbers,Seattle Sounders FC,1,0,,,False,,False,Providence Park,359445,
2013-10-16,2013,MLS,True,LA Galaxy,CF Montréal,1,0,,,False,,False,Dignity Health Sports Park,359701,
2013-10-18,2013,MLS,True,Sporting Kansas City,D.C. United,1,0,,,False,,False,Children's Mercy Park,359444,
2013-10-19,2013,MLS,True,CF Montréal,Philadelphia Union,2,1,,,False,,False,Stade Saputo,359441,
2013-10-19,2013,MLS,True,FC Dallas,Seattle Sounders FC,2,0,,,False,,False,Toyota Stadium,359443,
2013-10-19,2013,MLS,True,Colorado Rapids,Vancouver Whitecaps,3,2,,,False,,False,Dick's Sporting Goods Park,359442,
2013-10-19,2013,MLS,True,New England Revolution,Columbus Crew,3,2,,,False,,False,Gillette Stadium,359440,
2013-10-19,2013,MLS,True,Chicago Fire FC,Toronto FC,1,0,,,False,,False,SeatGeek Stadium,359439,
2013-10-19,2013,MLS,True,Portland Timbers,Real Salt Lake,0,0,,,False,,False,Providence Park,359438,
2013-10-20,2013,MLS,True,Houston Dynamo FC,Red Bull New York,0,3,,,False,,False,Shell Energy Stadium,359437,
2013-10-20,2013,MLS,True,LA Galaxy,San Jose Earthquakes,0,0,,,False,,False,Dignity Health Sports Park,359436,
2013-10-23,2013,MLS,True,Real Salt Lake,Chivas USA,2,1,,,False,,False,America First Field,359435,
2013-10-26,2013,MLS,True,Philadelphia Union,Sporting Kansas City,1,2,,,False,,False,Subaru Park,359434,
2013-10-26,2013,MLS,True,Toronto FC,CF Montréal,1,0,,,False,,False,BMO Field,359432,
2013-10-26,2013,MLS,True,San Jose Earthquakes,FC Dallas,2,1,,,False,,False,Buck Shaw Stadium,359433,
2013-10-26,2013,MLS,True,Chivas USA,Portland Timbers,0,5,,,False,,False,Dignity Health Sports Park,359431,
2013-10-27,2013,MLS,True,D.C. United,Houston Dynamo FC,1,2,,,False,,False,RFK Stadium,359430,
2013-10-27,2013,MLS,True,Columbus Crew,New England Revolution,0,1,,,False,,False,Historic Crew Stadium,359429,
2013-10-27,2013,MLS,True,Red Bull New York,Chicago Fire FC,5,2,,,False,,False,Sports Illustrated Stadium,359428,
2013-10-27,2013,MLS,True,Vancouver Whitecaps,Colorado Rapids,3,0,,,False,,False,BC Place,359427,
2013-10-27,2013,MLS,True,Seattle Sounders FC,LA Galaxy,1,1,,,False,,False,Lumen Field,359426,
2013-10-30,2013,MLS,True,Seattle Sounders FC,Colorado Rapids,2,0,,,False,,False,Lumen Field,382429,
2013-10-31,2013,MLS,True,Houston Dynamo FC,CF Montréal,3,0,,,False,,False,Shell Energy Stadium,382428,
2013-11-02,2013,MLS,True,New England Revolution,Sporting Kansas City,2,1,,,False,,False,Gillette Stadium,382432,
2013-11-02,2013,MLS,True,Seattle Sounders FC,Portland Timbers,1,2,,,False,,False,Lumen Field,382571,
2013-11-03,2013,MLS,True,Houston Dynamo FC,Red Bull New York,2,2,,,False,,False,Shell Energy Stadium,382594,
2013-11-03,2013,MLS,True,LA Galaxy,Real Salt Lake,1,0,,,False,,False,Dignity Health Sports Park,382431,
2013-11-06,2013,MLS,True,Red Bull New York,Houston Dynamo FC,1,2,,,False,,False,Sports Illustrated Stadium,382593,
2013-11-06,2013,MLS,True,Sporting Kansas City,New England Revolution,3,1,,,False,,False,Children's Mercy Park,382531,
2013-11-07,2013,MLS,True,Real Salt Lake,LA Galaxy,2,0,,,False,,False,America First Field,382532,
2013-11-07,2013,MLS,True,Portland Timbers,Seattle Sounders FC,3,2,,,False,,False,Providence Park,382570,
2013-11-09,2013,MLS,True,Houston Dynamo FC,Sporting Kansas City,0,0,,,False,,False,Shell Energy Stadium,382672,
2013-11-10,2013,MLS,True,Real Salt Lake,Portland Timbers,4,2,,,False,,False,America First Field,382714,
2013-11-23,2013,MLS,True,Sporting Kansas City,Houston Dynamo FC,2,1,,,False,,False,Children's Mercy Park,382671,
2013-11-24,2013,MLS,True,Portland Timbers,Real Salt Lake,0,1,,,False,,False,Providence Park,382713,
2013-12-07,2013,MLS,True,Sporting Kansas City,Real Salt Lake,1,1,7.0,6.0,True,Sporting Kansas City,False,Children's Mercy Park,383041,
2014-03-08,2014,MLS,True,Seattle Sounders FC,Sporting Kansas City,1,0,,,False,,False,Lumen Field,384841,
2014-03-08,2014,MLS,True,D.C. United,Columbus Crew,0,3,,,False,,False,RFK Stadium,384840,
2014-03-08,2014,MLS,True,Vancouver Whitecaps,Red Bull New York,4,1,,,False,,False,BC Place,384839,
2014-03-08,2014,MLS,True,FC Dallas,CF Montréal,3,2,,,False,,False,Toyota Stadium,384837,
2014-03-08,2014,MLS,True,Houston Dynamo FC,New England Revolution,4,0,,,False,,False,Shell Energy Stadium,384838,
2014-03-08,2014,MLS,True,LA Galaxy,Real Salt Lake,0,1,,,False,,False,Dignity Health Sports Park,384836,
2014-03-08,2014,MLS,True,Portland Timbers,Philadelphia Union,1,1,,,False,,False,Providence Park,384835,
2014-03-09,2014,MLS,True,Chivas USA,Chicago Fire FC,3,2,,,False,,False,Dignity Health Sports Park,384834,
2014-03-15,2014,MLS,True,Philadelphia Union,New England Revolution,1,0,,,False,,False,Subaru Park,384833,
2014-03-15,2014,MLS,True,Red Bull New York,Colorado Rapids,1,1,,,False,,False,Sports Illustrated Stadium,384832,
2014-03-15,2014,MLS,True,Seattle Sounders FC,Toronto FC,1,2,,,False,,False,Lumen Field,384829,
2014-03-15,2014,MLS,True,Houston Dynamo FC,CF Montréal,1,0,,,False,,False,Shell Energy Stadium,384831,
2014-03-15,2014,MLS,True,Sporting Kansas City,FC Dallas,1,1,,,False,,False,Children's Mercy Park,384830,
2014-03-15,2014,MLS,True,San Jose Earthquakes,Real Salt Lake,3,3,,,False,,False,Buck Shaw Stadium,384828,
2014-03-16,2014,MLS,True,Portland Timbers,Chicago Fire FC,1,1,,,False,,False,Providence Park,384826,
2014-03-16,2014,MLS,True,Chivas USA,Vancouver Whitecaps,1,1,,,False,,False,Dignity Health Sports Park,384825,
2014-03-22,2014,MLS,True,New England Revolution,Vancouver Whitecaps,0,0,,,False,,False,Gillette Stadium,384824,
2014-03-22,2014,MLS,True,Real Salt Lake,LA Galaxy,1,1,,,False,,False,America First Field,384822,
2014-03-22,2014,MLS,True,Toronto FC,D.C. United,1,0,,,False,,False,BMO Field,384816,
2014-03-22,2014,MLS,True,Colorado Rapids,Portland Timbers,2,0,,,False,,False,Dick's Sporting Goods Park,384821,
2014-03-22,2014,MLS,True,Columbus Crew,Philadelphia Union,2,1,,,False,,False,Historic Crew Stadium,384820,
2014-03-22,2014,MLS,True,FC Dallas,Chivas USA,3,1,,,False,,False,Toyota Stadium,384818,
2014-03-22,2014,MLS,True,Sporting Kansas City,San Jose Earthquakes,1,0,,,False,,False,Children's Mercy Park,384819,
2014-03-23,2014,MLS,True,Chicago Fire FC,Red Bull New York,1,1,,,False,,False,SeatGeek Stadium,384817,
2014-03-23,2014,MLS,True,CF Montréal,Seattle Sounders FC,0,2,,,False,,False,Stade Olympique (Montreal),384823,
2014-03-29,2014,MLS,True,D.C. United,Chicago Fire FC,2,2,,,False,,False,RFK Stadium,384814,
2014-03-29,2014,MLS,True,Philadelphia Union,CF Montréal,1,1,,,False,,False,Subaru Park,384815,
2014-03-29,2014,MLS,True,Colorado Rapids,Sporting Kansas City,2,3,,,False,,False,Dick's Sporting Goods Park,384813,
2014-03-29,2014,MLS,True,Vancouver Whitecaps,Houston Dynamo FC,2,1,,,False,,False,BC Place,384808,
2014-03-29,2014,MLS,True,FC Dallas,Portland Timbers,2,1,,,False,,False,Toyota Stadium,384812,
2014-03-29,2014,MLS,True,Real Salt Lake,Toronto FC,3,0,,,False,,False,America First Field,384811,
2014-03-29,2014,MLS,True,Seattle Sounders FC,Columbus Crew,1,2,,,False,,False,Lumen Field,384810,
2014-03-29,2014,MLS,True,San Jose Earthquakes,New England Revolution,1,2,,,False,,False,Buck Shaw Stadium,384809,
2014-03-30,2014,MLS,True,Red Bull New York,Chivas USA,1,1,,,False,,False,Sports Illustrated Stadium,384807,
2014-04-05,2014,MLS,True,Portland Timbers,Seattle Sounders FC,4,4,,,False,,False,Providence Park,384806,
2014-04-05,2014,MLS,True,CF Montréal,Red Bull New York,2,2,,,False,,False,Stade Olympique (Montreal),384805,
2014-04-05,2014,MLS,True,Chicago Fire FC,Philadelphia Union,2,2,,,False,,False,SeatGeek Stadium,384803,
2014-04-05,2014,MLS,True,Columbus Crew,Toronto FC,0,2,,,False,,False,Historic Crew Stadium,384802,
2014-04-05,2014,MLS,True,Vancouver Whitecaps,Colorado Rapids,1,2,,,False,,False,BC Place,384798,
2014-04-05,2014,MLS,True,D.C. United,New England Revolution,2,0,,,False,,False,RFK Stadium,384801,
2014-04-05,2014,MLS,True,Houston Dynamo FC,FC Dallas,1,4,,,False,,False,Shell Energy Stadium,384804,
2014-04-05,2014,MLS,True,Sporting Kansas City,Real Salt Lake,0,0,,,False,,False,Children's Mercy Park,384800,
2014-04-06,2014,MLS,True,Chivas USA,LA Galaxy,0,3,,,False,,False,Dignity Health Sports Park,384799,
2014-04-12,2014,MLS,True,CF Montréal,Chicago Fire FC,1,1,,,False,,False,Stade Olympique (Montreal),384795,
2014-04-12,2014,MLS,True,Philadelphia Union,Real Salt Lake,2,2,,,False,,False,Subaru Park,384796,
2014-04-12,2014,MLS,True,Toronto FC,Colorado Rapids,0,1,,,False,,False,BMO Field,384789,
2014-04-12,2014,MLS,True,New England Revolution,Houston Dynamo FC,2,0,,,False,,False,Gillette Stadium,384794,
2014-04-12,2014,MLS,True,D.C. United,Red Bull New York,1,0,,,False,,False,RFK Stadium,384797,
2014-04-12,2014,MLS,True,FC Dallas,Seattle Sounders FC,2,3,,,False,,False,Toyota Stadium,384793,
2014-04-12,2014,MLS,True,LA Galaxy,Vancouver Whitecaps,1,0,,,False,,False,Dignity Health Sports Park,384792,
2014-04-12,2014,MLS,True,Portland Timbers,Chivas USA,1,1,,,False,,False,Providence Park,384791,
2014-04-13,2014,MLS,True,San Jose Earthquakes,Columbus Crew,1,1,,,False,,False,Buck Shaw Stadium,384790,
2014-04-16,2014,MLS,True,Red Bull New York,Philadelphia Union,2,1,,,False,,False,Sports Illustrated Stadium,384788,
2014-04-19,2014,MLS,True,Chicago Fire FC,New England Revolution,1,1,,,False,,False,SeatGeek Stadium,384786,
2014-04-19,2014,MLS,True,Philadelphia Union,Houston Dynamo FC,0,0,,,False,,False,Subaru Park,384787,
2014-04-19,2014,MLS,True,Colorado Rapids,San Jose Earthquakes,0,0,,,False,,False,Dick's Sporting Goods Park,384785,
2014-04-19,2014,MLS,True,Vancouver Whitecaps,LA Galaxy,2,2,,,False,,False,BC Place,384779,
2014-04-19,2014,MLS,True,Columbus Crew,D.C. United,1,1,,,False,,False,Historic Crew Stadium,384784,
2014-04-19,2014,MLS,True,FC Dallas,Toronto FC,2,1,,,False,,False,Toyota Stadium,384783,
2014-04-19,2014,MLS,True,Sporting Kansas City,CF Montréal,4,0,,,False,,False,Children's Mercy Park,384782,
2014-04-19,2014,MLS,True,Real Salt Lake,Portland Timbers,1,0,,,False,,False,America First Field,384781,
2014-04-19,2014,MLS,True,Chivas USA,Seattle Sounders FC,1,2,,,False,,False,Dignity Health Sports Park,384780,
2014-04-23,2014,MLS,True,Red Bull New York,Houston Dynamo FC,4,0,,,False,,False,Sports Illustrated Stadium,384888,
2014-04-26,2014,MLS,True,CF Montréal,Philadelphia Union,1,0,,,False,,False,Stade Saputo,384778,
2014-04-26,2014,MLS,True,Seattle Sounders FC,Colorado Rapids,4,1,,,False,,False,Lumen Field,384771,
2014-04-26,2014,MLS,True,D.C. United,FC Dallas,4,1,,,False,,False,RFK Stadium,384777,
2014-04-26,2014,MLS,True,Columbus Crew,Red Bull New York,1,1,,,False,,False,Historic Crew Stadium,384775,
2014-04-26,2014,MLS,True,New England Revolution,Sporting Kansas City,2,0,,,False,,False,Gillette Stadium,384776,
2014-04-26,2014,MLS,True,Real Salt Lake,Vancouver Whitecaps,2,2,,,False,,False,America First Field,384774,
2014-04-26,2014,MLS,True,San Jose Earthquakes,Chivas USA,1,0,,,False,,False,Buck Shaw Stadium,384773,
2014-04-27,2014,MLS,True,Houston Dynamo FC,Portland Timbers,1,1,,,False,,False,Shell Energy Stadium,384772,
2014-05-03,2014,MLS,True,Toronto FC,New England Revolution,1,2,,,False,,False,BMO Field,384769,
2014-05-03,2014,MLS,True,Vancouver Whitecaps,San Jose Earthquakes,3,2,,,False,,False,BC Place,384770,
2014-05-03,2014,MLS,True,Chicago Fire FC,Real Salt Lake,2,3,,,False,,False,SeatGeek Stadium,384768,
2014-05-03,2014,MLS,True,Colorado Rapids,LA Galaxy,1,0,,,False,,False,Dick's Sporting Goods Park,384767,
2014-05-03,2014,MLS,True,Seattle Sounders FC,Philadelphia Union,2,1,,,False,,False,Lumen Field,384766,
2014-05-03,2014,MLS,True,Chivas USA,Houston Dynamo FC,1,4,,,False,,False,Dignity Health Sports Park,384765,
2014-05-03,2014,MLS,True,Portland Timbers,D.C. United,3,2,,,False,,False,Providence Park,384764,
2014-05-04,2014,MLS,True,FC Dallas,Red Bull New York,0,1,,,False,,False,Toyota Stadium,384763,
2014-05-04,2014,MLS,True,Sporting Kansas City,Columbus Crew,2,0,,,False,,False,Children's Mercy Park,384762,
2014-05-07,2014,MLS,True,Houston Dynamo FC,Columbus Crew,1,0,,,False,,False,Shell Energy Stadium,384761,
2014-05-07,2014,MLS,True,Seattle Sounders FC,FC Dallas,2,1,,,False,,False,Lumen Field,384760,
2014-05-07,2014,MLS,True,San Jose Earthquakes,Colorado Rapids,0,0,,,False,,False,Buck Shaw Stadium,384759,
2014-05-10,2014,MLS,True,CF Montréal,Sporting Kansas City,0,3,,,False,,False,Stade Saputo,384758,
2014-05-10,2014,MLS,True,Philadelphia Union,D.C. United,0,1,,,False,,False,Subaru Park,384757,
2014-05-10,2014,MLS,True,Red Bull New York,Chicago Fire FC,4,5,,,False,,False,Sports Illustrated Stadium,384756,
2014-05-10,2014,MLS,True,Columbus Crew,Vancouver Whitecaps,0,1,,,False,,False,Historic Crew Stadium,384755,
2014-05-10,2014,MLS,True,San Jose Earthquakes,FC Dallas,2,1,,,False,,False,Buck Shaw Stadium,384754,
2014-05-11,2014,MLS,True,Portland Timbers,LA Galaxy,1,1,,,False,,False,Providence Park,384753,
2014-05-11,2014,MLS,True,Colorado Rapids,Chivas USA,1,3,,,False,,False,Dick's Sporting Goods Park,384752,
2014-05-11,2014,MLS,True,New England Revolution,Seattle Sounders FC,5,0,,,False,,False,Gillette Stadium,384751,
2014-05-11,2014,MLS,True,Houston Dynamo FC,Real Salt Lake,2,5,,,False,,False,Shell Energy Stadium,384750,
2014-05-14,2014,MLS,True,Sporting Kansas City,Philadelphia Union,1,2,,,False,,False,Children's Mercy Park,384749,
2014-05-17,2014,MLS,True,Toronto FC,Red Bull New York,2,0,,,False,,False,BMO Field,384748,
2014-05-17,2014,MLS,True,D.C. United,CF Montréal,1,1,,,False,,False,RFK Stadium,384746,
2014-05-17,2014,MLS,True,Philadelphia Union,New England Revolution,3,5,,,False,,False,Subaru Park,384747,
2014-05-17,2014,MLS,True,FC Dallas,Chivas USA,1,1,,,False,,False,Toyota Stadium,384744,
2014-05-17,2014,MLS,True,Houston Dynamo FC,LA Galaxy,1,0,,,False,,False,Shell Energy Stadium,384745,
2014-05-17,2014,MLS,True,Real Salt Lake,Colorado Rapids,2,1,,,False,,False,America First Field,384743,
2014-05-17,2014,MLS,True,Seattle Sounders FC,San Jose Earthquakes,1,0,,,False,,False,Lumen Field,384742,
2014-05-17,2014,MLS,True,Portland Timbers,Columbus Crew,3,3,,,False,,False,Providence Park,384741,
2014-05-18,2014,MLS,True,Chicago Fire FC,Sporting Kansas City,2,1,,,False,,False,SeatGeek Stadium,384740,
2014-05-21,2014,MLS,True,D.C. United,Houston Dynamo FC,2,0,,,False,,False,RFK Stadium,384739,
2014-05-21,2014,MLS,True,LA Galaxy,FC Dallas,2,1,,,False,,False,Dignity Health Sports Park,384738,
2014-05-23,2014,MLS,True,Sporting Kansas City,Toronto FC,2,2,,,False,,False,Children's Mercy Park,384737,
2014-05-24,2014,MLS,True,Red Bull New York,Portland Timbers,1,2,,,False,,False,Sports Illustrated Stadium,384735,
2014-05-24,2014,MLS,True,Vancouver Whitecaps,Seattle Sounders FC,2,2,,,False,,False,BC Place,384736,
2014-05-24,2014,MLS,True,Columbus Crew,Chicago Fire FC,2,0,,,False,,False,Historic Crew Stadium,384733,
2014-05-24,2014,MLS,True,New England Revolution,D.C. United,2,1,,,False,,False,Gillette Stadium,384734,
2014-05-24,2014,MLS,True,Colorado Rapids,CF Montréal,4,1,,,False,,False,Dick's Sporting Goods Park,384732,
2014-05-24,2014,MLS,True,Real Salt Lake,FC Dallas,0,0,,,False,,False,America First Field,384731,
2014-05-25,2014,MLS,True,LA Galaxy,Philadelphia Union,4,1,,,False,,False,Dignity Health Sports Park,384730,
2014-05-25,2014,MLS,True,San Jose Earthquakes,Houston Dynamo FC,3,0,,,False,,False,Buck Shaw Stadium,384729,
2014-05-27,2014,MLS,True,Sporting Kansas City,Red Bull New York,1,1,,,False,,False,Children's Mercy Park,384728,
2014-05-28,2014,MLS,True,Chivas USA,Portland Timbers,0,2,,,False,,False,Dignity Health Sports Park,384727,
2014-05-31,2014,MLS,True,Seattle Sounders FC,Real Salt Lake,4,0,,,False,,False,Lumen Field,384722,
2014-05-31,2014,MLS,True,Toronto FC,Columbus Crew,3,2,,,False,,False,BMO Field,384721,
2014-05-31,2014,MLS,True,CF Montréal,New England Revolution,2,0,,,False,,False,Stade Saputo,384726,
2014-05-31,2014,MLS,True,D.C. United,Sporting Kansas City,1,0,,,False,,False,RFK Stadium,384725,
2014-05-31,2014,MLS,True,FC Dallas,San Jose Earthquakes,1,2,,,False,,False,Toyota Stadium,384724,
2014-05-31,2014,MLS,True,Chivas USA,Philadelphia Union,0,3,,,False,,False,Dignity Health Sports Park,384723,
2014-06-01,2014,MLS,True,Chicago Fire FC,LA Galaxy,1,1,,,False,,False,SeatGeek Stadium,384718,
2014-06-01,2014,MLS,True,Colorado Rapids,Houston Dynamo FC,3,0,,,False,,False,Dick's Sporting Goods Park,384720,
2014-06-01,2014,MLS,True,Portland Timbers,Vancouver Whitecaps,3,4,,,False,,False,Providence Park,384719,
2014-06-04,2014,MLS,True,Columbus Crew,Real Salt Lake,1,1,,,False,,False,Historic Crew Stadium,384717,
2014-06-04,2014,MLS,True,Colorado Rapids,Chicago Fire FC,0,0,,,False,,False,Dick's Sporting Goods Park,384716,
2014-06-06,2014,MLS,True,Houston Dynamo FC,Sporting Kansas City,0,2,,,False,,False,Shell Energy Stadium,384715,
2014-06-07,2014,MLS,True,Toronto FC,San Jose Earthquakes,1,0,,,False,,False,BMO Field,384713,
2014-06-07,2014,MLS,True,D.C. United,Columbus Crew,0,0,,,False,,False,Northwest Stadium,384712,
2014-06-07,2014,MLS,True,Philadelphia Union,Vancouver Whitecaps,3,3,,,False,,False,Subaru Park,384714,
2014-06-07,2014,MLS,True,Chicago Fire FC,Seattle Sounders FC,2,3,,,False,,False,SeatGeek Stadium,384710,
2014-06-07,2014,MLS,True,FC Dallas,Colorado Rapids,3,2,,,False,,False,Toyota Stadium,384709,
2014-06-07,2014,MLS,True,Real Salt Lake,Portland Timbers,1,3,,,False,,False,America First Field,384708,
2014-06-08,2014,MLS,True,New England Revolution,Red Bull New York,0,2,,,False,,False,Gillette Stadium,384711,
2014-06-08,2014,MLS,True,LA Galaxy,Chivas USA,1,1,,,False,,False,Dignity Health Sports Park,384707,
2014-06-11,2014,MLS,True,CF Montréal,D.C. United,2,4,,,False,,False,Stade Saputo,384704,
2014-06-11,2014,MLS,True,Portland Timbers,FC Dallas,2,2,,,False,,False,Providence Park,384706,
2014-06-25,2014,MLS,True,Vancouver Whitecaps,CF Montréal,0,0,,,False,,False,BC Place,384703,
2014-06-27,2014,MLS,True,Red Bull New York,Toronto FC,2,2,,,False,,False,Sports Illustrated Stadium,384702,
2014-06-27,2014,MLS,True,Portland Timbers,Sporting Kansas City,0,1,,,False,,False,Providence Park,384701,
2014-06-28,2014,MLS,True,D.C. United,Seattle Sounders FC,0,1,,,False,,False,RFK Stadium,384700,
2014-06-28,2014,MLS,True,New England Revolution,Philadelphia Union,1,3,,,False,,False,Gillette Stadium,384699,
2014-06-28,2014,MLS,True,Colorado Rapids,Vancouver Whitecaps,2,0,,,False,,False,Dick's Sporting Goods Park,384697,
2014-06-28,2014,MLS,True,Chivas USA,Real Salt Lake,1,0,,,False,,False,Dignity Health Sports Park,384696,
2014-06-28,2014,MLS,True,San Jose Earthquakes,LA Galaxy,0,1,,,False,,False,Stanford Stadium,384695,
2014-06-29,2014,MLS,True,Columbus Crew,FC Dallas,0,0,,,False,,False,Historic Crew Stadium,384698,
2014-06-29,2014,MLS,True,CF Montréal,Houston Dynamo FC,3,0,,,False,,False,Stade Saputo,384694,
2014-07-02,2014,MLS,True,Chicago Fire FC,Toronto FC,1,1,,,False,,False,SeatGeek Stadium,384927,
2014-07-02,2014,MLS,True,San Jose Earthquakes,Chivas USA,0,1,,,False,,False,Buck Shaw Stadium,384926,
2014-07-04,2014,MLS,True,Houston Dynamo FC,Red Bull New York,2,2,,,False,,False,Shell Energy Stadium,384925,
2014-07-04,2014,MLS,True,FC Dallas,Philadelphia Union,2,1,,,False,,False,Toyota Stadium,384924,
2014-07-04,2014,MLS,True,Colorado Rapids,Columbus Crew,1,1,,,False,,False,Dick's Sporting Goods Park,384923,
2014-07-04,2014,MLS,True,Real Salt Lake,New England Revolution,2,1,,,False,,False,America First Field,384922,
2014-07-04,2014,MLS,True,LA Galaxy,Portland Timbers,2,2,,,False,,False,Dignity Health Sports Park,384921,
2014-07-05,2014,MLS,True,Toronto FC,D.C. United,1,2,,,False,,False,BMO Field,384918,
2014-07-05,2014,MLS,True,Vancouver Whitecaps,Seattle Sounders FC,1,0,,,False,,False,BC Place,384919,
2014-07-05,2014,MLS,True,Chivas USA,CF Montréal,1,0,,,False,,False,Dignity Health Sports Park,384920,
2014-07-06,2014,MLS,True,Sporting Kansas City,Chicago Fire FC,1,1,,,False,,False,Children's Mercy Park,384917,
2014-07-11,2014,MLS,True,San Jose Earthquakes,D.C. United,1,2,,,False,,False,Buck Shaw Stadium,384916,
2014-07-12,2014,MLS,True,Philadelphia Union,Colorado Rapids,3,3,,,False,,False,Subaru Park,384910,
2014-07-12,2014,MLS,True,Red Bull New York,Columbus Crew,4,1,,,False,,False,Sports Illustrated Stadium,384915,
2014-07-12,2014,MLS,True,Toronto FC,Houston Dynamo FC,4,2,,,False,,False,BMO Field,384911,
2014-07-12,2014,MLS,True,CF Montréal,Sporting Kansas City,1,2,,,False,,False,Stade Saputo,384912,
2014-07-12,2014,MLS,True,New England Revolution,Chicago Fire FC,0,1,,,False,,False,Gillette Stadium,384914,
2014-07-12,2014,MLS,True,Vancouver Whitecaps,Chivas USA,1,3,,,False,,False,BC Place,384909,
2014-07-12,2014,MLS,True,LA Galaxy,Real Salt Lake,1,0,,,False,,False,Dignity Health Sports Park,384913,
2014-07-13,2014,MLS,True,Seattle Sounders FC,Portland Timbers,2,0,,,False,,False,Lumen Field,384908,
2014-07-16,2014,MLS,True,Philadelphia Union,Red Bull New York,3,1,,,False,,False,Subaru Park,384907,
2014-07-16,2014,MLS,True,Columbus Crew,Sporting Kansas City,1,2,,,False,,False,Historic Crew Stadium,384906,
2014-07-16,2014,MLS,True,Toronto FC,Vancouver Whitecaps,1,1,,,False,,False,BMO Field,384904,
2014-07-16,2014,MLS,True,LA Galaxy,New England Revolution,5,1,,,False,,False,Dignity Health Sports Park,384905,
2014-07-18,2014,MLS,True,Portland Timbers,Colorado Rapids,2,1,,,False,,False,Providence Park,384903,
2014-07-19,2014,MLS,True,Sporting Kansas City,LA Galaxy,2,1,,,False,,False,Children's Mercy Park,384902,
2014-07-19,2014,MLS,True,Red Bull New York,San Jose Earthquakes,1,1,,,False,,False,Sports Illustrated Stadium,384901,
2014-07-19,2014,MLS,True,Columbus Crew,CF Montréal,2,1,,,False,,False,Historic Crew Stadium,384900,
2014-07-19,2014,MLS,True,Chicago Fire FC,Philadelphia Union,1,1,,,False,,False,SeatGeek Stadium,384899,
2014-07-19,2014,MLS,True,FC Dallas,New England Revolution,2,0,,,False,,False,Toyota Stadium,384897,
2014-07-19,2014,MLS,True,Houston Dynamo FC,Toronto FC,2,2,,,False,,False,Shell Energy Stadium,384898,
2014-07-19,2014,MLS,True,Real Salt Lake,Vancouver Whitecaps,1,1,,,False,,False,America First Field,384896,
2014-07-20,2014,MLS,True,D.C. United,Chivas USA,3,1,,,False,,False,RFK Stadium,384895,
2014-07-23,2014,MLS,True,San Jose Earthquakes,Chicago Fire FC,5,1,,,False,,False,Buck Shaw Stadium,384894,
2014-07-24,2014,MLS,True,Real Salt Lake,CF Montréal,3,1,,,False,,False,America First Field,384893,
2014-07-25,2014,MLS,True,Colorado Rapids,Chivas USA,3,0,,,False,,False,Dick's Sporting Goods Park,384890,
2014-07-26,2014,MLS,True,Toronto FC,Sporting Kansas City,1,2,,,False,,False,BMO Field,384889,
2014-07-26,2014,MLS,True,New England Revolution,Columbus Crew,1,2,,,False,,False,Gillette Stadium,384892,
2014-07-27,2014,MLS,True,Vancouver Whitecaps,FC Dallas,2,2,,,False,,False,BC Place,384886,
2014-07-27,2014,MLS,True,CF Montréal,Portland Timbers,2,3,,,False,,False,Stade Saputo,384887,
2014-07-28,2014,MLS,True,Seattle Sounders FC,LA Galaxy,0,3,,,False,,False,Lumen Field,384891,
2014-07-30,2014,MLS,True,D.C. United,Toronto FC,3,0,,,False,,False,RFK Stadium,384885,
2014-07-30,2014,MLS,True,New England Revolution,Colorado Rapids,3,0,,,False,,False,Gillette Stadium,384884,
2014-07-30,2014,MLS,True,Chicago Fire FC,Vancouver Whitecaps,0,0,,,False,,False,SeatGeek Stadium,384883,
2014-07-30,2014,MLS,True,Real Salt Lake,Red Bull New York,1,1,,,False,,False,America First Field,384882,
2014-08-01,2014,MLS,True,Sporting Kansas City,Philadelphia Union,1,1,,,False,,False,Children's Mercy Park,384693,
2014-08-02,2014,MLS,True,LA Galaxy,Portland Timbers,3,1,,,False,,False,Dignity Health Sports Park,384692,
2014-08-02,2014,MLS,True,CF Montréal,Toronto FC,0,2,,,False,,False,Stade Saputo,384691,
2014-08-02,2014,MLS,True,Red Bull New York,New England Revolution,2,1,,,False,,False,Sports Illustrated Stadium,384688,
2014-08-02,2014,MLS,True,Chicago Fire FC,Columbus Crew,1,1,,,False,,False,SeatGeek Stadium,384687,
2014-08-02,2014,MLS,True,Colorado Rapids,Real Salt Lake,0,1,,,False,,False,Dick's Sporting Goods Park,384689,
2014-08-02,2014,MLS,True,San Jose Earthquakes,Seattle Sounders FC,1,0,,,False,,False,Levi's Stadium,384690,
2014-08-03,2014,MLS,True,Houston Dynamo FC,D.C. United,1,0,,,False,,False,Shell Energy Stadium,384686,
2014-08-03,2014,MLS,True,Chivas USA,FC Dallas,0,1,,,False,,False,Dignity Health Sports Park,384685,
2014-08-06,2014,MLS,True,MLS All-Stars,Bayern Munich,2,1,,,False,,False,Providence Park,402987,
2014-08-08,2014,MLS,True,LA Galaxy,San Jose Earthquakes,2,2,,,False,,False,Dignity Health Sports Park,384684,
2014-08-09,2014,MLS,True,Philadelphia Union,CF Montréal,2,1,,,False,,False,Subaru Park,384679,
2014-08-09,2014,MLS,True,Columbus Crew,Toronto FC,2,3,,,False,,False,Historic Crew Stadium,384683,
2014-08-09,2014,MLS,True,FC Dallas,Colorado Rapids,3,1,,,False,,False,Toyota Stadium,384682,
2014-08-09,2014,MLS,True,Real Salt Lake,D.C. United,3,0,,,False,,False,America First Field,384681,
2014-08-09,2014,MLS,True,Portland Timbers,Chivas USA,2,0,,,False,,False,Providence Park,384680,
2014-08-10,2014,MLS,True,Chicago Fire FC,Red Bull New York,1,0,,,False,,False,SeatGeek Stadium,384678,
2014-08-10,2014,MLS,True,Vancouver Whitecaps,Sporting Kansas City,2,0,,,False,,False,BC Place,384676,
2014-08-10,2014,MLS,True,Seattle Sounders FC,Houston Dynamo FC,2,0,,,False,,False,Lumen Field,384677,
2014-08-15,2014,MLS,True,Houston Dynamo FC,Philadelphia Union,2,0,,,False,,False,Shell Energy Stadium,384675,
2014-08-16,2014,MLS,True,Real Salt Lake,Seattle Sounders FC,2,1,,,False,,False,America First Field,384674,
2014-08-16,2014,MLS,True,CF Montréal,Chicago Fire FC,1,0,,,False,,False,Stade Saputo,384673,
2014-08-16,2014,MLS,True,Columbus Crew,LA Galaxy,4,1,,,False,,False,Historic Crew Stadium,384671,
2014-08-16,2014,MLS,True,New England Revolution,Portland Timbers,1,1,,,False,,False,Gillette Stadium,384672,
2014-08-16,2014,MLS,True,Sporting Kansas City,Toronto FC,4,1,,,False,,False,Children's Mercy Park,384670,
2014-08-16,2014,MLS,True,Chivas USA,Vancouver Whitecaps,0,0,,,False,,False,Dignity Health Sports Park,384669,
2014-08-16,2014,MLS,True,San Jose Earthquakes,FC Dallas,0,5,,,False,,False,Buck Shaw Stadium,384668,
2014-08-17,2014,MLS,True,D.C. United,Colorado Rapids,4,2,,,False,,False,RFK Stadium,384667,
2014-08-20,2014,MLS,True,Colorado Rapids,LA Galaxy,3,4,,,False,,False,Dick's Sporting Goods Park,384666,
2014-08-20,2014,MLS,True,Seattle Sounders FC,San Jose Earthquakes,1,1,,,False,,False,Lumen Field,384665,
2014-08-22,2014,MLS,True,FC Dallas,Real Salt Lake,2,1,,,False,,False,Toyota Stadium,384664,
2014-08-23,2014,MLS,True,Red Bull New York,CF Montréal,4,2,,,False,,False,Sports Illustrated Stadium,384663,
2014-08-23,2014,MLS,True,Toronto FC,Chicago Fire FC,2,2,,,False,,False,BMO Field,384658,
2014-08-23,2014,MLS,True,Columbus Crew,Houston Dynamo FC,3,0,,,False,,False,Historic Crew Stadium,384662,
2014-08-23,2014,MLS,True,New England Revolution,Chivas USA,1,0,,,False,,False,Gillette Stadium,384661,
2014-08-23,2014,MLS,True,Sporting Kansas City,D.C. United,0,3,,,False,,False,Children's Mercy Park,384660,
2014-08-23,2014,MLS,True,LA Galaxy,Vancouver Whitecaps,2,0,,,False,,False,Dignity Health Sports Park,384659,
2014-08-24,2014,MLS,True,Portland Timbers,Seattle Sounders FC,2,4,,,False,,False,Providence Park,384657,
2014-08-24,2014,MLS,True,Philadelphia Union,San Jose Earthquakes,4,2,,,False,,False,Subaru Park,384656,
2014-08-27,2014,MLS,True,LA Galaxy,D.C. United,4,1,,,False,,False,Dignity Health Sports Park,384827,
2014-08-29,2014,MLS,True,Sporting Kansas City,Houston Dynamo FC,1,3,,,False,,False,Children's Mercy Park,384655,
2014-08-30,2014,MLS,True,Seattle Sounders FC,Colorado Rapids,1,0,,,False,,False,Lumen Field,384648,
2014-08-30,2014,MLS,True,Toronto FC,New England Revolution,0,3,,,False,,False,BMO Field,384650,
2014-08-30,2014,MLS,True,CF Montréal,Columbus Crew,2,0,,,False,,False,Stade Saputo,384649,
2014-08-30,2014,MLS,True,Chicago Fire FC,FC Dallas,1,0,,,False,,False,SeatGeek Stadium,384654,
2014-08-30,2014,MLS,True,San Jose Earthquakes,Real Salt Lake,1,1,,,False,,False,Buck Shaw Stadium,384653,
2014-08-30,2014,MLS,True,Vancouver Whitecaps,Portland Timbers,0,3,,,False,,False,BC Place,384651,
2014-08-31,2014,MLS,True,D.C. United,Red Bull New York,2,0,,,False,,False,RFK Stadium,384652,
2014-08-31,2014,MLS,True,Chivas USA,LA Galaxy,0,3,,,False,,False,Dignity Health Sports Park,384647,
2014-09-03,2014,MLS,True,Philadelphia Union,Toronto FC,1,0,,,False,,False,Subaru Park,384645,
2014-09-03,2014,MLS,True,New England Revolution,Sporting Kansas City,3,1,,,False,,False,Gillette Stadium,384646,
2014-09-03,2014,MLS,True,Chivas USA,Seattle Sounders FC,2,4,,,False,,False,Dignity Health Sports Park,384705,
2014-09-05,2014,MLS,True,LA Galaxy,Colorado Rapids,6,0,,,False,,False,Dignity Health Sports Park,384644,
2014-09-06,2014,MLS,True,Toronto FC,Philadelphia Union,0,2,,,False,,False,BMO Field,384640,
2014-09-06,2014,MLS,True,Red Bull New York,Sporting Kansas City,2,1,,,False,,False,Sports Illustrated Stadium,384643,
2014-09-06,2014,MLS,True,Houston Dynamo FC,CF Montréal,3,2,,,False,,False,Shell Energy Stadium,384642,
2014-09-06,2014,MLS,True,Real Salt Lake,FC Dallas,2,1,,,False,,False,America First Field,384641,
2014-09-06,2014,MLS,True,Vancouver Whitecaps,D.C. United,0,0,,,False,,False,BC Place,384639,
2014-09-07,2014,MLS,True,Columbus Crew,Chivas USA,3,0,,,False,,False,Historic Crew Stadium,384638,
2014-09-07,2014,MLS,True,Portland Timbers,San Jose Earthquakes,3,3,,,False,,False,Providence Park,384637,
2014-09-07,2014,MLS,True,New England Revolution,Chicago Fire FC,2,1,,,False,,False,Gillette Stadium,384636,
2014-09-10,2014,MLS,True,CF Montréal,LA Galaxy,2,2,,,False,,False,Stade Saputo,384633,
2014-09-10,2014,MLS,True,Red Bull New York,D.C. United,1,0,,,False,,False,Sports Illustrated Stadium,384635,
2014-09-10,2014,MLS,True,Vancouver Whitecaps,San Jose Earthquakes,2,0,,,False,,False,BC Place,384634,
2014-09-12,2014,MLS,True,Chivas USA,Sporting Kansas City,0,4,,,False,,False,Dignity Health Sports Park,384625,
2014-09-12,2014,MLS,True,Seattle Sounders FC,Real Salt Lake,3,2,,,False,,False,Lumen Field,384632,
2014-09-13,2014,MLS,True,Philadelphia Union,Red Bull New York,2,2,,,False,,False,Subaru Park,384631,
2014-09-13,2014,MLS,True,New England Revolution,CF Montréal,2,1,,,False,,False,Gillette Stadium,384630,
2014-09-13,2014,MLS,True,Chicago Fire FC,Toronto FC,1,1,,,False,,False,SeatGeek Stadium,384628,
2014-09-13,2014,MLS,True,FC Dallas,Vancouver Whitecaps,2,1,,,False,,False,Toyota Stadium,384629,
2014-09-13,2014,MLS,True,Houston Dynamo FC,Columbus Crew,2,2,,,False,,False,Shell Energy Stadium,384627,
2014-09-13,2014,MLS,True,Colorado Rapids,Portland Timbers,2,2,,,False,,False,Dick's Sporting Goods Park,384626,
2014-09-14,2014,MLS,True,San Jose Earthquakes,LA Galaxy,1,1,,,False,,False,Buck Shaw Stadium,384624,
2014-09-19,2014,MLS,True,Real Salt Lake,Colorado Rapids,5,1,,,False,,False,America First Field,384623,
2014-09-20,2014,MLS,True,Portland Timbers,Vancouver Whitecaps,3,0,,,False,,False,Providence Park,384620,
2014-09-20,2014,MLS,True,Philadelphia Union,Houston Dynamo FC,0,0,,,False,,False,Subaru Park,384618,
2014-09-20,2014,MLS,True,CF Montréal,San Jose Earthquakes,2,0,,,False,,False,Stade Saputo,384621,
2014-09-20,2014,MLS,True,Columbus Crew,New England Revolution,1,0,,,False,,False,Historic Crew Stadium,384619,
2014-09-20,2014,MLS,True,Red Bull New York,Seattle Sounders FC,4,1,,,False,,False,Sports Illustrated Stadium,384622,
2014-09-20,2014,MLS,True,Chicago Fire FC,D.C. United,3,3,,,False,,False,SeatGeek Stadium,384616,
2014-09-20,2014,MLS,True,LA Galaxy,FC Dallas,2,1,,,False,,False,Dignity Health Sports Park,384617,
2014-09-21,2014,MLS,True,Toronto FC,Chivas USA,3,0,,,False,,False,BMO Field,384615,
2014-09-24,2014,MLS,True,FC Dallas,Seattle Sounders FC,3,1,,,False,,False,Toyota Stadium,384614,
2014-09-26,2014,MLS,True,Sporting Kansas City,New England Revolution,2,3,,,False,,False,Children's Mercy Park,384613,
2014-09-27,2014,MLS,True,Toronto FC,Portland Timbers,3,2,,,False,,False,BMO Field,384608,
2014-09-27,2014,MLS,True,D.C. United,Philadelphia Union,1,0,,,False,,False,RFK Stadium,384612,
2014-09-27,2014,MLS,True,Seattle Sounders FC,Chivas USA,4,2,,,False,,False,Lumen Field,384607,
2014-09-27,2014,MLS,True,Vancouver Whitecaps,Real Salt Lake,2,1,,,False,,False,BC Place,384609,
2014-09-27,2014,MLS,True,Columbus Crew,CF Montréal,2,0,,,False,,False,Historic Crew Stadium,384611,
2014-09-27,2014,MLS,True,Colorado Rapids,San Jose Earthquakes,1,1,,,False,,False,Dick's Sporting Goods Park,384610,
2014-09-28,2014,MLS,True,Houston Dynamo FC,Chicago Fire FC,2,0,,,False,,False,Shell Energy Stadium,384606,
2014-09-28,2014,MLS,True,LA Galaxy,Red Bull New York,4,0,,,False,,False,Dignity Health Sports Park,384605,
2014-10-02,2014,MLS,True,Philadelphia Union,Chicago Fire FC,1,1,,,False,,False,Subaru Park,384881,
2014-10-03,2014,MLS,True,D.C. United,Sporting Kansas City,0,0,,,False,,False,RFK Stadium,384880,
2014-10-04,2014,MLS,True,Red Bull New York,Houston Dynamo FC,1,0,,,False,,False,Sports Illustrated Stadium,384879,
2014-10-04,2014,MLS,True,Vancouver Whitecaps,FC Dallas,2,0,,,False,,False,BC Place,384874,
2014-10-04,2014,MLS,True,New England Revolution,Columbus Crew,2,1,,,False,,False,Gillette Stadium,384878,
2014-10-04,2014,MLS,True,LA Galaxy,Toronto FC,3,0,,,False,,False,Dignity Health Sports Park,384877,
2014-10-04,2014,MLS,True,San Jose Earthquakes,Portland Timbers,1,2,,,False,,False,Buck Shaw Stadium,384876,
2014-10-05,2014,MLS,True,Colorado Rapids,Seattle Sounders FC,1,4,,,False,,False,Dick's Sporting Goods Park,384875,
2014-10-05,2014,MLS,True,Chicago Fire FC,CF Montréal,0,0,,,False,,False,SeatGeek Stadium,384873,
2014-10-05,2014,MLS,True,Chivas USA,Real Salt Lake,1,0,,,False,,False,Dignity Health Sports Park,384872,
2014-10-08,2014,MLS,True,Toronto FC,Houston Dynamo FC,0,1,,,False,,False,BMO Field,384870,
2014-10-08,2014,MLS,True,Portland Timbers,San Jose Earthquakes,3,0,,,False,,False,Providence Park,384871,
2014-10-10,2014,MLS,True,Sporting Kansas City,Chicago Fire FC,2,0,,,False,,False,Children's Mercy Park,384869,
2014-10-10,2014,MLS,True,Seattle Sounders FC,Vancouver Whitecaps,0,1,,,False,,False,Lumen Field,384868,
2014-10-11,2014,MLS,True,CF Montréal,New England Revolution,2,2,,,False,,False,Stade Saputo,384864,
2014-10-11,2014,MLS,True,Philadelphia Union,Columbus Crew,2,3,,,False,,False,Subaru Park,384862,
2014-10-11,2014,MLS,True,Red Bull New York,Toronto FC,3,1,,,False,,False,Sports Illustrated Stadium,384867,
2014-10-11,2014,MLS,True,Real Salt Lake,San Jose Earthquakes,2,0,,,False,,False,America First Field,384866,
2014-10-11,2014,MLS,True,Chivas USA,Colorado Rapids,2,1,,,False,,False,Dignity Health Sports Park,384865,
2014-10-12,2014,MLS,True,Houston Dynamo FC,D.C. United,1,3,,,False,,False,Shell Energy Stadium,384863,
2014-10-12,2014,MLS,True,FC Dallas,LA Galaxy,2,1,,,False,,False,Toyota Stadium,384861,
2014-10-16,2014,MLS,True,Houston Dynamo FC,New England Revolution,1,2,,,False,,False,Shell Energy Stadium,384860,
2014-10-17,2014,MLS,True,Portland Timbers,Real Salt Lake,0,0,,,False,,False,Providence Park,384859,
2014-10-18,2014,MLS,True,Toronto FC,CF Montréal,1,1,,,False,,False,BMO Field,384854,
2014-10-18,2014,MLS,True,Colorado Rapids,FC Dallas,0,1,,,False,,False,Dick's Sporting Goods Park,384858,
2014-10-18,2014,MLS,True,D.C. United,Chicago Fire FC,2,1,,,False,,False,RFK Stadium,384857,
2014-10-18,2014,MLS,True,Philadelphia Union,Sporting Kansas City,2,1,,,False,,False,Subaru Park,384842,
2014-10-18,2014,MLS,True,San Jose Earthquakes,Vancouver Whitecaps,0,0,,,False,,False,Buck Shaw Stadium,384855,
2014-10-19,2014,MLS,True,Red Bull New York,Columbus Crew,1,3,,,False,,False,Sports Illustrated Stadium,384853,
2014-10-19,2014,MLS,True,LA Galaxy,Seattle Sounders FC,2,2,,,False,,False,Dignity Health Sports Park,384856,
2014-10-22,2014,MLS,True,Real Salt Lake,Chivas USA,2,0,,,False,,False,America First Field,384852,
2014-10-24,2014,MLS,True,Chicago Fire FC,Houston Dynamo FC,2,1,,,False,,False,SeatGeek Stadium,384851,
2014-10-25,2014,MLS,True,Seattle Sounders FC,LA Galaxy,2,0,,,False,,False,Lumen Field,384850,
2014-10-25,2014,MLS,True,CF Montréal,D.C. United,1,1,,,False,,False,Stade Saputo,384849,
2014-10-25,2014,MLS,True,New England Revolution,Toronto FC,1,0,,,False,,False,Gillette Stadium,384848,
2014-10-25,2014,MLS,True,FC Dallas,Portland Timbers,0,2,,,False,,False,Toyota Stadium,384847,
2014-10-25,2014,MLS,True,Vancouver Whitecaps,Colorado Rapids,1,0,,,False,,False,BC Place,384845,
2014-10-26,2014,MLS,True,Columbus Crew,Philadelphia Union,2,1,,,False,,False,Historic Crew Stadium,384844,
2014-10-26,2014,MLS,True,Chivas USA,San Jose Earthquakes,1,0,,,False,,False,Dignity Health Sports Park,384846,
2014-10-26,2014,MLS,True,Sporting Kansas City,Red Bull New York,0,2,,,False,,False,Children's Mercy Park,384843,
2014-10-29,2014,MLS,True,FC Dallas,Vancouver Whitecaps,2,1,,,False,,False,Toyota Stadium,408622,
2014-10-30,2014,MLS,True,Red Bull New York,Sporting Kansas City,2,1,,,False,,False,Sports Illustrated Stadium,408621,
2014-11-01,2014,MLS,True,Columbus Crew,New England Revolution,2,4,,,False,,False,Historic Crew Stadium,408620,
2014-11-01,2014,MLS,True,Real Salt Lake,LA Galaxy,0,0,,,False,,False,America First Field,408619,
2014-11-02,2014,MLS,True,Red Bull New York,D.C. United,2,0,,,False,,False,Sports Illustrated Stadium,409001,
2014-11-02,2014,MLS,True,FC Dallas,Seattle Sounders FC,1,1,,,False,,False,Toyota Stadium,408974,
2014-11-08,2014,MLS,True,D.C. United,Red Bull New York,2,1,,,False,,False,RFK Stadium,409000,
2014-11-09,2014,MLS,True,New England Revolution,Columbus Crew,3,1,,,False,,False,Gillette Stadium,408618,
2014-11-09,2014,MLS,True,LA Galaxy,Real Salt Lake,5,0,,,False,,False,Dignity Health Sports Park,408617,
2014-11-10,2014,MLS,True,Seattle Sounders FC,FC Dallas,0,0,,,False,,False,Lumen Field,408973,
2014-11-23,2014,MLS,True,Red Bull New York,New England Revolution,1,2,,,False,,False,Red Bull Arena,409277,
2014-11-23,2014,MLS,True,LA Galaxy,Seattle Sounders FC,1,0,,,False,,False,Dignity Health Sports Park,409354,
2014-11-29,2014,MLS,True,New England Revolution,Red Bull New York,2,2,,,False,,False,Gillette Stadium,409276,
2014-11-30,2014,MLS,True,Seattle Sounders FC,LA Galaxy,2,1,,,False,,False,Lumen Field,409353,
2014-12-07,2014,MLS,True,LA Galaxy,New England Revolution,2,1,,,False,,False,Dignity Health Sports Park,409927,
2015-03-06,2015,MLS,True,LA Galaxy,Chicago Fire FC,2,0,,,False,,False,Dignity Health Sports Park,410877,
2015-03-07,2015,MLS,True,D.C. United,CF Montréal,1,0,,,False,,False,RFK Stadium,410873,
2015-03-07,2015,MLS,True,Philadelphia Union,Colorado Rapids,0,0,,,False,,False,Subaru Park,410871,
2015-03-07,2015,MLS,True,Vancouver Whitecaps,Toronto FC,1,3,,,False,,False,BC Place,410876,
2015-03-07,2015,MLS,True,FC Dallas,San Jose Earthquakes,1,0,,,False,,False,Toyota Stadium,410875,
2015-03-07,2015,MLS,True,Houston Dynamo FC,Columbus Crew,1,0,,,False,,False,Shell Energy Stadium,410872,
2015-03-07,2015,MLS,True,Portland Timbers,Real Salt Lake,0,0,,,False,,False,Providence Park,410874,
2015-03-08,2015,MLS,True,Orlando City SC,New York City FC,1,1,,,False,,False,Camping World Stadium,410869,
2015-03-08,2015,MLS,True,Sporting Kansas City,Red Bull New York,1,1,,,False,,False,Children's Mercy Park,410870,
2015-03-08,2015,MLS,True,Seattle Sounders FC,New England Revolution,3,0,,,False,,False,Lumen Field,410868,
2015-03-13,2015,MLS,True,Houston Dynamo FC,Orlando City SC,0,1,,,False,,False,Shell Energy Stadium,412493,
2015-03-14,2015,MLS,True,Chicago Fire FC,Vancouver Whitecaps,0,1,,,False,,False,SeatGeek Stadium,410867,
2015-03-14,2015,MLS,True,Columbus Crew,Toronto FC,2,0,,,False,,False,Historic Crew Stadium,410866,
2015-03-14,2015,MLS,True,FC Dallas,Sporting Kansas City,3,1,,,False,,False,Toyota Stadium,412491,
2015-03-14,2015,MLS,True,Real Salt Lake,Philadelphia Union,3,3,,,False,,False,America First Field,410865,
2015-03-14,2015,MLS,True,Seattle Sounders FC,San Jose Earthquakes,2,3,,,False,,False,Lumen Field,412492,
2015-03-15,2015,MLS,True,New York City FC,New England Revolution,2,0,,,False,,False,Yankee Stadium,410864,
2015-03-15,2015,MLS,True,Portland Timbers,LA Galaxy,2,2,,,False,,False,Providence Park,412490,
2015-03-21,2015,MLS,True,New England Revolution,CF Montréal,0,0,,,False,,False,Gillette Stadium,410862,
2015-03-21,2015,MLS,True,Colorado Rapids,New York City FC,0,0,,,False,,False,Dick's Sporting Goods Park,410863,
2015-03-21,2015,MLS,True,Philadelphia Union,FC Dallas,0,2,,,False,,False,Subaru Park,412489,
2015-03-21,2015,MLS,True,Orlando City SC,Vancouver Whitecaps,0,1,,,False,,False,Camping World Stadium,412488,
2015-03-21,2015,MLS,True,Sporting Kansas City,Portland Timbers,0,0,,,False,,False,Children's Mercy Park,412487,
2015-03-21,2015,MLS,True,LA Galaxy,Houston Dynamo FC,1,1,,,False,,False,Dignity Health Sports Park,412486,
2015-03-22,2015,MLS,True,Red Bull New York,D.C. United,2,0,,,False,,False,Sports Illustrated Stadium,410861,
2015-03-22,2015,MLS,True,San Jose Earthquakes,Chicago Fire FC,2,1,,,False,,False,PayPal Park,410860,
2015-03-28,2015,MLS,True,New England Revolution,San Jose Earthquakes,2,1,,,False,,False,Gillette Stadium,412484,
2015-03-28,2015,MLS,True,CF Montréal,Orlando City SC,2,2,,,False,,False,Stade Olympique (Montreal),410859,
2015-03-28,2015,MLS,True,D.C. United,LA Galaxy,1,0,,,False,,False,RFK Stadium,412482,
2015-03-28,2015,MLS,True,New York City FC,Sporting Kansas City,0,1,,,False,,False,Yankee Stadium,412483,
2015-03-28,2015,MLS,True,Columbus Crew,Red Bull New York,1,2,,,False,,False,Historic Crew Stadium,412481,
2015-03-28,2015,MLS,True,Vancouver Whitecaps,Portland Timbers,2,1,,,False,,False,BC Place,412485,
2015-03-28,2015,MLS,True,FC Dallas,Seattle Sounders FC,0,0,,,False,,False,Toyota Stadium,412480,
2015-03-28,2015,MLS,True,Houston Dynamo FC,Colorado Rapids,0,0,,,False,,False,Shell Energy Stadium,412479,
2015-03-29,2015,MLS,True,Chicago Fire FC,Philadelphia Union,1,0,,,False,,False,SeatGeek Stadium,412478,
2015-03-29,2015,MLS,True,Real Salt Lake,Toronto FC,2,1,,,False,,False,America First Field,412477,
2015-04-03,2015,MLS,True,Orlando City SC,D.C. United,0,1,,,False,,False,Camping World Stadium,412476,
2015-04-04,2015,MLS,True,Chicago Fire FC,Toronto FC,3,2,,,False,,False,SeatGeek Stadium,412471,
2015-04-04,2015,MLS,True,Colorado Rapids,New England Revolution,0,2,,,False,,False,Dick's Sporting Goods Park,412473,
2015-04-04,2015,MLS,True,Seattle Sounders FC,Houston Dynamo FC,1,0,,,False,,False,Lumen Field,412474,
2015-04-04,2015,MLS,True,Vancouver Whitecaps,LA Galaxy,2,0,,,False,,False,BC Place,412475,
2015-04-04,2015,MLS,True,Portland Timbers,FC Dallas,3,1,,,False,,False,Providence Park,412470,
2015-04-05,2015,MLS,True,San Jose Earthquakes,Real Salt Lake,0,1,,,False,,False,PayPal Park,412469,
2015-04-05,2015,MLS,True,Sporting Kansas City,Philadelphia Union,3,2,,,False,,False,Children's Mercy Park,412468,
2015-04-08,2015,MLS,True,Vancouver Whitecaps,Columbus Crew,2,2,,,False,,False,BC Place,412467,
2015-04-10,2015,MLS,True,FC Dallas,Colorado Rapids,0,4,,,False,,False,Toyota Stadium,412466,
2015-04-11,2015,MLS,True,New England Revolution,Columbus Crew,0,0,,,False,,False,Gillette Stadium,412464,
2015-04-11,2015,MLS,True,Philadelphia Union,New York City FC,2,1,,,False,,False,Subaru Park,412465,
2015-04-11,2015,MLS,True,D.C. United,Red Bull New York,2,2,,,False,,False,RFK Stadium,412463,
2015-04-11,2015,MLS,True,Houston Dynamo FC,CF Montréal,3,0,,,False,,False,Shell Energy Stadium,412461,
2015-04-11,2015,MLS,True,Sporting Kansas City,Real Salt Lake,0,0,,,False,,False,Children's Mercy Park,412462,
2015-04-11,2015,MLS,True,San Jose Earthquakes,Vancouver Whitecaps,1,0,,,False,,False,PayPal Park,412460,
2015-04-12,2015,MLS,True,Portland Timbers,Orlando City SC,0,2,,,False,,False,Providence Park,412459,
2015-04-12,2015,MLS,True,LA Galaxy,Seattle Sounders FC,1,0,,,False,,False,Dignity Health Sports Park,412458,
2015-04-16,2015,MLS,True,New York City FC,Philadelphia Union,1,1,,,False,,False,Yankee Stadium,412456,
2015-04-17,2015,MLS,True,Red Bull New York,San Jose Earthquakes,2,0,,,False,,False,Sports Illustrated Stadium,412455,
2015-04-18,2015,MLS,True,D.C. United,Houston Dynamo FC,1,1,,,False,,False,RFK Stadium,412453,
2015-04-18,2015,MLS,True,Columbus Crew,Orlando City SC,3,0,,,False,,False,Historic Crew Stadium,412452,
2015-04-18,2015,MLS,True,FC Dallas,Toronto FC,3,2,,,False,,False,Toyota Stadium,412451,
2015-04-18,2015,MLS,True,Colorado Rapids,Seattle Sounders FC,1,3,,,False,,False,Dick's Sporting Goods Park,412450,
2015-04-18,2015,MLS,True,Real Salt Lake,Vancouver Whitecaps,0,1,,,False,,False,America First Field,412449,
2015-04-18,2015,MLS,True,LA Galaxy,Sporting Kansas City,2,1,,,False,,False,Dignity Health Sports Park,412448,
2015-04-19,2015,MLS,True,Philadelphia Union,New England Revolution,1,2,,,False,,False,Subaru Park,412447,
2015-04-19,2015,MLS,True,New York City FC,Portland Timbers,0,1,,,False,,False,Yankee Stadium,412446,
2015-04-24,2015,MLS,True,Chicago Fire FC,New York City FC,1,0,,,False,,False,SeatGeek Stadium,412445,
2015-04-24,2015,MLS,True,Colorado Rapids,FC Dallas,1,1,,,False,,False,Dick's Sporting Goods Park,412444,
2015-04-25,2015,MLS,True,Columbus Crew,Philadelphia Union,4,1,,,False,,False,Historic Crew Stadium,412441,
2015-04-25,2015,MLS,True,New England Revolution,Real Salt Lake,4,0,,,False,,False,Gillette Stadium,412442,
2015-04-25,2015,MLS,True,Houston Dynamo FC,Sporting Kansas City,4,4,,,False,,False,Shell Energy Stadium,412440,
2015-04-25,2015,MLS,True,Vancouver Whitecaps,D.C. United,1,2,,,False,,False,BC Place,412443,
2015-04-26,2015,MLS,True,Red Bull New York,LA Galaxy,1,1,,,False,,False,Sports Illustrated Stadium,412438,
2015-04-26,2015,MLS,True,Orlando City SC,Toronto FC,0,2,,,False,,False,Camping World Stadium,412437,
2015-04-26,2015,MLS,True,Seattle Sounders FC,Portland Timbers,1,0,,,False,,False,Lumen Field,412436,
2015-04-29,2015,MLS,True,Red Bull New York,Colorado Rapids,1,1,,,False,,False,Sports Illustrated Stadium,412308,
2015-05-01,2015,MLS,True,Houston Dynamo FC,FC Dallas,1,4,,,False,,False,Shell Energy Stadium,412435,
2015-05-01,2015,MLS,True,Real Salt Lake,San Jose Earthquakes,1,1,,,False,,False,America First Field,412434,
2015-05-02,2015,MLS,True,Philadelphia Union,Toronto FC,0,1,,,False,,False,Subaru Park,412433,
2015-05-02,2015,MLS,True,D.C. United,Columbus Crew,2,0,,,False,,False,RFK Stadium,412432,
2015-05-02,2015,MLS,True,New England Revolution,Red Bull New York,2,1,,,False,,False,Gillette Stadium,412431,
2015-05-02,2015,MLS,True,LA Galaxy,Colorado Rapids,1,1,,,False,,False,Dignity Health Sports Park,412429,
2015-05-02,2015,MLS,True,Portland Timbers,Vancouver Whitecaps,0,0,,,False,,False,Providence Park,412430,
2015-05-03,2015,MLS,True,Sporting Kansas City,Chicago Fire FC,1,0,,,False,,False,Children's Mercy Park,412428,
2015-05-03,2015,MLS,True,New York City FC,Seattle Sounders FC,1,3,,,False,,False,Yankee Stadium,412427,
2015-05-05,2015,MLS,True,Houston Dynamo FC,San Jose Earthquakes,0,1,,,False,,False,Shell Energy Stadium,412426,
2015-05-06,2015,MLS,True,Real Salt Lake,LA Galaxy,0,0,,,False,,False,America First Field,412372,
2015-05-08,2015,MLS,True,Orlando City SC,New England Revolution,2,2,,,False,,False,Camping World Stadium,412425,
2015-05-08,2015,MLS,True,Colorado Rapids,San Jose Earthquakes,1,1,,,False,,False,Dick's Sporting Goods Park,412424,
2015-05-09,2015,MLS,True,Chicago Fire FC,Real Salt Lake,1,2,,,False,,False,SeatGeek Stadium,412419,
2015-05-09,2015,MLS,True,CF Montréal,Portland Timbers,1,2,,,False,,False,Stade Saputo,412423,
2015-05-09,2015,MLS,True,D.C. United,Sporting Kansas City,1,1,,,False,,False,RFK Stadium,412421,
2015-05-09,2015,MLS,True,Vancouver Whitecaps,Philadelphia Union,3,0,,,False,,False,BC Place,412422,
2015-05-09,2015,MLS,True,Columbus Crew,Seattle Sounders FC,3,2,,,False,,False,Historic Crew Stadium,412420,
2015-05-09,2015,MLS,True,FC Dallas,LA Galaxy,2,1,,,False,,False,Toyota Stadium,412418,
2015-05-10,2015,MLS,True,Toronto FC,Houston Dynamo FC,1,2,,,False,,False,BMO Field,410858,
2015-05-10,2015,MLS,True,Red Bull New York,New York City FC,2,1,,,False,,False,Sports Illustrated Stadium,412417,
2015-05-13,2015,MLS,True,D.C. United,Orlando City SC,2,1,,,False,,False,RFK Stadium,412416,
2015-05-15,2015,MLS,True,New York City FC,Chicago Fire FC,2,2,,,False,,False,Yankee Stadium,412415,
2015-05-15,2015,MLS,True,FC Dallas,Red Bull New York,0,0,,,False,,False,Toyota Stadium,412414,
2015-05-16,2015,MLS,True,CF Montréal,Real Salt Lake,4,1,,,False,,False,Stade Saputo,412412,
2015-05-16,2015,MLS,True,Vancouver Whitecaps,Seattle Sounders FC,0,2,,,False,,False,BC Place,412413,
2015-05-16,2015,MLS,True,New England Revolution,Toronto FC,1,1,,,False,,False,Gillette Stadium,412411,
2015-05-16,2015,MLS,True,Houston Dynamo FC,Portland Timbers,3,1,,,False,,False,Shell Energy Stadium,412410,
2015-05-16,2015,MLS,True,San Jose Earthquakes,Columbus Crew,2,0,,,False,,False,PayPal Park,412408,
2015-05-17,2015,MLS,True,Orlando City SC,LA Galaxy,4,0,,,False,,False,Camping World Stadium,412407,
2015-05-17,2015,MLS,True,Philadelphia Union,D.C. United,1,0,,,False,,False,Subaru Park,412406,
2015-05-20,2015,MLS,True,Sporting Kansas City,New England Revolution,4,2,,,False,,False,Children's Mercy Park,412405,
2015-05-22,2015,MLS,True,Columbus Crew,Chicago Fire FC,2,2,,,False,,False,Historic Crew Stadium,412404,
2015-05-22,2015,MLS,True,LA Galaxy,Houston Dynamo FC,1,0,,,False,,False,Dignity Health Sports Park,412403,
2015-05-23,2015,MLS,True,Toronto FC,Portland Timbers,1,0,,,False,,False,BMO Field,412401,
2015-05-23,2015,MLS,True,New England Revolution,D.C. United,1,1,,,False,,False,Gillette Stadium,412399,
2015-05-23,2015,MLS,True,CF Montréal,FC Dallas,2,1,,,False,,False,Stade Saputo,412400,
2015-05-23,2015,MLS,True,Colorado Rapids,Vancouver Whitecaps,1,0,,,False,,False,Dick's Sporting Goods Park,412398,
2015-05-23,2015,MLS,True,Real Salt Lake,New York City FC,2,0,,,False,,False,America First Field,412397,
2015-05-23,2015,MLS,True,Seattle Sounders FC,Sporting Kansas City,0,0,,,False,,False,Lumen Field,412402,
2015-05-24,2015,MLS,True,Red Bull New York,Philadelphia Union,0,2,,,False,,False,Sports Illustrated Stadium,412396,
2015-05-24,2015,MLS,True,San Jose Earthquakes,Orlando City SC,1,1,,,False,,False,PayPal Park,412395,
2015-05-27,2015,MLS,True,Seattle Sounders FC,Colorado Rapids,1,0,,,False,,False,Lumen Field,412394,
2015-05-27,2015,MLS,True,LA Galaxy,Real Salt Lake,1,0,,,False,,False,Dignity Health Sports Park,412393,
2015-05-27,2015,MLS,True,Portland Timbers,D.C. United,1,0,,,False,,False,Providence Park,412392,
2015-05-29,2015,MLS,True,Sporting Kansas City,FC Dallas,4,0,,,False,,False,Children's Mercy Park,412391,
2015-05-30,2015,MLS,True,Toronto FC,San Jose Earthquakes,3,1,,,False,,False,BMO Field,412390,
2015-05-30,2015,MLS,True,Vancouver Whitecaps,Real Salt Lake,2,1,,,False,,False,BC Place,412389,
2015-05-30,2015,MLS,True,D.C. United,Philadelphia Union,2,1,,,False,,False,RFK Stadium,412388,
2015-05-30,2015,MLS,True,New York City FC,Houston Dynamo FC,1,1,,,False,,False,Yankee Stadium,412387,
2015-05-30,2015,MLS,True,Orlando City SC,Columbus Crew,2,2,,,False,,False,Camping World Stadium,412386,
2015-05-30,2015,MLS,True,Chicago Fire FC,CF Montréal,3,0,,,False,,False,SeatGeek Stadium,412385,
2015-05-30,2015,MLS,True,Colorado Rapids,Portland Timbers,1,2,,,False,,False,Dick's Sporting Goods Park,412384,
2015-05-31,2015,MLS,True,Seattle Sounders FC,Red Bull New York,2,1,,,False,,False,Lumen Field,412383,
2015-05-31,2015,MLS,True,New England Revolution,LA Galaxy,2,2,,,False,,False,Gillette Stadium,412382,
2015-06-03,2015,MLS,True,D.C. United,Chicago Fire FC,3,1,,,False,,False,RFK Stadium,412379,
2015-06-03,2015,MLS,True,Philadelphia Union,Columbus Crew,3,0,,,False,,False,Subaru Park,412380,
2015-06-03,2015,MLS,True,CF Montréal,Vancouver Whitecaps,2,1,,,False,,False,Stade Saputo,412381,
2015-06-05,2015,MLS,True,Houston Dynamo FC,Red Bull New York,4,2,,,False,,False,Shell Energy Stadium,412378,
2015-06-06,2015,MLS,True,D.C. United,Toronto FC,1,2,,,False,,False,RFK Stadium,412377,
2015-06-06,2015,MLS,True,Philadelphia Union,New York City FC,1,2,,,False,,False,Subaru Park,412376,
2015-06-06,2015,MLS,True,Columbus Crew,CF Montréal,1,2,,,False,,False,Historic Crew Stadium,412375,
2015-06-06,2015,MLS,True,Chicago Fire FC,Orlando City SC,2,3,,,False,,False,SeatGeek Stadium,412373,
2015-06-06,2015,MLS,True,Sporting Kansas City,Seattle Sounders FC,1,0,,,False,,False,Children's Mercy Park,412374,
2015-06-06,2015,MLS,True,LA Galaxy,Vancouver Whitecaps,0,1,,,False,,False,Dignity Health Sports Park,412371,
2015-06-06,2015,MLS,True,Portland Timbers,New England Revolution,2,0,,,False,,False,Providence Park,412370,
2015-06-07,2015,MLS,True,Real Salt Lake,Colorado Rapids,0,0,,,False,,False,America First Field,412369,
2015-06-07,2015,MLS,True,San Jose Earthquakes,FC Dallas,0,0,,,False,,False,PayPal Park,412368,
2015-06-13,2015,MLS,True,New York City FC,CF Montréal,3,1,,,False,,False,Yankee Stadium,412366,
2015-06-13,2015,MLS,True,Columbus Crew,LA Galaxy,1,1,,,False,,False,Historic Crew Stadium,412365,
2015-06-13,2015,MLS,True,New England Revolution,Chicago Fire FC,2,0,,,False,,False,Gillette Stadium,412457,
2015-06-13,2015,MLS,True,Seattle Sounders FC,FC Dallas,3,0,,,False,,False,Lumen Field,412367,
2015-06-14,2015,MLS,True,Orlando City SC,D.C. United,1,0,,,False,,False,Camping World Stadium,412364,
2015-06-19,2015,MLS,True,Colorado Rapids,FC Dallas,1,1,,,False,,False,Dick's Sporting Goods Park,412363,
2015-06-20,2015,MLS,True,Seattle Sounders FC,San Jose Earthquakes,0,2,,,False,,False,Lumen Field,412362,
2015-06-20,2015,MLS,True,Red Bull New York,Vancouver Whitecaps,1,2,,,False,,False,Sports Illustrated Stadium,412359,
2015-06-20,2015,MLS,True,Toronto FC,New York City FC,0,2,,,False,,False,BMO Field,412360,
2015-06-20,2015,MLS,True,CF Montréal,Orlando City SC,2,0,,,False,,False,Stade Saputo,412361,
2015-06-20,2015,MLS,True,LA Galaxy,Philadelphia Union,5,1,,,False,,False,Dignity Health Sports Park,412358,
2015-06-20,2015,MLS,True,Portland Timbers,Houston Dynamo FC,2,0,,,False,,False,Providence Park,412357,
2015-06-21,2015,MLS,True,D.C. United,New England Revolution,2,1,,,False,,False,RFK Stadium,412356,
2015-06-21,2015,MLS,True,Real Salt Lake,Sporting Kansas City,2,1,,,False,,False,America First Field,412355,
2015-06-24,2015,MLS,True,Philadelphia Union,Seattle Sounders FC,1,0,,,False,,False,Subaru Park,412353,
2015-06-24,2015,MLS,True,Columbus Crew,New England Revolution,2,1,,,False,,False,Historic Crew Stadium,412351,
2015-06-24,2015,MLS,True,Orlando City SC,Colorado Rapids,2,0,,,False,,False,Camping World Stadium,412350,
2015-06-24,2015,MLS,True,Red Bull New York,Real Salt Lake,1,0,,,False,,False,Sports Illustrated Stadium,412352,
2015-06-24,2015,MLS,True,Toronto FC,CF Montréal,3,1,,,False,,False,BMO Field,412354,
2015-06-24,2015,MLS,True,Chicago Fire FC,D.C. United,0,1,,,False,,False,SeatGeek Stadium,412349,
2015-06-24,2015,MLS,True,LA Galaxy,Portland Timbers,5,0,,,False,,False,Dignity Health Sports Park,412348,
2015-06-26,2015,MLS,True,FC Dallas,Houston Dynamo FC,2,0,,,False,,False,Toyota Stadium,412347,
2015-06-27,2015,MLS,True,Toronto FC,D.C. United,0,0,,,False,,False,BMO Field,412346,
2015-06-27,2015,MLS,True,Philadelphia Union,CF Montréal,2,2,,,False,,False,Subaru Park,412345,
2015-06-27,2015,MLS,True,New England Revolution,Vancouver Whitecaps,1,2,,,False,,False,Gillette Stadium,412344,
2015-06-27,2015,MLS,True,Sporting Kansas City,Colorado Rapids,2,0,,,False,,False,Children's Mercy Park,412343,
2015-06-27,2015,MLS,True,Real Salt Lake,Columbus Crew,2,2,,,False,,False,America First Field,412342,
2015-06-27,2015,MLS,True,San Jose Earthquakes,LA Galaxy,3,1,,,False,,False,PayPal Park,412341,
2015-06-28,2015,MLS,True,New York City FC,Red Bull New York,1,3,,,False,,False,Yankee Stadium,412340,
2015-06-28,2015,MLS,True,Portland Timbers,Seattle Sounders FC,4,1,,,False,,False,Providence Park,412339,
2015-07-03,2015,MLS,True,Houston Dynamo FC,Chicago Fire FC,1,1,,,False,,False,Shell Energy Stadium,412338,
2015-07-03,2015,MLS,True,Seattle Sounders FC,D.C. United,1,0,,,False,,False,Lumen Field,412337,
2015-07-04,2015,MLS,True,Columbus Crew,Red Bull New York,2,1,,,False,,False,Historic Crew Stadium,412335,
2015-07-04,2015,MLS,True,CF Montréal,New York City FC,1,2,,,False,,False,Stade Saputo,412336,
2015-07-04,2015,MLS,True,Colorado Rapids,Vancouver Whitecaps,2,1,,,False,,False,Dick's Sporting Goods Park,412334,
2015-07-04,2015,MLS,True,FC Dallas,New England Revolution,3,0,,,False,,False,Toyota Stadium,412333,
2015-07-04,2015,MLS,True,Real Salt Lake,Orlando City SC,1,1,,,False,,False,America First Field,412332,
2015-07-04,2015,MLS,True,LA Galaxy,Toronto FC,4,0,,,False,,False,Dignity Health Sports Park,412331,
2015-07-05,2015,MLS,True,Portland Timbers,San Jose Earthquakes,1,0,,,False,,False,Providence Park,412330,
2015-07-10,2015,MLS,True,San Jose Earthquakes,Houston Dynamo FC,0,2,,,False,,False,PayPal Park,412329,
2015-07-11,2015,MLS,True,Philadelphia Union,Portland Timbers,3,0,,,False,,False,Subaru Park,412327,
2015-07-11,2015,MLS,True,Red Bull New York,New England Revolution,4,1,,,False,,False,Sports Illustrated Stadium,412326,
2015-07-11,2015,MLS,True,Orlando City SC,FC Dallas,0,2,,,False,,False,Camping World Stadium,412325,
2015-07-11,2015,MLS,True,CF Montréal,Columbus Crew,3,0,,,False,,False,Stade Saputo,412328,
2015-07-11,2015,MLS,True,Chicago Fire FC,Seattle Sounders FC,1,0,,,False,,False,SeatGeek Stadium,412324,
2015-07-11,2015,MLS,True,Colorado Rapids,Real Salt Lake,3,1,,,False,,False,Dick's Sporting Goods Park,412321,
2015-07-12,2015,MLS,True,New York City FC,Toronto FC,4,4,,,False,,False,Yankee Stadium,412322,
2015-07-12,2015,MLS,True,Vancouver Whitecaps,Sporting Kansas City,0,1,,,False,,False,BC Place,412323,
2015-07-15,2015,MLS,True,Chicago Fire FC,Columbus Crew,0,1,,,False,,False,SeatGeek Stadium,412320,
2015-07-17,2015,MLS,True,LA Galaxy,San Jose Earthquakes,5,2,,,False,,False,Dignity Health Sports Park,412319,
2015-07-18,2015,MLS,True,Toronto FC,Philadelphia Union,2,1,,,False,,False,BMO Field,412318,
2015-07-18,2015,MLS,True,New England Revolution,New York City FC,1,0,,,False,,False,Gillette Stadium,412316,
2015-07-18,2015,MLS,True,Orlando City SC,Red Bull New York,0,2,,,False,,False,Camping World Stadium,412311,
2015-07-18,2015,MLS,True,Sporting Kansas City,CF Montréal,2,1,,,False,,False,Children's Mercy Park,412315,
2015-07-18,2015,MLS,True,FC Dallas,D.C. United,2,1,,,False,,False,Toyota Stadium,412314,
2015-07-18,2015,MLS,True,Real Salt Lake,Houston Dynamo FC,2,0,,,False,,False,America First Field,412313,
2015-07-18,2015,MLS,True,Seattle Sounders FC,Colorado Rapids,0,1,,,False,,False,Lumen Field,412317,
2015-07-18,2015,MLS,True,Portland Timbers,Vancouver Whitecaps,1,1,,,False,,False,Providence Park,412235,
2015-07-19,2015,MLS,True,Columbus Crew,Chicago Fire FC,3,1,,,False,,False,Historic Crew Stadium,412312,
2015-07-24,2015,MLS,True,Real Salt Lake,Sporting Kansas City,2,1,,,False,,False,America First Field,412310,
2015-07-25,2015,MLS,True,Columbus Crew,Toronto FC,3,3,,,False,,False,Historic Crew Stadium,412307,
2015-07-25,2015,MLS,True,CF Montréal,Seattle Sounders FC,1,0,,,False,,False,Stade Saputo,412309,
2015-07-25,2015,MLS,True,Chicago Fire FC,New England Revolution,2,2,,,False,,False,SeatGeek Stadium,412306,
2015-07-25,2015,MLS,True,FC Dallas,Portland Timbers,4,1,,,False,,False,Toyota Stadium,412305,
2015-07-25,2015,MLS,True,Houston Dynamo FC,LA Galaxy,3,0,,,False,,False,Shell Energy Stadium,412304,
2015-07-26,2015,MLS,True,New York City FC,Orlando City SC,5,3,,,False,,False,Yankee Stadium,412302,
2015-07-26,2015,MLS,True,D.C. United,Philadelphia Union,3,2,,,False,,False,RFK Stadium,412301,
2015-07-26,2015,MLS,True,Vancouver Whitecaps,San Jose Earthquakes,3,1,,,False,,False,BC Place,412303,
2015-07-29,2015,MLS,True,MLS All-Stars,Tottenham Hotspur,2,1,,,False,,False,Dick's Sporting Goods Park,426425,
2015-08-01,2015,MLS,True,New York City FC,CF Montréal,2,3,,,False,,False,Yankee Stadium,412298,
2015-08-01,2015,MLS,True,D.C. United,Real Salt Lake,6,4,,,False,,False,RFK Stadium,412300,
2015-08-01,2015,MLS,True,Philadelphia Union,Red Bull New York,1,3,,,False,,False,Subaru Park,412299,
2015-08-01,2015,MLS,True,New England Revolution,Toronto FC,3,1,,,False,,False,Gillette Stadium,412297,
2015-08-01,2015,MLS,True,Orlando City SC,Columbus Crew,5,2,,,False,,False,Camping World Stadium,412296,
2015-08-01,2015,MLS,True,Sporting Kansas City,Houston Dynamo FC,1,1,,,False,,False,Children's Mercy Park,412295,
2015-08-01,2015,MLS,True,Colorado Rapids,LA Galaxy,1,3,,,False,,False,Dick's Sporting Goods Park,412294,
2015-08-01,2015,MLS,True,Seattle Sounders FC,Vancouver Whitecaps,0,3,,,False,,False,Lumen Field,412293,
2015-08-02,2015,MLS,True,San Jose Earthquakes,Portland Timbers,0,0,,,False,,False,PayPal Park,412292,
2015-08-02,2015,MLS,True,Chicago Fire FC,FC Dallas,2,0,,,False,,False,SeatGeek Stadium,412291,
2015-08-05,2015,MLS,True,CF Montréal,Red Bull New York,1,1,,,False,,False,Stade Saputo,412289,
2015-08-05,2015,MLS,True,Toronto FC,Orlando City SC,4,1,,,False,,False,BMO Field,412290,
2015-08-07,2015,MLS,True,Portland Timbers,Chicago Fire FC,1,0,,,False,,False,Providence Park,412287,
2015-08-08,2015,MLS,True,Toronto FC,Sporting Kansas City,1,3,,,False,,False,BMO Field,412286,
2015-08-08,2015,MLS,True,Orlando City SC,Philadelphia Union,0,0,,,False,,False,Camping World Stadium,412283,
2015-08-08,2015,MLS,True,CF Montréal,D.C. United,0,1,,,False,,False,Stade Saputo,412284,
2015-08-08,2015,MLS,True,Colorado Rapids,Columbus Crew,1,2,,,False,,False,Dick's Sporting Goods Park,412281,
2015-08-08,2015,MLS,True,Houston Dynamo FC,San Jose Earthquakes,2,1,,,False,,False,Shell Energy Stadium,412282,
2015-08-08,2015,MLS,True,Vancouver Whitecaps,Real Salt Lake,4,0,,,False,,False,BC Place,412285,
2015-08-09,2015,MLS,True,LA Galaxy,Seattle Sounders FC,3,1,,,False,,False,Dignity Health Sports Park,412280,
2015-08-09,2015,MLS,True,Red Bull New York,New York City FC,2,0,,,False,,False,Sports Illustrated Stadium,412279,
2015-08-13,2015,MLS,True,New York City FC,D.C. United,3,1,,,False,,False,Yankee Stadium,412278,
2015-08-14,2015,MLS,True,San Jose Earthquakes,Colorado Rapids,1,0,,,False,,False,PayPal Park,412277,
2015-08-15,2015,MLS,True,Red Bull New York,Toronto FC,3,0,,,False,,False,Sports Illustrated Stadium,412276,
2015-08-15,2015,MLS,True,New England Revolution,Houston Dynamo FC,2,0,,,False,,False,Gillette Stadium,412275,
2015-08-15,2015,MLS,True,FC Dallas,LA Galaxy,1,2,,,False,,False,Toyota Stadium,412273,
2015-08-15,2015,MLS,True,Sporting Kansas City,Vancouver Whitecaps,4,3,,,False,,False,Children's Mercy Park,412274,
2015-08-15,2015,MLS,True,Real Salt Lake,Portland Timbers,0,1,,,False,,False,America First Field,412272,
2015-08-16,2015,MLS,True,Seattle Sounders FC,Orlando City SC,4,0,,,False,,False,Lumen Field,412271,
2015-08-16,2015,MLS,True,Philadelphia Union,Chicago Fire FC,3,3,,,False,,False,Subaru Park,412270,
2015-08-19,2015,MLS,True,Columbus Crew,New York City FC,2,2,,,False,,False,Historic Crew Stadium,412269,
2015-08-19,2015,MLS,True,Sporting Kansas City,San Jose Earthquakes,0,5,,,False,,False,Children's Mercy Park,412268,
2015-08-21,2015,MLS,True,Portland Timbers,Houston Dynamo FC,2,2,,,False,,False,Providence Park,412267,
2015-08-22,2015,MLS,True,Toronto FC,Orlando City SC,5,0,,,False,,False,BMO Field,412265,
2015-08-22,2015,MLS,True,D.C. United,San Jose Earthquakes,0,2,,,False,,False,RFK Stadium,412263,
2015-08-22,2015,MLS,True,Columbus Crew,Sporting Kansas City,3,2,,,False,,False,Historic Crew Stadium,412262,
2015-08-22,2015,MLS,True,CF Montréal,Philadelphia Union,0,1,,,False,,False,Stade Saputo,412266,
2015-08-22,2015,MLS,True,Chicago Fire FC,Colorado Rapids,0,1,,,False,,False,SeatGeek Stadium,412261,
2015-08-22,2015,MLS,True,Real Salt Lake,Seattle Sounders FC,2,0,,,False,,False,America First Field,412260,
2015-08-22,2015,MLS,True,Vancouver Whitecaps,FC Dallas,1,0,,,False,,False,BC Place,412264,
2015-08-23,2015,MLS,True,LA Galaxy,New York City FC,5,1,,,False,,False,Dignity Health Sports Park,412259,
2015-08-26,2015,MLS,True,Chicago Fire FC,Red Bull New York,3,2,,,False,,False,SeatGeek Stadium,412258,
2015-08-26,2015,MLS,True,Colorado Rapids,Houston Dynamo FC,2,1,,,False,,False,Dick's Sporting Goods Park,412257,
2015-08-28,2015,MLS,True,San Jose Earthquakes,LA Galaxy,1,0,,,False,,False,PayPal Park,412256,
2015-08-29,2015,MLS,True,New York City FC,Columbus Crew,1,2,,,False,,False,Yankee Stadium,412253,
2015-08-29,2015,MLS,True,Toronto FC,CF Montréal,2,1,,,False,,False,BMO Field,412255,
2015-08-29,2015,MLS,True,Philadelphia Union,New England Revolution,0,1,,,False,,False,Subaru Park,412254,
2015-08-29,2015,MLS,True,Orlando City SC,Chicago Fire FC,1,1,,,False,,False,Camping World Stadium,412252,
2015-08-29,2015,MLS,True,Colorado Rapids,Sporting Kansas City,2,1,,,False,,False,Dick's Sporting Goods Park,412250,
2015-08-29,2015,MLS,True,FC Dallas,Real Salt Lake,2,0,,,False,,False,Toyota Stadium,412249,
2015-08-29,2015,MLS,True,Houston Dynamo FC,Vancouver Whitecaps,2,0,,,False,,False,Shell Energy Stadium,412251,
2015-08-30,2015,MLS,True,Seattle Sounders FC,Portland Timbers,2,1,,,False,,False,Lumen Field,412248,
2015-08-30,2015,MLS,True,Red Bull New York,D.C. United,3,0,,,False,,False,Sports Illustrated Stadium,412247,
2015-09-05,2015,MLS,True,New England Revolution,Orlando City SC,3,0,,,False,,False,Gillette Stadium,412244,
2015-09-05,2015,MLS,True,CF Montréal,Chicago Fire FC,4,3,,,False,,False,Stade Saputo,412245,
2015-09-05,2015,MLS,True,Seattle Sounders FC,Toronto FC,2,1,,,False,,False,Lumen Field,412246,
2015-09-05,2015,MLS,True,San Jose Earthquakes,Philadelphia Union,1,2,,,False,,False,PayPal Park,412288,
2015-09-06,2015,MLS,True,Columbus Crew,FC Dallas,0,3,,,False,,False,Historic Crew Stadium,412243,
2015-09-09,2015,MLS,True,Vancouver Whitecaps,Colorado Rapids,2,0,,,False,,False,BC Place,412242,
2015-09-09,2015,MLS,True,Portland Timbers,Sporting Kansas City,0,0,,,False,,False,Providence Park,412241,
2015-09-11,2015,MLS,True,Red Bull New York,Chicago Fire FC,3,2,,,False,,False,Sports Illustrated Stadium,412240,
2015-09-12,2015,MLS,True,Philadelphia Union,Columbus Crew,1,2,,,False,,False,Subaru Park,412239,
2015-09-12,2015,MLS,True,FC Dallas,New York City FC,2,1,,,False,,False,Toyota Field,412237,
2015-09-12,2015,MLS,True,Houston Dynamo FC,Real Salt Lake,1,3,,,False,,False,Shell Energy Stadium,412238,
2015-09-12,2015,MLS,True,Colorado Rapids,D.C. United,1,1,,,False,,False,Dick's Sporting Goods Park,412236,
2015-09-12,2015,MLS,True,LA Galaxy,CF Montréal,0,0,,,False,,False,Dignity Health Sports Park,412233,
2015-09-12,2015,MLS,True,San Jose Earthquakes,Seattle Sounders FC,1,1,,,False,,False,PayPal Park,412234,
2015-09-13,2015,MLS,True,Toronto FC,New England Revolution,1,3,,,False,,False,BMO Field,412232,
2015-09-13,2015,MLS,True,Orlando City SC,Sporting Kansas City,3,1,,,False,,False,Camping World Stadium,412231,
2015-09-16,2015,MLS,True,New England Revolution,Red Bull New York,2,1,,,False,,False,Gillette Stadium,412229,
2015-09-16,2015,MLS,True,New York City FC,Toronto FC,2,0,,,False,,False,Yankee Stadium,412230,
2015-09-16,2015,MLS,True,San Jose Earthquakes,CF Montréal,1,1,,,False,,False,PayPal Park,412439,
2015-09-18,2015,MLS,True,Sporting Kansas City,FC Dallas,3,1,,,False,,False,Children's Mercy Park,412228,
2015-09-19,2015,MLS,True,Toronto FC,Colorado Rapids,3,1,,,False,,False,BMO Field,412224,
2015-09-19,2015,MLS,True,D.C. United,Columbus Crew,1,2,,,False,,False,RFK Stadium,412223,
2015-09-19,2015,MLS,True,New York City FC,San Jose Earthquakes,3,2,,,False,,False,Yankee Stadium,412226,
2015-09-19,2015,MLS,True,Vancouver Whitecaps,Seattle Sounders FC,0,3,,,False,,False,BC Place,412227,
2015-09-19,2015,MLS,True,CF Montréal,New England Revolution,3,0,,,False,,False,Stade Saputo,412225,
2015-09-19,2015,MLS,True,Chicago Fire FC,Orlando City SC,0,1,,,False,,False,SeatGeek Stadium,412222,
2015-09-19,2015,MLS,True,Real Salt Lake,LA Galaxy,3,0,,,False,,False,America First Field,412221,
2015-09-20,2015,MLS,True,Portland Timbers,Red Bull New York,0,2,,,False,,False,Providence Park,412220,
2015-09-20,2015,MLS,True,Philadelphia Union,Houston Dynamo FC,2,0,,,False,,False,Subaru Park,412219,
2015-09-23,2015,MLS,True,CF Montréal,Chicago Fire FC,2,1,,,False,,False,Stade Saputo,412454,
2015-09-23,2015,MLS,True,Houston Dynamo FC,Sporting Kansas City,1,0,,,False,,False,Shell Energy Stadium,412218,
2015-09-25,2015,MLS,True,Red Bull New York,Orlando City SC,2,5,,,False,,False,Sports Illustrated Stadium,412217,
2015-09-26,2015,MLS,True,Toronto FC,Chicago Fire FC,3,2,,,False,,False,BMO Field,412214,
2015-09-26,2015,MLS,True,CF Montréal,D.C. United,2,0,,,False,,False,Stade Saputo,412215,
2015-09-26,2015,MLS,True,Columbus Crew,Portland Timbers,1,2,,,False,,False,Historic Crew Stadium,412213,
2015-09-26,2015,MLS,True,New England Revolution,Philadelphia Union,1,1,,,False,,False,Gillette Stadium,412212,
2015-09-26,2015,MLS,True,Houston Dynamo FC,Colorado Rapids,3,2,,,False,,False,Shell Energy Stadium,412211,
2015-09-26,2015,MLS,True,Vancouver Whitecaps,New York City FC,1,2,,,False,,False,BC Place,412216,
2015-09-27,2015,MLS,True,Sporting Kansas City,Seattle Sounders FC,1,1,,,False,,False,Children's Mercy Park,412209,
2015-09-27,2015,MLS,True,San Jose Earthquakes,Real Salt Lake,1,0,,,False,,False,PayPal Park,412208,
2015-09-27,2015,MLS,True,LA Galaxy,FC Dallas,3,2,,,False,,False,Dignity Health Sports Park,412210,
2015-10-02,2015,MLS,True,D.C. United,New York City FC,2,1,,,False,,False,RFK Stadium,412207,
2015-10-03,2015,MLS,True,Toronto FC,Philadelphia Union,3,1,,,False,,False,BMO Field,412206,
2015-10-03,2015,MLS,True,Red Bull New York,Columbus Crew,2,1,,,False,,False,Sports Illustrated Stadium,412205,
2015-10-03,2015,MLS,True,Orlando City SC,CF Montréal,2,1,,,False,,False,Camping World Stadium,412204,
2015-10-03,2015,MLS,True,Chicago Fire FC,New England Revolution,3,1,,,False,,False,SeatGeek Stadium,412203,
2015-10-03,2015,MLS,True,Portland Timbers,Sporting Kansas City,0,1,,,False,,False,Providence Park,412200,
2015-10-03,2015,MLS,True,San Jose Earthquakes,Vancouver Whitecaps,1,1,,,False,,False,PayPal Park,412201,
2015-10-04,2015,MLS,True,FC Dallas,Houston Dynamo FC,4,1,,,False,,False,Toyota Stadium,412199,
2015-10-04,2015,MLS,True,Colorado Rapids,Real Salt Lake,1,2,,,False,,False,Dick's Sporting Goods Park,412202,
2015-10-04,2015,MLS,True,Seattle Sounders FC,LA Galaxy,1,1,,,False,,False,Lumen Field,412198,
2015-10-07,2015,MLS,True,Red Bull New York,CF Montréal,2,1,,,False,,False,Sports Illustrated Stadium,412472,
2015-10-07,2015,MLS,True,Vancouver Whitecaps,FC Dallas,0,0,,,False,,False,BC Place,412197,
2015-10-10,2015,MLS,True,Colorado Rapids,CF Montréal,0,1,,,False,,False,Dick's Sporting Goods Park,412196,
2015-10-14,2015,MLS,True,Toronto FC,Red Bull New York,2,1,,,False,,False,BMO Field,412195,
2015-10-14,2015,MLS,True,FC Dallas,Vancouver Whitecaps,2,0,,,False,,False,Toyota Stadium,412194,
2015-10-14,2015,MLS,True,Real Salt Lake,Portland Timbers,0,1,,,False,,False,America First Field,412193,
2015-10-16,2015,MLS,True,Orlando City SC,New York City FC,2,1,,,False,,False,Camping World Stadium,412192,
2015-10-16,2015,MLS,True,San Jose Earthquakes,Sporting Kansas City,1,0,,,False,,False,PayPal Park,412191,
2015-10-17,2015,MLS,True,Toronto FC,Columbus Crew,0,2,,,False,,False,BMO Field,412190,
2015-10-17,2015,MLS,True,New England Revolution,CF Montréal,0,1,,,False,,False,Gillette Stadium,412189,
2015-10-17,2015,MLS,True,Real Salt Lake,FC Dallas,0,1,,,False,,False,America First Field,412188,
2015-10-18,2015,MLS,True,D.C. United,Chicago Fire FC,4,0,,,False,,False,RFK Stadium,412184,
2015-10-18,2015,MLS,True,Red Bull New York,Philadelphia Union,4,1,,,False,,False,Sports Illustrated Stadium,412185,
2015-10-18,2015,MLS,True,Houston Dynamo FC,Seattle Sounders FC,1,1,,,False,,False,Shell Energy Stadium,412187,
2015-10-18,2015,MLS,True,LA Galaxy,Portland Timbers,2,5,,,False,,False,Dignity Health Sports Park,412186,
2015-10-21,2015,MLS,True,Sporting Kansas City,Colorado Rapids,0,2,,,False,,False,Children's Mercy Park,412409,
2015-10-25,2015,MLS,True,CF Montréal,Toronto FC,2,1,,,False,,False,Stade Saputo,412183,
2015-10-25,2015,MLS,True,Columbus Crew,D.C. United,5,0,,,False,,False,Historic Crew Stadium,412179,
2015-10-25,2015,MLS,True,New York City FC,New England Revolution,1,3,,,False,,False,Yankee Stadium,412180,
2015-10-25,2015,MLS,True,Philadelphia Union,Orlando City SC,1,0,,,False,,False,Subaru Park,412182,
2015-10-25,2015,MLS,True,Chicago Fire FC,Red Bull New York,1,2,,,False,,False,SeatGeek Stadium,412181,
2015-10-25,2015,MLS,True,FC Dallas,San Jose Earthquakes,2,1,,,False,,False,Toyota Stadium,412178,
2015-10-25,2015,MLS,True,Portland Timbers,Colorado Rapids,4,1,,,False,,False,Providence Park,412174,
2015-10-25,2015,MLS,True,Seattle Sounders FC,Real Salt Lake,3,1,,,False,,False,Lumen Field,412177,
2015-10-25,2015,MLS,True,Sporting Kansas City,LA Galaxy,2,1,,,False,,False,Children's Mercy Park,412176,
2015-10-25,2015,MLS,True,Vancouver Whitecaps,Houston Dynamo FC,3,0,,,False,,False,BC Place,412175,
2015-10-28,2015,MLS,True,D.C. United,New England Revolution,2,1,,,False,,False,RFK Stadium,436946,
2015-10-28,2015,MLS,True,Seattle Sounders FC,LA Galaxy,3,2,,,False,,False,Lumen Field,436947,
2015-10-29,2015,MLS,True,CF Montréal,Toronto FC,3,0,,,False,,False,Stade Saputo,436949,
2015-10-29,2015,MLS,True,Portland Timbers,Sporting Kansas City,2,2,7.0,6.0,True,Portland Timbers,False,Providence Park,436948,
2015-11-01,2015,MLS,True,D.C. United,Red Bull New York,0,1,,,False,,False,RFK Stadium,437324,
2015-11-01,2015,MLS,True,Portland Timbers,Vancouver Whitecaps,0,0,,,False,,False,Providence Park,437325,
2015-11-01,2015,MLS,True,CF Montréal,Columbus Crew,2,1,,,False,,False,Stade Saputo,437322,
2015-11-01,2015,MLS,True,Seattle Sounders FC,FC Dallas,2,1,,,False,,False,Lumen Field,437323,
2015-11-08,2015,MLS,True,Red Bull New York,D.C. United,1,0,,,False,,False,Sports Illustrated Stadium,437318,
2015-11-08,2015,MLS,True,Columbus Crew,CF Montréal,3,1,,,False,,False,Historic Crew Stadium,437319,
2015-11-08,2015,MLS,True,FC Dallas,Seattle Sounders FC,2,1,4.0,2.0,True,FC Dallas,False,Toyota Stadium,437321,
2015-11-08,2015,MLS,True,Vancouver Whitecaps,Portland Timbers,0,2,,,False,,False,BC Place,437320,
2015-11-22,2015,MLS,True,Columbus Crew,Red Bull New York,2,0,,,False,,False,Historic Crew Stadium,437599,
2015-11-22,2015,MLS,True,Portland Timbers,FC Dallas,3,1,,,False,,False,Providence Park,437598,
2015-11-29,2015,MLS,True,FC Dallas,Portland Timbers,2,2,,,False,,False,Toyota Stadium,437596,
2015-11-29,2015,MLS,True,Red Bull New York,Columbus Crew,1,0,,,False,,False,Red Bull Arena,437597,
2015-12-06,2015,MLS,True,Columbus Crew,Portland Timbers,1,2,,,False,,False,Historic Crew Stadium,438347,
2016-03-06,2016,MLS,True,Red Bull New York,Toronto FC,0,2,,,False,,False,Sports Illustrated Stadium,440952,
2016-03-06,2016,MLS,True,Chicago Fire FC,New York City FC,3,4,,,False,,False,SeatGeek Stadium,440950,
2016-03-06,2016,MLS,True,Orlando City SC,Real Salt Lake,2,2,,,False,,False,Camping World Stadium,440951,
2016-03-06,2016,MLS,True,FC Dallas,Philadelphia Union,2,0,,,False,,False,Toyota Stadium,440949,
2016-03-06,2016,MLS,True,Houston Dynamo FC,New England Revolution,3,3,,,False,,False,Shell Energy Stadium,440948,
2016-03-06,2016,MLS,True,San Jose Earthquakes,Colorado Rapids,1,0,,,False,,False,PayPal Park,440947,
2016-03-06,2016,MLS,True,Portland Timbers,Columbus Crew,2,1,,,False,,False,Providence Park,440946,
2016-03-06,2016,MLS,True,Vancouver Whitecaps,CF Montréal,2,3,,,False,,False,BC Place,440945,
2016-03-06,2016,MLS,True,Seattle Sounders FC,Sporting Kansas City,0,1,,,False,,False,Lumen Field,440944,
2016-03-06,2016,MLS,True,LA Galaxy,D.C. United,4,1,,,False,,False,Dignity Health Sports Park,440943,
2016-03-11,2016,MLS,True,Orlando City SC,Chicago Fire FC,1,1,,,False,,False,Camping World Stadium,440942,
2016-03-12,2016,MLS,True,New England Revolution,D.C. United,0,0,,,False,,False,Gillette Stadium,440939,
2016-03-12,2016,MLS,True,CF Montréal,Red Bull New York,3,0,,,False,,False,Stade Olympique (Montreal),440941,
2016-03-12,2016,MLS,True,Real Salt Lake,Seattle Sounders FC,2,1,,,False,,False,America First Field,440938,
2016-03-12,2016,MLS,True,Colorado Rapids,LA Galaxy,1,0,,,False,,False,Dick's Sporting Goods Park,440937,
2016-03-12,2016,MLS,True,Columbus Crew,Philadelphia Union,1,2,,,False,,False,Historic Crew Stadium,440936,
2016-03-12,2016,MLS,True,Houston Dynamo FC,FC Dallas,5,0,,,False,,False,Shell Energy Stadium,440940,
2016-03-12,2016,MLS,True,Sporting Kansas City,Vancouver Whitecaps,2,1,,,False,,False,Children's Mercy Park,440935,
2016-03-13,2016,MLS,True,New York City FC,Toronto FC,2,2,,,False,,False,Yankee Stadium,440934,
2016-03-13,2016,MLS,True,San Jose Earthquakes,Portland Timbers,2,1,,,False,,False,PayPal Park,440933,
2016-03-18,2016,MLS,True,New York City FC,Orlando City SC,0,1,,,False,,False,Yankee Stadium,440932,
2016-03-19,2016,MLS,True,Chicago Fire FC,Columbus Crew,0,0,,,False,,False,SeatGeek Stadium,440931,
2016-03-19,2016,MLS,True,Red Bull New York,Houston Dynamo FC,4,3,,,False,,False,Sports Illustrated Stadium,440930,
2016-03-19,2016,MLS,True,FC Dallas,CF Montréal,2,0,,,False,,False,Toyota Stadium,440929,
2016-03-19,2016,MLS,True,Seattle Sounders FC,Vancouver Whitecaps,1,2,,,False,,False,Lumen Field,440928,
2016-03-19,2016,MLS,True,LA Galaxy,San Jose Earthquakes,3,1,,,False,,False,Dignity Health Sports Park,440927,
2016-03-19,2016,MLS,True,Portland Timbers,Real Salt Lake,2,2,,,False,,False,Providence Park,440926,
2016-03-20,2016,MLS,True,Philadelphia Union,New England Revolution,3,0,,,False,,False,Subaru Park,440925,
2016-03-20,2016,MLS,True,D.C. United,Colorado Rapids,1,1,,,False,,False,RFK Stadium,440924,
2016-03-20,2016,MLS,True,Sporting Kansas City,Toronto FC,1,0,,,False,,False,Children's Mercy Park,440923,
2016-03-26,2016,MLS,True,New York City FC,New England Revolution,1,1,,,False,,False,Yankee Stadium,440922,
2016-03-26,2016,MLS,True,D.C. United,FC Dallas,0,3,,,False,,False,RFK Stadium,440920,
2016-03-26,2016,MLS,True,Vancouver Whitecaps,Houston Dynamo FC,1,0,,,False,,False,BC Place,440921,
2016-04-01,2016,MLS,True,New England Revolution,Red Bull New York,1,0,,,False,,False,Gillette Stadium,440919,
2016-04-02,2016,MLS,True,Chicago Fire FC,Philadelphia Union,1,0,,,False,,False,SeatGeek Stadium,440917,
2016-04-02,2016,MLS,True,Colorado Rapids,Toronto FC,1,0,,,False,,False,Dick's Sporting Goods Park,440915,
2016-04-02,2016,MLS,True,Sporting Kansas City,Real Salt Lake,1,2,,,False,,False,Children's Mercy Park,440916,
2016-04-02,2016,MLS,True,FC Dallas,Columbus Crew,1,1,,,False,,False,Toyota Stadium,440914,
2016-04-02,2016,MLS,True,Seattle Sounders FC,CF Montréal,1,0,,,False,,False,Lumen Field,440913,
2016-04-02,2016,MLS,True,Vancouver Whitecaps,LA Galaxy,0,0,,,False,,False,BC Place,440918,
2016-04-02,2016,MLS,True,San Jose Earthquakes,D.C. United,1,1,,,False,,False,PayPal Park,440912,
2016-04-03,2016,MLS,True,Orlando City SC,Portland Timbers,4,1,,,False,,False,Camping World Stadium,440911,
2016-04-08,2016,MLS,True,Philadelphia Union,Orlando City SC,2,1,,,False,,False,Subaru Park,440910,
2016-04-09,2016,MLS,True,CF Montréal,Columbus Crew,2,0,,,False,,False,Stade Olympique (Montreal),440909,
2016-04-09,2016,MLS,True,New England Revolution,Toronto FC,1,1,,,False,,False,Gillette Stadium,440908,
2016-04-09,2016,MLS,True,D.C. United,Vancouver Whitecaps,4,0,,,False,,False,RFK Stadium,440907,
2016-04-09,2016,MLS,True,Red Bull New York,Sporting Kansas City,0,2,,,False,,False,Sports Illustrated Stadium,440906,
2016-04-09,2016,MLS,True,FC Dallas,San Jose Earthquakes,2,2,,,False,,False,Toyota Stadium,440905,
2016-04-09,2016,MLS,True,Real Salt Lake,Colorado Rapids,1,0,,,False,,False,America First Field,440904,
2016-04-10,2016,MLS,True,Houston Dynamo FC,Seattle Sounders FC,1,1,,,False,,False,Shell Energy Stadium,440903,
2016-04-10,2016,MLS,True,New York City FC,Chicago Fire FC,0,0,,,False,,False,Yankee Stadium,440902,
2016-04-10,2016,MLS,True,LA Galaxy,Portland Timbers,1,1,,,False,,False,Dignity Health Sports Park,440901,
2016-04-13,2016,MLS,True,Sporting Kansas City,Colorado Rapids,1,2,,,False,,False,Children's Mercy Park,440900,
2016-04-13,2016,MLS,True,Portland Timbers,FC Dallas,1,3,,,False,,False,Providence Park,440898,
2016-04-13,2016,MLS,True,San Jose Earthquakes,Red Bull New York,2,0,,,False,,False,PayPal Park,440899,
2016-04-15,2016,MLS,True,Houston Dynamo FC,LA Galaxy,1,4,,,False,,False,Shell Energy Stadium,440897,
2016-04-16,2016,MLS,True,Chicago Fire FC,CF Montréal,1,2,,,False,,False,SeatGeek Stadium,440896,
2016-04-16,2016,MLS,True,D.C. United,Toronto FC,0,1,,,False,,False,RFK Stadium,440895,
2016-04-16,2016,MLS,True,Columbus Crew,New York City FC,3,2,,,False,,False,Historic Crew Stadium,440894,
2016-04-16,2016,MLS,True,Colorado Rapids,Red Bull New York,2,1,,,False,,False,Dick's Sporting Goods Park,440893,
2016-04-16,2016,MLS,True,Real Salt Lake,Vancouver Whitecaps,1,0,,,False,,False,America First Field,440892,
2016-04-16,2016,MLS,True,Seattle Sounders FC,Philadelphia Union,2,1,,,False,,False,Lumen Field,440891,
2016-04-16,2016,MLS,True,Portland Timbers,San Jose Earthquakes,3,1,,,False,,False,Providence Park,440890,
2016-04-17,2016,MLS,True,Orlando City SC,New England Revolution,2,2,,,False,,False,Camping World Stadium,440889,
2016-04-17,2016,MLS,True,FC Dallas,Sporting Kansas City,2,1,,,False,,False,Toyota Stadium,440888,
2016-04-23,2016,MLS,True,CF Montréal,Toronto FC,0,2,,,False,,False,Stade Saputo,440887,
2016-04-23,2016,MLS,True,Philadelphia Union,New York City FC,2,0,,,False,,False,Subaru Park,440886,
2016-04-23,2016,MLS,True,D.C. United,New England Revolution,3,0,,,False,,False,RFK Stadium,440884,
2016-04-23,2016,MLS,True,Columbus Crew,Houston Dynamo FC,1,0,,,False,,False,Historic Crew Stadium,440883,
2016-04-23,2016,MLS,True,Colorado Rapids,Seattle Sounders FC,3,1,,,False,,False,Dick's Sporting Goods Park,440882,
2016-04-23,2016,MLS,True,LA Galaxy,Real Salt Lake,5,2,,,False,,False,Dignity Health Sports Park,440881,
2016-04-23,2016,MLS,True,Vancouver Whitecaps,FC Dallas,3,0,,,False,,False,BC Place,440885,
2016-04-24,2016,MLS,True,San Jose Earthquakes,Sporting Kansas City,1,0,,,False,,False,PayPal Park,440880,
2016-04-24,2016,MLS,True,Red Bull New York,Orlando City SC,3,2,,,False,,False,Sports Illustrated Stadium,440879,
2016-04-27,2016,MLS,True,New York City FC,CF Montréal,1,1,,,False,,False,Yankee Stadium,440877,
2016-04-27,2016,MLS,True,New England Revolution,Portland Timbers,1,1,,,False,,False,Gillette Stadium,440876,
2016-04-27,2016,MLS,True,Vancouver Whitecaps,Sporting Kansas City,1,1,,,False,,False,BC Place,440878,
2016-04-29,2016,MLS,True,Red Bull New York,FC Dallas,4,0,,,False,,False,Sports Illustrated Stadium,440875,
2016-04-30,2016,MLS,True,CF Montréal,Colorado Rapids,2,2,,,False,,False,Stade Saputo,440872,
2016-04-30,2016,MLS,True,New York City FC,Vancouver Whitecaps,3,2,,,False,,False,Yankee Stadium,440874,
2016-04-30,2016,MLS,True,Philadelphia Union,San Jose Earthquakes,1,1,,,False,,False,Subaru Park,440873,
2016-04-30,2016,MLS,True,Seattle Sounders FC,Columbus Crew,1,0,,,False,,False,Lumen Field,440871,
2016-04-30,2016,MLS,True,Chicago Fire FC,D.C. United,1,1,,,False,,False,SeatGeek Stadium,440870,
2016-04-30,2016,MLS,True,New England Revolution,Orlando City SC,2,2,,,False,,False,Gillette Stadium,440869,
2016-04-30,2016,MLS,True,Real Salt Lake,Houston Dynamo FC,2,1,,,False,,False,America First Field,440868,
2016-05-01,2016,MLS,True,Portland Timbers,Toronto FC,2,1,,,False,,False,Providence Park,440867,
2016-05-01,2016,MLS,True,Sporting Kansas City,LA Galaxy,1,1,,,False,,False,Children's Mercy Park,440866,
2016-05-06,2016,MLS,True,Orlando City SC,Red Bull New York,1,1,,,False,,False,Camping World Stadium,440865,
2016-05-07,2016,MLS,True,Vancouver Whitecaps,Portland Timbers,2,1,,,False,,False,BC Place,440863,
2016-05-07,2016,MLS,True,Columbus Crew,CF Montréal,4,4,,,False,,False,Historic Crew Stadium,440861,
2016-05-07,2016,MLS,True,Toronto FC,FC Dallas,1,0,,,False,,False,BMO Field,440862,
2016-05-07,2016,MLS,True,Houston Dynamo FC,Sporting Kansas City,2,0,,,False,,False,Shell Energy Stadium,440864,
2016-05-07,2016,MLS,True,Colorado Rapids,Real Salt Lake,1,0,,,False,,False,Dick's Sporting Goods Park,440860,
2016-05-07,2016,MLS,True,Seattle Sounders FC,San Jose Earthquakes,2,0,,,False,,False,Lumen Field,440859,
2016-05-08,2016,MLS,True,LA Galaxy,New England Revolution,4,2,,,False,,False,Dignity Health Sports Park,440858,
2016-05-08,2016,MLS,True,D.C. United,New York City FC,0,2,,,False,,False,RFK Stadium,440857,
2016-05-11,2016,MLS,True,Philadelphia Union,LA Galaxy,2,2,,,False,,False,Subaru Park,440856,
2016-05-11,2016,MLS,True,Colorado Rapids,Sporting Kansas City,1,0,,,False,,False,Dick's Sporting Goods Park,440854,
2016-05-11,2016,MLS,True,FC Dallas,Portland Timbers,2,1,,,False,,False,Toyota Stadium,440853,
2016-05-11,2016,MLS,True,Vancouver Whitecaps,Chicago Fire FC,2,1,,,False,,False,BC Place,440855,
2016-05-11,2016,MLS,True,San Jose Earthquakes,Houston Dynamo FC,3,1,,,False,,False,PayPal Park,440852,
2016-05-13,2016,MLS,True,D.C. United,Red Bull New York,2,0,,,False,,False,RFK Stadium,440851,
2016-05-14,2016,MLS,True,CF Montréal,Philadelphia Union,1,1,,,False,,False,Stade Saputo,440848,
2016-05-14,2016,MLS,True,Columbus Crew,Colorado Rapids,1,1,,,False,,False,Historic Crew Stadium,440847,
2016-05-14,2016,MLS,True,New England Revolution,Chicago Fire FC,2,0,,,False,,False,Gillette Stadium,440846,
2016-05-14,2016,MLS,True,Toronto FC,Vancouver Whitecaps,3,4,,,False,,False,BMO Field,440850,
2016-05-14,2016,MLS,True,FC Dallas,Seattle Sounders FC,2,0,,,False,,False,Toyota Stadium,440845,
2016-05-15,2016,MLS,True,Houston Dynamo FC,Real Salt Lake,1,0,,,False,,False,Shell Energy Stadium,440849,
2016-05-15,2016,MLS,True,Sporting Kansas City,Orlando City SC,2,1,,,False,,False,Children's Mercy Park,440844,
2016-05-15,2016,MLS,True,Portland Timbers,New York City FC,1,2,,,False,,False,Providence Park,440843,
2016-05-18,2016,MLS,True,Toronto FC,New York City FC,1,1,,,False,,False,BMO Field,440842,
2016-05-18,2016,MLS,True,Red Bull New York,Chicago Fire FC,1,0,,,False,,False,Sports Illustrated Stadium,440841,
2016-05-20,2016,MLS,True,Philadelphia Union,D.C. United,1,0,,,False,,False,Subaru Park,440840,
2016-05-21,2016,MLS,True,New York City FC,Red Bull New York,0,7,,,False,,False,Yankee Stadium,440838,
2016-05-21,2016,MLS,True,Chicago Fire FC,Houston Dynamo FC,1,0,,,False,,False,SeatGeek Stadium,440837,
2016-05-21,2016,MLS,True,Toronto FC,Columbus Crew,0,0,,,False,,False,BMO Field,440839,
2016-05-21,2016,MLS,True,New England Revolution,FC Dallas,2,4,,,False,,False,Gillette Stadium,440835,
2016-05-21,2016,MLS,True,Orlando City SC,CF Montréal,2,1,,,False,,False,Camping World Stadium,440836,
2016-05-21,2016,MLS,True,Sporting Kansas City,Real Salt Lake,1,3,,,False,,False,Children's Mercy Park,440834,
2016-05-21,2016,MLS,True,Seattle Sounders FC,Colorado Rapids,0,1,,,False,,False,Lumen Field,440833,
2016-05-22,2016,MLS,True,Portland Timbers,Vancouver Whitecaps,4,2,,,False,,False,Providence Park,440832,
2016-05-22,2016,MLS,True,LA Galaxy,San Jose Earthquakes,1,1,,,False,,False,Dignity Health Sports Park,440831,
2016-05-25,2016,MLS,True,Orlando City SC,Philadelphia Union,2,2,,,False,,False,Camping World Stadium,440830,
2016-05-27,2016,MLS,True,Sporting Kansas City,D.C. United,0,1,,,False,,False,Children's Mercy Park,440829,
2016-05-28,2016,MLS,True,Vancouver Whitecaps,Houston Dynamo FC,1,1,,,False,,False,BC Place,440828,
2016-05-28,2016,MLS,True,Red Bull New York,Toronto FC,3,0,,,False,,False,Sports Illustrated Stadium,440827,
2016-05-28,2016,MLS,True,Columbus Crew,Real Salt Lake,4,3,,,False,,False,Historic Crew Stadium,440825,
2016-05-28,2016,MLS,True,New England Revolution,Seattle Sounders FC,2,1,,,False,,False,Gillette Stadium,440826,
2016-05-28,2016,MLS,True,CF Montréal,LA Galaxy,3,2,,,False,,False,Stade Saputo,440820,
2016-05-28,2016,MLS,True,Chicago Fire FC,Portland Timbers,1,1,,,False,,False,SeatGeek Stadium,440824,
2016-05-28,2016,MLS,True,Colorado Rapids,Philadelphia Union,1,1,,,False,,False,Dick's Sporting Goods Park,440823,
2016-05-28,2016,MLS,True,San Jose Earthquakes,FC Dallas,0,0,,,False,,False,PayPal Park,440822,
2016-05-29,2016,MLS,True,New York City FC,Orlando City SC,2,2,,,False,,False,Yankee Stadium,440821,
2016-06-01,2016,MLS,True,Philadelphia Union,Columbus Crew,3,2,,,False,,False,Subaru Park,440819,
2016-06-01,2016,MLS,True,D.C. United,Seattle Sounders FC,0,2,,,False,,False,RFK Stadium,440818,
2016-06-01,2016,MLS,True,Portland Timbers,San Jose Earthquakes,1,0,,,False,,False,Providence Park,440817,
2016-06-02,2016,MLS,True,New York City FC,Real Salt Lake,2,3,,,False,,False,Yankee Stadium,440816,
2016-06-02,2016,MLS,True,FC Dallas,Houston Dynamo FC,1,1,,,False,,False,Toyota Stadium,440815,
2016-06-02,2016,MLS,True,LA Galaxy,Sporting Kansas City,0,0,,,False,,False,Dignity Health Sports Park,440814,
2016-06-18,2016,MLS,True,New York City FC,Philadelphia Union,3,2,,,False,,False,Yankee Stadium,440813,
2016-06-18,2016,MLS,True,Vancouver Whitecaps,New England Revolution,1,2,,,False,,False,BC Place,440812,
2016-06-18,2016,MLS,True,Columbus Crew,CF Montréal,0,0,,,False,,False,Historic Crew Stadium,440808,
2016-06-18,2016,MLS,True,Orlando City SC,San Jose Earthquakes,2,2,,,False,,False,Camping World Stadium,440809,
2016-06-18,2016,MLS,True,Toronto FC,LA Galaxy,1,0,,,False,,False,BMO Field,440811,
2016-06-18,2016,MLS,True,Colorado Rapids,Chicago Fire FC,2,1,,,False,,False,Dick's Sporting Goods Park,440807,
2016-06-18,2016,MLS,True,Houston Dynamo FC,D.C. United,0,0,,,False,,False,Shell Energy Stadium,440810,
2016-06-18,2016,MLS,True,Real Salt Lake,Portland Timbers,2,2,,,False,,False,America First Field,440806,
2016-06-19,2016,MLS,True,Sporting Kansas City,FC Dallas,2,0,,,False,,False,Children's Mercy Park,440805,
2016-06-19,2016,MLS,True,Red Bull New York,Seattle Sounders FC,2,0,,,False,,False,Sports Illustrated Stadium,440804,
2016-06-22,2016,MLS,True,Philadelphia Union,Chicago Fire FC,4,3,,,False,,False,Subaru Park,440803,
2016-06-22,2016,MLS,True,Real Salt Lake,Red Bull New York,2,1,,,False,,False,America First Field,440801,
2016-06-22,2016,MLS,True,LA Galaxy,Colorado Rapids,0,0,,,False,,False,Dignity Health Sports Park,440800,
2016-06-25,2016,MLS,True,Seattle Sounders FC,New York City FC,0,2,,,False,,False,Lumen Field,440797,
2016-06-25,2016,MLS,True,D.C. United,New England Revolution,2,0,,,False,,False,RFK Stadium,440802,
2016-06-25,2016,MLS,True,Philadelphia Union,Vancouver Whitecaps,2,3,,,False,,False,Subaru Park,440799,
2016-06-25,2016,MLS,True,CF Montréal,Sporting Kansas City,2,2,,,False,,False,Stade Saputo,440798,
2016-06-25,2016,MLS,True,Columbus Crew,Red Bull New York,1,1,,,False,,False,Historic Crew Stadium,440795,
2016-06-25,2016,MLS,True,Orlando City SC,Toronto FC,3,2,,,False,,False,Camping World Stadium,440796,
2016-06-25,2016,MLS,True,FC Dallas,Real Salt Lake,2,0,,,False,,False,Toyota Stadium,440794,
2016-06-25,2016,MLS,True,San Jose Earthquakes,LA Galaxy,1,1,,,False,,False,Stanford Stadium,440793,
2016-06-26,2016,MLS,True,Portland Timbers,Houston Dynamo FC,3,2,,,False,,False,Providence Park,440792,
2016-07-01,2016,MLS,True,Chicago Fire FC,San Jose Earthquakes,1,0,,,False,,False,SeatGeek Stadium,440791,
2016-07-01,2016,MLS,True,Real Salt Lake,D.C. United,1,1,,,False,,False,America First Field,440790,
2016-07-02,2016,MLS,True,CF Montréal,New England Revolution,3,2,,,False,,False,Stade Saputo,440787,
2016-07-02,2016,MLS,True,Toronto FC,Seattle Sounders FC,1,1,,,False,,False,BMO Field,440789,
2016-07-02,2016,MLS,True,Houston Dynamo FC,Philadelphia Union,1,0,,,False,,False,Shell Energy Stadium,440788,
2016-07-03,2016,MLS,True,New York City FC,Red Bull New York,2,0,,,False,,False,Yankee Stadium,440786,
2016-07-03,2016,MLS,True,Sporting Kansas City,Columbus Crew,3,2,,,False,,False,Children's Mercy Park,440785,
2016-07-04,2016,MLS,True,Colorado Rapids,Portland Timbers,0,0,,,False,,False,Dick's Sporting Goods Park,440784,
2016-07-04,2016,MLS,True,FC Dallas,Orlando City SC,4,0,,,False,,False,Toyota Stadium,440783,
2016-07-04,2016,MLS,True,LA Galaxy,Vancouver Whitecaps,2,0,,,False,,False,Dignity Health Sports Park,440782,
2016-07-06,2016,MLS,True,New England Revolution,New York City FC,0,1,,,False,,False,Gillette Stadium,440781,
2016-07-08,2016,MLS,True,Orlando City SC,Houston Dynamo FC,0,0,,,False,,False,Camping World Stadium,440780,
2016-07-08,2016,MLS,True,San Jose Earthquakes,FC Dallas,0,1,,,False,,False,PayPal Park,440779,
2016-07-09,2016,MLS,True,Seattle Sounders FC,LA Galaxy,0,1,,,False,,False,Lumen Field,440775,
2016-07-09,2016,MLS,True,Philadelphia Union,D.C. United,3,0,,,False,,False,Subaru Park,440778,
2016-07-09,2016,MLS,True,New England Revolution,Columbus Crew,3,1,,,False,,False,Gillette Stadium,440774,
2016-07-09,2016,MLS,True,Toronto FC,Chicago Fire FC,1,0,,,False,,False,BMO Field,440776,
2016-07-09,2016,MLS,True,Real Salt Lake,CF Montréal,1,1,,,False,,False,America First Field,440773,
2016-07-09,2016,MLS,True,Vancouver Whitecaps,Colorado Rapids,2,2,,,False,,False,BC Place,440777,
2016-07-10,2016,MLS,True,Red Bull New York,Portland Timbers,0,0,,,False,,False,Sports Illustrated Stadium,440772,
2016-07-10,2016,MLS,True,Sporting Kansas City,New York City FC,3,1,,,False,,False,Children's Mercy Park,440771,
2016-07-13,2016,MLS,True,Columbus Crew,Toronto FC,1,1,,,False,,False,Historic Crew Stadium,440769,
2016-07-13,2016,MLS,True,Red Bull New York,Orlando City SC,2,0,,,False,,False,Sports Illustrated Stadium,440768,
2016-07-13,2016,MLS,True,Chicago Fire FC,Sporting Kansas City,1,0,,,False,,False,SeatGeek Stadium,440767,
2016-07-13,2016,MLS,True,Portland Timbers,CF Montréal,1,1,,,False,,False,Providence Park,440766,
2016-07-13,2016,MLS,True,Seattle Sounders FC,FC Dallas,5,0,,,False,,False,Lumen Field,440765,
2016-07-13,2016,MLS,True,Vancouver Whitecaps,Real Salt Lake,2,0,,,False,,False,BC Place,440770,
2016-07-15,2016,MLS,True,LA Galaxy,Houston Dynamo FC,1,0,,,False,,False,Dignity Health Sports Park,440764,
2016-07-16,2016,MLS,True,Columbus Crew,D.C. United,1,1,,,False,,False,Historic Crew Stadium,440762,
2016-07-16,2016,MLS,True,Colorado Rapids,Sporting Kansas City,1,0,,,False,,False,Dick's Sporting Goods Park,440761,
2016-07-16,2016,MLS,True,FC Dallas,Chicago Fire FC,3,1,,,False,,False,Toyota Stadium,440760,
2016-07-16,2016,MLS,True,Real Salt Lake,New England Revolution,0,0,,,False,,False,America First Field,440759,
2016-07-16,2016,MLS,True,Vancouver Whitecaps,Orlando City SC,2,2,,,False,,False,BC Place,440763,
2016-07-16,2016,MLS,True,San Jose Earthquakes,Toronto FC,2,1,,,False,,False,PayPal Park,440758,
2016-07-17,2016,MLS,True,Portland Timbers,Seattle Sounders FC,3,1,,,False,,False,Providence Park,440757,
2016-07-17,2016,MLS,True,CF Montréal,New York City FC,1,3,,,False,,False,Stade Saputo,440756,
2016-07-17,2016,MLS,True,Philadelphia Union,Red Bull New York,2,2,,,False,,False,Subaru Park,440755,
2016-07-22,2016,MLS,True,Real Salt Lake,San Jose Earthquakes,1,1,,,False,,False,America First Field,440754,
2016-07-23,2016,MLS,True,Portland Timbers,LA Galaxy,1,2,,,False,,False,Providence Park,440750,
2016-07-23,2016,MLS,True,CF Montréal,Philadelphia Union,5,1,,,False,,False,Stade Saputo,440752,
2016-07-23,2016,MLS,True,Columbus Crew,Orlando City SC,2,2,,,False,,False,Historic Crew Stadium,440749,
2016-07-23,2016,MLS,True,New England Revolution,Chicago Fire FC,1,0,,,False,,False,Gillette Stadium,440748,
2016-07-23,2016,MLS,True,Toronto FC,D.C. United,4,1,,,False,,False,BMO Field,440751,
2016-07-23,2016,MLS,True,Colorado Rapids,FC Dallas,1,1,,,False,,False,Dick's Sporting Goods Park,440747,
2016-07-23,2016,MLS,True,Houston Dynamo FC,Vancouver Whitecaps,0,0,,,False,,False,Shell Energy Stadium,440753,
2016-07-24,2016,MLS,True,Red Bull New York,New York City FC,4,1,,,False,,False,Sports Illustrated Stadium,440746,
2016-07-24,2016,MLS,True,Sporting Kansas City,Seattle Sounders FC,3,0,,,False,,False,Children's Mercy Park,440745,
2016-07-28,2016,MLS,True,MLS All-Stars,Arsenal,1,2,,,False,,False,PayPal Park,443635,
2016-07-30,2016,MLS,True,New York City FC,Colorado Rapids,5,1,,,False,,False,Yankee Stadium,440961,
2016-07-31,2016,MLS,True,Sporting Kansas City,Portland Timbers,1,0,,,False,,False,Children's Mercy Park,440744,
2016-07-31,2016,MLS,True,Seattle Sounders FC,LA Galaxy,1,1,,,False,,False,Lumen Field,440743,
2016-07-31,2016,MLS,True,FC Dallas,Vancouver Whitecaps,2,0,,,False,,False,Toyota Stadium,440741,
2016-07-31,2016,MLS,True,D.C. United,CF Montréal,1,1,,,False,,False,RFK Stadium,440742,
2016-07-31,2016,MLS,True,Chicago Fire FC,Red Bull New York,2,2,,,False,,False,SeatGeek Stadium,440740,
2016-07-31,2016,MLS,True,Philadelphia Union,Real Salt Lake,1,2,,,False,,False,Subaru Park,440959,
2016-07-31,2016,MLS,True,Orlando City SC,New England Revolution,3,1,,,False,,False,Camping World Stadium,440739,
2016-07-31,2016,MLS,True,Toronto FC,Columbus Crew,3,0,,,False,,False,BMO Field,440958,
2016-07-31,2016,MLS,True,Houston Dynamo FC,San Jose Earthquakes,1,1,,,False,,False,Shell Energy Stadium,440960,
2016-08-03,2016,MLS,True,Toronto FC,Real Salt Lake,1,0,,,False,,False,BMO Field,440738,
2016-08-05,2016,MLS,True,San Jose Earthquakes,New York City FC,0,0,,,False,,False,PayPal Park,440737,
2016-08-06,2016,MLS,True,D.C. United,Philadelphia Union,2,2,,,False,,False,RFK Stadium,440734,
2016-08-06,2016,MLS,True,CF Montréal,Houston Dynamo FC,1,0,,,False,,False,Stade Saputo,440735,
2016-08-06,2016,MLS,True,Toronto FC,New England Revolution,4,1,,,False,,False,BMO Field,440736,
2016-08-06,2016,MLS,True,Colorado Rapids,Vancouver Whitecaps,2,0,,,False,,False,Dick's Sporting Goods Park,440733,
2016-08-06,2016,MLS,True,Real Salt Lake,Chicago Fire FC,3,1,,,False,,False,America First Field,440732,
2016-08-07,2016,MLS,True,Portland Timbers,Sporting Kansas City,3,0,,,False,,False,Providence Park,440731,
2016-08-07,2016,MLS,True,Orlando City SC,Seattle Sounders FC,1,3,,,False,,False,Camping World Stadium,440730,
2016-08-07,2016,MLS,True,LA Galaxy,Red Bull New York,2,2,,,False,,False,Dignity Health Sports Park,440729,
2016-08-12,2016,MLS,True,Vancouver Whitecaps,San Jose Earthquakes,1,2,,,False,,False,BC Place,440728,
2016-08-13,2016,MLS,True,Red Bull New York,CF Montréal,3,1,,,False,,False,Sports Illustrated Stadium,440725,
2016-08-13,2016,MLS,True,Columbus Crew,New York City FC,3,3,,,False,,False,Historic Crew Stadium,440723,
2016-08-13,2016,MLS,True,New England Revolution,Philadelphia Union,0,4,,,False,,False,Gillette Stadium,440724,
2016-08-13,2016,MLS,True,D.C. United,Portland Timbers,2,0,,,False,,False,RFK Stadium,440726,
2016-08-13,2016,MLS,True,FC Dallas,Sporting Kansas City,2,2,,,False,,False,Toyota Stadium,440722,
2016-08-13,2016,MLS,True,LA Galaxy,Colorado Rapids,1,1,,,False,,False,Dignity Health Sports Park,440721,
2016-08-14,2016,MLS,True,Chicago Fire FC,Orlando City SC,2,2,,,False,,False,SeatGeek Stadium,440720,
2016-08-14,2016,MLS,True,Seattle Sounders FC,Real Salt Lake,2,1,,,False,,False,Lumen Field,440719,
2016-08-14,2016,MLS,True,Houston Dynamo FC,Toronto FC,1,1,,,False,,False,Shell Energy Stadium,440727,
2016-08-19,2016,MLS,True,San Jose Earthquakes,Houston Dynamo FC,1,2,,,False,,False,PayPal Park,440718,
2016-08-20,2016,MLS,True,New York City FC,LA Galaxy,1,0,,,False,,False,Yankee Stadium,440715,
2016-08-20,2016,MLS,True,Philadelphia Union,Toronto FC,1,3,,,False,,False,Subaru Park,440717,
2016-08-20,2016,MLS,True,CF Montréal,Chicago Fire FC,0,3,,,False,,False,Stade Saputo,440716,
2016-08-20,2016,MLS,True,New England Revolution,Columbus Crew,0,2,,,False,,False,Gillette Stadium,440714,
2016-08-20,2016,MLS,True,Colorado Rapids,Orlando City SC,0,0,,,False,,False,Dick's Sporting Goods Park,440712,
2016-08-20,2016,MLS,True,Real Salt Lake,FC Dallas,1,0,,,False,,False,America First Field,440711,
2016-08-20,2016,MLS,True,Sporting Kansas City,Vancouver Whitecaps,2,0,,,False,,False,Children's Mercy Park,440713,
2016-08-21,2016,MLS,True,D.C. United,Red Bull New York,2,2,,,False,,False,RFK Stadium,440710,
2016-08-21,2016,MLS,True,Seattle Sounders FC,Portland Timbers,3,1,,,False,,False,Lumen Field,440709,
2016-08-24,2016,MLS,True,CF Montréal,D.C. United,1,1,,,False,,False,Stade Saputo,440707,
2016-08-24,2016,MLS,True,Columbus Crew,Philadelphia Union,1,2,,,False,,False,Historic Crew Stadium,440705,
2016-08-24,2016,MLS,True,Orlando City SC,Toronto FC,1,2,,,False,,False,Camping World Stadium,440706,
2016-08-24,2016,MLS,True,Chicago Fire FC,LA Galaxy,2,2,,,False,,False,SeatGeek Stadium,440704,
2016-08-24,2016,MLS,True,Houston Dynamo FC,Seattle Sounders FC,1,1,,,False,,False,Shell Energy Stadium,440708,
2016-08-24,2016,MLS,True,San Jose Earthquakes,New England Revolution,0,0,,,False,,False,PayPal Park,440703,
2016-08-26,2016,MLS,True,Real Salt Lake,Colorado Rapids,2,1,,,False,,False,America First Field,440702,
2016-08-27,2016,MLS,True,D.C. United,Chicago Fire FC,6,2,,,False,,False,RFK Stadium,440698,
2016-08-27,2016,MLS,True,Philadelphia Union,Sporting Kansas City,2,0,,,False,,False,Subaru Park,440701,
2016-08-27,2016,MLS,True,Columbus Crew,San Jose Earthquakes,2,0,,,False,,False,Historic Crew Stadium,440697,
2016-08-27,2016,MLS,True,Toronto FC,CF Montréal,0,1,,,False,,False,BMO Field,440700,
2016-08-27,2016,MLS,True,Houston Dynamo FC,FC Dallas,1,3,,,False,,False,Shell Energy Stadium,440699,
2016-08-27,2016,MLS,True,LA Galaxy,Vancouver Whitecaps,0,0,,,False,,False,Dignity Health Sports Park,440696,
2016-08-28,2016,MLS,True,Red Bull New York,New England Revolution,1,0,,,False,,False,Sports Illustrated Stadium,440695,
2016-08-28,2016,MLS,True,Portland Timbers,Seattle Sounders FC,4,2,,,False,,False,Providence Park,440694,
2016-08-28,2016,MLS,True,Orlando City SC,New York City FC,2,1,,,False,,False,Camping World Stadium,440693,
2016-09-01,2016,MLS,True,New York City FC,D.C. United,3,2,,,False,,False,Yankee Stadium,440692,
2016-09-03,2016,MLS,True,Vancouver Whitecaps,Red Bull New York,0,1,,,False,,False,BC Place,440691,
2016-09-03,2016,MLS,True,New England Revolution,Colorado Rapids,2,0,,,False,,False,Gillette Stadium,440690,
2016-09-03,2016,MLS,True,Chicago Fire FC,Philadelphia Union,3,0,,,False,,False,SeatGeek Stadium,440689,
2016-09-03,2016,MLS,True,FC Dallas,Portland Timbers,3,1,,,False,,False,Toyota Stadium,440688,
2016-09-03,2016,MLS,True,LA Galaxy,Columbus Crew,2,1,,,False,,False,Dignity Health Sports Park,440687,
2016-09-07,2016,MLS,True,CF Montréal,Orlando City SC,1,4,,,False,,False,Stade Saputo,440686,
2016-09-07,2016,MLS,True,Real Salt Lake,LA Galaxy,3,3,,,False,,False,America First Field,440685,
2016-09-09,2016,MLS,True,Sporting Kansas City,Houston Dynamo FC,3,3,,,False,,False,Children's Mercy Park,440684,
2016-09-10,2016,MLS,True,Philadelphia Union,CF Montréal,1,1,,,False,,False,Subaru Park,440683,
2016-09-10,2016,MLS,True,Columbus Crew,Vancouver Whitecaps,1,3,,,False,,False,Historic Crew Stadium,440682,
2016-09-10,2016,MLS,True,New England Revolution,New York City FC,3,1,,,False,,False,Gillette Stadium,440681,
2016-09-10,2016,MLS,True,Chicago Fire FC,Toronto FC,1,2,,,False,,False,SeatGeek Stadium,440680,
2016-09-10,2016,MLS,True,FC Dallas,Colorado Rapids,0,1,,,False,,False,Toyota Stadium,440679,
2016-09-10,2016,MLS,True,Portland Timbers,Real Salt Lake,1,0,,,False,,False,Providence Park,440677,
2016-09-10,2016,MLS,True,San Jose Earthquakes,Seattle Sounders FC,1,1,,,False,,False,PayPal Park,440678,
2016-09-11,2016,MLS,True,Red Bull New York,D.C. United,2,2,,,False,,False,Sports Illustrated Stadium,440676,
2016-09-11,2016,MLS,True,LA Galaxy,Orlando City SC,4,2,,,False,,False,Dignity Health Sports Park,440675,
2016-09-16,2016,MLS,True,Chicago Fire FC,D.C. United,2,2,,,False,,False,SeatGeek Stadium,440674,
2016-09-17,2016,MLS,True,Seattle Sounders FC,Vancouver Whitecaps,1,0,,,False,,False,Lumen Field,440671,
2016-09-17,2016,MLS,True,Portland Timbers,Philadelphia Union,2,1,,,False,,False,Providence Park,440670,
2016-09-17,2016,MLS,True,New York City FC,FC Dallas,2,2,,,False,,False,Yankee Stadium,440672,
2016-09-17,2016,MLS,True,CF Montréal,New England Revolution,1,3,,,False,,False,Stade Saputo,440673,
2016-09-17,2016,MLS,True,Orlando City SC,Columbus Crew,1,4,,,False,,False,Camping World Stadium,440669,
2016-09-17,2016,MLS,True,Colorado Rapids,San Jose Earthquakes,0,0,,,False,,False,Dick's Sporting Goods Park,440668,
2016-09-17,2016,MLS,True,Real Salt Lake,Houston Dynamo FC,0,1,,,False,,False,America First Field,440667,
2016-09-18,2016,MLS,True,Sporting Kansas City,LA Galaxy,2,2,,,False,,False,Children's Mercy Park,440666,
2016-09-18,2016,MLS,True,Toronto FC,Red Bull New York,3,3,,,False,,False,BMO Field,440665,
2016-09-23,2016,MLS,True,New York City FC,Chicago Fire FC,4,1,,,False,,False,Yankee Stadium,440664,
2016-09-24,2016,MLS,True,Toronto FC,Philadelphia Union,1,1,,,False,,False,BMO Field,440662,
2016-09-24,2016,MLS,True,D.C. United,Orlando City SC,4,1,,,False,,False,RFK Stadium,440660,
2016-09-24,2016,MLS,True,Red Bull New York,CF Montréal,1,0,,,False,,False,Sports Illustrated Stadium,440659,
2016-09-24,2016,MLS,True,Vancouver Whitecaps,Colorado Rapids,3,3,,,False,,False,BC Place,440661,
2016-09-24,2016,MLS,True,Houston Dynamo FC,Portland Timbers,3,1,,,False,,False,Shell Energy Stadium,440663,
2016-09-24,2016,MLS,True,Real Salt Lake,FC Dallas,0,0,,,False,,False,America First Field,440658,
2016-09-24,2016,MLS,True,San Jose Earthquakes,Sporting Kansas City,1,2,,,False,,False,PayPal Park,440657,
2016-09-25,2016,MLS,True,LA Galaxy,Seattle Sounders FC,2,4,,,False,,False,Dignity Health Sports Park,440656,
2016-09-25,2016,MLS,True,Columbus Crew,New England Revolution,2,0,,,False,,False,Historic Crew Stadium,440655,
2016-09-28,2016,MLS,True,CF Montréal,San Jose Earthquakes,3,1,,,False,,False,Stade Saputo,440654,
2016-09-28,2016,MLS,True,D.C. United,Columbus Crew,3,0,,,False,,False,RFK Stadium,440652,
2016-09-28,2016,MLS,True,Toronto FC,Orlando City SC,0,0,,,False,,False,BMO Field,440653,
2016-09-28,2016,MLS,True,Seattle Sounders FC,Chicago Fire FC,1,0,,,False,,False,Lumen Field,440651,
2016-09-30,2016,MLS,True,Houston Dynamo FC,New York City FC,0,2,,,False,,False,Shell Energy Stadium,440650,
2016-10-01,2016,MLS,True,Red Bull New York,Philadelphia Union,3,2,,,False,,False,Sports Illustrated Stadium,440648,
2016-10-01,2016,MLS,True,Columbus Crew,Chicago Fire FC,3,0,,,False,,False,Historic Crew Stadium,440646,
2016-10-01,2016,MLS,True,New England Revolution,Sporting Kansas City,3,1,,,False,,False,Gillette Stadium,440647,
2016-10-01,2016,MLS,True,Toronto FC,D.C. United,1,2,,,False,,False,BMO Field,440649,
2016-10-01,2016,MLS,True,Colorado Rapids,Portland Timbers,1,0,,,False,,False,Dick's Sporting Goods Park,440645,
2016-10-01,2016,MLS,True,FC Dallas,LA Galaxy,1,0,,,False,,False,Toyota Stadium,440644,
2016-10-01,2016,MLS,True,San Jose Earthquakes,Real Salt Lake,2,1,,,False,,False,PayPal Park,440643,
2016-10-02,2016,MLS,True,Orlando City SC,CF Montréal,0,1,,,False,,False,Camping World Stadium,440642,
2016-10-02,2016,MLS,True,Vancouver Whitecaps,Seattle Sounders FC,1,2,,,False,,False,BC Place,440641,
2016-10-08,2016,MLS,True,Houston Dynamo FC,Colorado Rapids,2,3,,,False,,False,Shell Energy Stadium,440640,
2016-10-12,2016,MLS,True,Seattle Sounders FC,Houston Dynamo FC,0,0,,,False,,False,Lumen Field,440639,
2016-10-13,2016,MLS,True,Chicago Fire FC,Columbus Crew,2,2,,,False,,False,SeatGeek Stadium,440638,
2016-10-13,2016,MLS,True,Colorado Rapids,San Jose Earthquakes,2,1,,,False,,False,Dick's Sporting Goods Park,440637,
2016-10-16,2016,MLS,True,CF Montréal,Toronto FC,2,2,,,False,,False,Stade Saputo,440636,
2016-10-16,2016,MLS,True,Chicago Fire FC,New England Revolution,2,1,,,False,,False,SeatGeek Stadium,440633,
2016-10-16,2016,MLS,True,D.C. United,New York City FC,3,1,,,False,,False,RFK Stadium,440634,
2016-10-16,2016,MLS,True,Philadelphia Union,Orlando City SC,0,2,,,False,,False,Subaru Park,440635,
2016-10-16,2016,MLS,True,Red Bull New York,Columbus Crew,3,2,,,False,,False,Sports Illustrated Stadium,440632,
2016-10-16,2016,MLS,True,FC Dallas,Seattle Sounders FC,2,1,,,False,,False,Toyota Stadium,440629,
2016-10-16,2016,MLS,True,Houston Dynamo FC,LA Galaxy,0,1,,,False,,False,Shell Energy Stadium,440628,
2016-10-16,2016,MLS,True,Portland Timbers,Colorado Rapids,1,0,,,False,,False,Providence Park,440627,
2016-10-16,2016,MLS,True,Real Salt Lake,Sporting Kansas City,0,0,,,False,,False,America First Field,440630,
2016-10-16,2016,MLS,True,San Jose Earthquakes,Vancouver Whitecaps,0,0,,,False,,False,PayPal Park,440631,
2016-10-23,2016,MLS,True,Colorado Rapids,Houston Dynamo FC,1,1,,,False,,False,Dick's Sporting Goods Park,440621,
2016-10-23,2016,MLS,True,LA Galaxy,FC Dallas,0,0,,,False,,False,Dignity Health Sports Park,440620,
2016-10-23,2016,MLS,True,New England Revolution,CF Montréal,3,0,,,False,,False,Gillette Stadium,440622,
2016-10-23,2016,MLS,True,New York City FC,Columbus Crew,4,1,,,False,,False,Yankee Stadium,440618,
2016-10-23,2016,MLS,True,Orlando City SC,D.C. United,4,2,,,False,,False,Camping World Stadium,440619,
2016-10-23,2016,MLS,True,Philadelphia Union,Red Bull New York,0,2,,,False,,False,Subaru Park,440623,
2016-10-23,2016,MLS,True,Seattle Sounders FC,Real Salt Lake,2,1,,,False,,False,Lumen Field,440625,
2016-10-23,2016,MLS,True,Sporting Kansas City,San Jose Earthquakes,2,0,,,False,,False,Children's Mercy Park,440626,
2016-10-23,2016,MLS,True,Toronto FC,Chicago Fire FC,3,2,,,False,,False,BMO Field,440617,
2016-10-23,2016,MLS,True,Vancouver Whitecaps,Portland Timbers,4,1,,,False,,False,BC Place,440624,
2016-10-26,2016,MLS,True,Toronto FC,Philadelphia Union,3,1,,,False,,False,BMO Field,467912,
2016-10-26,2016,MLS,True,LA Galaxy,Real Salt Lake,3,1,,,False,,False,Dignity Health Sports Park,467909,
2016-10-27,2016,MLS,True,D.C. United,CF Montréal,2,4,,,False,,False,RFK Stadium,467910,
2016-10-27,2016,MLS,True,Seattle Sounders FC,Sporting Kansas City,1,0,,,False,,False,Lumen Field,467911,
2016-10-30,2016,MLS,True,CF Montréal,Red Bull New York,1,0,,,False,,False,Stade Saputo,468045,
2016-10-30,2016,MLS,True,LA Galaxy,Colorado Rapids,1,0,,,False,,False,Dignity Health Sports Park,468042,
2016-10-30,2016,MLS,True,Toronto FC,New York City FC,2,0,,,False,,False,BMO Field,468044,
2016-10-30,2016,MLS,True,Seattle Sounders FC,FC Dallas,3,0,,,False,,False,Lumen Field,468043,
2016-11-06,2016,MLS,True,Colorado Rapids,LA Galaxy,1,0,3.0,1.0,True,Colorado Rapids,False,Dick's Sporting Goods Park,468040,
2016-11-06,2016,MLS,True,Red Bull New York,CF Montréal,1,2,,,False,,False,Sports Illustrated Stadium,468041,
2016-11-06,2016,MLS,True,New York City FC,Toronto FC,0,5,,,False,,False,Yankee Stadium,468039,
2016-11-06,2016,MLS,True,FC Dallas,Seattle Sounders FC,2,1,,,False,,False,Toyota Stadium,468038,
2016-11-22,2016,MLS,True,CF Montréal,Toronto FC,3,2,,,False,,False,Stade Olympique (Montreal),468197,
2016-11-22,2016,MLS,True,Seattle Sounders FC,Colorado Rapids,2,1,,,False,,False,Lumen Field,468196,
2016-11-27,2016,MLS,True,Colorado Rapids,Seattle Sounders FC,0,1,,,False,,False,Dick's Sporting Goods Park,468195,
2016-11-30,2016,MLS,True,Toronto FC,CF Montréal,5,2,,,False,,False,BMO Field,468194,
2016-12-10,2016,MLS,True,Toronto FC,Seattle Sounders FC,0,0,4.0,5.0,True,Seattle Sounders FC,False,BMO Field,468711,
2017-03-03,2017,MLS,True,Portland Timbers,Minnesota United FC,5,1,,,False,,False,Providence Park,470301,
2017-03-04,2017,MLS,True,Columbus Crew,Chicago Fire FC,1,1,,,False,,False,Historic Crew Stadium,470300,
2017-03-04,2017,MLS,True,LA Galaxy,FC Dallas,1,2,,,False,,False,Dignity Health Sports Park,470299,
2017-03-04,2017,MLS,True,Real Salt Lake,Toronto FC,0,0,,,False,,False,America First Field,470298,
2017-03-04,2017,MLS,True,Colorado Rapids,New England Revolution,1,0,,,False,,False,Dick's Sporting Goods Park,470297,
2017-03-04,2017,MLS,True,D.C. United,Sporting Kansas City,0,0,,,False,,False,RFK Stadium,470296,
2017-03-04,2017,MLS,True,Houston Dynamo FC,Seattle Sounders FC,2,1,,,False,,False,Shell Energy Stadium,470295,
2017-03-04,2017,MLS,True,San Jose Earthquakes,CF Montréal,1,0,,,False,,False,PayPal Park,470294,
2017-03-05,2017,MLS,True,Orlando City SC,New York City FC,1,0,,,False,,False,Inter&Co Stadium,470293,
2017-03-05,2017,MLS,True,Atlanta United FC,Red Bull New York,1,2,,,False,,False,Bobby Dodd Stadium,470292,
2017-03-05,2017,MLS,True,Vancouver Whitecaps,Philadelphia Union,0,0,,,False,,False,BC Place,470291,
2017-03-11,2017,MLS,True,Chicago Fire FC,Real Salt Lake,2,0,,,False,,False,SeatGeek Stadium,470290,
2017-03-11,2017,MLS,True,Red Bull New York,Colorado Rapids,1,0,,,False,,False,Sports Illustrated Stadium,470288,
2017-03-11,2017,MLS,True,Philadelphia Union,Toronto FC,2,2,,,False,,False,Subaru Park,470287,
2017-03-11,2017,MLS,True,CF Montréal,Seattle Sounders FC,2,2,,,False,,False,Stade Olympique (Montreal),470286,
2017-03-11,2017,MLS,True,Houston Dynamo FC,Columbus Crew,3,1,,,False,,False,Shell Energy Stadium,471732,
2017-03-11,2017,MLS,True,Sporting Kansas City,FC Dallas,0,0,,,False,,False,Children's Mercy Park,470285,
2017-03-11,2017,MLS,True,San Jose Earthquakes,Vancouver Whitecaps,3,2,,,False,,False,PayPal Park,471731,
2017-03-12,2017,MLS,True,New York City FC,D.C. United,4,0,,,False,,False,Yankee Stadium,470284,
2017-03-12,2017,MLS,True,Minnesota United FC,Atlanta United FC,1,6,,,False,,False,TCF Bank Stadium,470283,
2017-03-12,2017,MLS,True,LA Galaxy,Portland Timbers,0,1,,,False,,False,Dignity Health Sports Park,471730,
2017-03-18,2017,MLS,True,New York City FC,CF Montréal,1,1,,,False,,False,Yankee Stadium,471727,
2017-03-18,2017,MLS,True,Atlanta United FC,Chicago Fire FC,4,0,,,False,,False,Bobby Dodd Stadium,471729,
2017-03-18,2017,MLS,True,Vancouver Whitecaps,Toronto FC,0,2,,,False,,False,BC Place,471728,
2017-03-18,2017,MLS,True,D.C. United,Columbus Crew,0,2,,,False,,False,RFK Stadium,471725,
2017-03-18,2017,MLS,True,Orlando City SC,Philadelphia Union,2,1,,,False,,False,Inter&Co Stadium,471726,
2017-03-18,2017,MLS,True,FC Dallas,New England Revolution,2,1,,,False,,False,Toyota Stadium,470282,
2017-03-18,2017,MLS,True,Sporting Kansas City,San Jose Earthquakes,2,1,,,False,,False,Children's Mercy Park,471724,
2017-03-18,2017,MLS,True,Colorado Rapids,Minnesota United FC,2,2,,,False,,False,Dick's Sporting Goods Park,471723,
2017-03-18,2017,MLS,True,Real Salt Lake,LA Galaxy,1,2,,,False,,False,America First Field,471722,
2017-03-18,2017,MLS,True,Portland Timbers,Houston Dynamo FC,4,2,,,False,,False,Providence Park,471721,
2017-03-19,2017,MLS,True,Seattle Sounders FC,Red Bull New York,3,1,,,False,,False,Lumen Field,470280,
2017-03-25,2017,MLS,True,New England Revolution,Minnesota United FC,5,2,,,False,,False,Gillette Stadium,471720,
2017-03-25,2017,MLS,True,Red Bull New York,Real Salt Lake,0,0,,,False,,False,Sports Illustrated Stadium,471719,
2017-03-25,2017,MLS,True,Columbus Crew,Portland Timbers,3,2,,,False,,False,Historic Crew Stadium,471718,
2017-03-31,2017,MLS,True,Toronto FC,Sporting Kansas City,0,0,,,False,,False,BMO Field,470281,
2017-03-31,2017,MLS,True,Seattle Sounders FC,Atlanta United FC,0,0,,,False,,False,Lumen Field,471717,
2017-04-01,2017,MLS,True,New York City FC,San Jose Earthquakes,2,1,,,False,,False,Yankee Stadium,471715,
2017-04-01,2017,MLS,True,Chicago Fire FC,CF Montréal,2,2,,,False,,False,SeatGeek Stadium,471714,
2017-04-01,2017,MLS,True,Columbus Crew,Orlando City SC,2,0,,,False,,False,Historic Crew Stadium,471716,
2017-04-01,2017,MLS,True,D.C. United,Philadelphia Union,2,1,,,False,,False,RFK Stadium,471712,
2017-04-01,2017,MLS,True,Minnesota United FC,Real Salt Lake,4,2,,,False,,False,TCF Bank Stadium,471711,
2017-04-01,2017,MLS,True,Houston Dynamo FC,Red Bull New York,4,1,,,False,,False,Shell Energy Stadium,471710,
2017-04-01,2017,MLS,True,Vancouver Whitecaps,LA Galaxy,4,2,,,False,,False,BC Place,471713,
2017-04-02,2017,MLS,True,Portland Timbers,New England Revolution,1,1,,,False,,False,Providence Park,471708,
2017-04-07,2017,MLS,True,LA Galaxy,CF Montréal,2,0,,,False,,False,Dignity Health Sports Park,471707,
2017-04-08,2017,MLS,True,Chicago Fire FC,Columbus Crew,1,0,,,False,,False,SeatGeek Stadium,471703,
2017-04-08,2017,MLS,True,New England Revolution,Houston Dynamo FC,2,0,,,False,,False,Gillette Stadium,471706,
2017-04-08,2017,MLS,True,D.C. United,New York City FC,2,1,,,False,,False,RFK Stadium,471705,
2017-04-08,2017,MLS,True,Philadelphia Union,Portland Timbers,1,3,,,False,,False,Subaru Park,471701,
2017-04-08,2017,MLS,True,Toronto FC,Atlanta United FC,2,2,,,False,,False,BMO Field,471702,
2017-04-08,2017,MLS,True,FC Dallas,Minnesota United FC,2,0,,,False,,False,Toyota Stadium,471700,
2017-04-08,2017,MLS,True,Real Salt Lake,Vancouver Whitecaps,3,0,,,False,,False,America First Field,471704,
2017-04-08,2017,MLS,True,San Jose Earthquakes,Seattle Sounders FC,1,1,,,False,,False,PayPal Park,471699,
2017-04-09,2017,MLS,True,Orlando City SC,Red Bull New York,1,0,,,False,,False,Camping World Stadium,471698,
2017-04-09,2017,MLS,True,Sporting Kansas City,Colorado Rapids,3,1,,,False,,False,Children's Mercy Park,471697,
2017-04-14,2017,MLS,True,Philadelphia Union,New York City FC,0,2,,,False,,False,Subaru Park,471695,
2017-04-14,2017,MLS,True,Vancouver Whitecaps,Seattle Sounders FC,2,1,,,False,,False,BC Place,471696,
2017-04-14,2017,MLS,True,San Jose Earthquakes,FC Dallas,1,1,,,False,,False,PayPal Park,471694,
2017-04-15,2017,MLS,True,CF Montréal,Atlanta United FC,2,1,,,False,,False,Stade Saputo,471690,
2017-04-15,2017,MLS,True,Orlando City SC,LA Galaxy,2,1,,,False,,False,Inter&Co Stadium,471693,
2017-04-15,2017,MLS,True,Chicago Fire FC,New England Revolution,3,0,,,False,,False,SeatGeek Stadium,471692,
2017-04-15,2017,MLS,True,Red Bull New York,D.C. United,2,0,,,False,,False,Sports Illustrated Stadium,471689,
2017-04-15,2017,MLS,True,Columbus Crew,Toronto FC,2,1,,,False,,False,Historic Crew Stadium,471691,
2017-04-15,2017,MLS,True,Houston Dynamo FC,Minnesota United FC,2,2,,,False,,False,Shell Energy Stadium,471688,
2017-04-15,2017,MLS,True,Colorado Rapids,Real Salt Lake,1,2,,,False,,False,Dick's Sporting Goods Park,471687,
2017-04-15,2017,MLS,True,Portland Timbers,Sporting Kansas City,0,1,,,False,,False,Providence Park,471686,
2017-04-19,2017,MLS,True,New England Revolution,San Jose Earthquakes,0,0,,,False,,False,Gillette Stadium,471685,
2017-04-21,2017,MLS,True,Toronto FC,Chicago Fire FC,3,1,,,False,,False,BMO Field,471684,
2017-04-22,2017,MLS,True,Philadelphia Union,CF Montréal,3,3,,,False,,False,Subaru Park,471681,
2017-04-22,2017,MLS,True,Houston Dynamo FC,San Jose Earthquakes,2,0,,,False,,False,Shell Energy Stadium,471683,
2017-04-22,2017,MLS,True,Portland Timbers,Vancouver Whitecaps,2,1,,,False,,False,Providence Park,471682,
2017-04-22,2017,MLS,True,New England Revolution,D.C. United,2,2,,,False,,False,Gillette Stadium,471680,
2017-04-22,2017,MLS,True,Red Bull New York,Columbus Crew,2,0,,,False,,False,Sports Illustrated Stadium,471679,
2017-04-22,2017,MLS,True,FC Dallas,Sporting Kansas City,1,0,,,False,,False,Toyota Stadium,471678,
2017-04-22,2017,MLS,True,Real Salt Lake,Atlanta United FC,1,3,,,False,,False,America First Field,471677,
2017-04-23,2017,MLS,True,New York City FC,Orlando City SC,1,2,,,False,,False,Yankee Stadium,471676,
2017-04-23,2017,MLS,True,LA Galaxy,Seattle Sounders FC,0,3,,,False,,False,Dignity Health Sports Park,471675,
2017-04-23,2017,MLS,True,Minnesota United FC,Colorado Rapids,1,0,,,False,,False,TCF Bank Stadium,471674,
2017-04-28,2017,MLS,True,Toronto FC,Houston Dynamo FC,2,0,,,False,,False,BMO Field,471673,
2017-04-29,2017,MLS,True,CF Montréal,Vancouver Whitecaps,1,2,,,False,,False,Stade Saputo,471671,
2017-04-29,2017,MLS,True,Orlando City SC,Colorado Rapids,2,0,,,False,,False,Inter&Co Stadium,471672,
2017-04-29,2017,MLS,True,Columbus Crew,New York City FC,2,3,,,False,,False,Historic Crew Stadium,471670,
2017-04-29,2017,MLS,True,Red Bull New York,Chicago Fire FC,2,1,,,False,,False,Sports Illustrated Stadium,471669,
2017-04-29,2017,MLS,True,FC Dallas,Portland Timbers,2,2,,,False,,False,Toyota Stadium,471667,
2017-04-29,2017,MLS,True,Minnesota United FC,San Jose Earthquakes,0,1,,,False,,False,TCF Bank Stadium,471668,
2017-04-29,2017,MLS,True,Sporting Kansas City,Real Salt Lake,3,0,,,False,,False,Children's Mercy Park,471666,
2017-04-29,2017,MLS,True,Seattle Sounders FC,New England Revolution,3,3,,,False,,False,Lumen Field,471665,
2017-04-29,2017,MLS,True,LA Galaxy,Philadelphia Union,0,0,,,False,,False,Dignity Health Sports Park,471664,
2017-04-30,2017,MLS,True,Atlanta United FC,D.C. United,1,3,,,False,,False,Bobby Dodd Stadium,471663,
2017-05-03,2017,MLS,True,Toronto FC,Orlando City SC,2,1,,,False,,False,BMO Field,471662,
2017-05-03,2017,MLS,True,Sporting Kansas City,Red Bull New York,2,0,,,False,,False,Children's Mercy Park,471661,
2017-05-05,2017,MLS,True,Colorado Rapids,Vancouver Whitecaps,0,1,,,False,,False,Dick's Sporting Goods Park,471660,
2017-05-06,2017,MLS,True,Seattle Sounders FC,Toronto FC,0,1,,,False,,False,Lumen Field,471659,
2017-05-06,2017,MLS,True,D.C. United,CF Montréal,0,1,,,False,,False,RFK Stadium,471658,
2017-05-06,2017,MLS,True,Philadelphia Union,Red Bull New York,3,0,,,False,,False,Subaru Park,471657,
2017-05-06,2017,MLS,True,Columbus Crew,New England Revolution,2,0,,,False,,False,Historic Crew Stadium,471656,
2017-05-06,2017,MLS,True,Houston Dynamo FC,Orlando City SC,4,0,,,False,,False,Shell Energy Stadium,471655,
2017-05-06,2017,MLS,True,Real Salt Lake,FC Dallas,0,3,,,False,,False,America First Field,471654,
2017-05-06,2017,MLS,True,LA Galaxy,Chicago Fire FC,2,2,,,False,,False,Dignity Health Sports Park,471652,
2017-05-06,2017,MLS,True,San Jose Earthquakes,Portland Timbers,3,0,,,False,,False,PayPal Park,471653,
2017-05-07,2017,MLS,True,Minnesota United FC,Sporting Kansas City,2,0,,,False,,False,TCF Bank Stadium,471651,
2017-05-07,2017,MLS,True,New York City FC,Atlanta United FC,3,1,,,False,,False,Yankee Stadium,471650,
2017-05-10,2017,MLS,True,Columbus Crew,Toronto FC,1,2,,,False,,False,Historic Crew Stadium,471649,
2017-05-12,2017,MLS,True,Houston Dynamo FC,Vancouver Whitecaps,2,1,,,False,,False,Shell Energy Stadium,471648,
2017-05-13,2017,MLS,True,Toronto FC,Minnesota United FC,3,2,,,False,,False,BMO Field,471646,
2017-05-13,2017,MLS,True,Colorado Rapids,San Jose Earthquakes,3,0,,,False,,False,Dick's Sporting Goods Park,471647,
2017-05-13,2017,MLS,True,CF Montréal,Columbus Crew,2,3,,,False,,False,Stade Saputo,471645,
2017-05-13,2017,MLS,True,D.C. United,Philadelphia Union,0,4,,,False,,False,RFK Stadium,471644,
2017-05-13,2017,MLS,True,Orlando City SC,Sporting Kansas City,2,2,,,False,,False,Inter&Co Stadium,471643,
2017-05-13,2017,MLS,True,New England Revolution,Real Salt Lake,4,0,,,False,,False,Gillette Stadium,471642,
2017-05-13,2017,MLS,True,Chicago Fire FC,Seattle Sounders FC,4,1,,,False,,False,SeatGeek Stadium,471641,
2017-05-14,2017,MLS,True,Portland Timbers,Atlanta United FC,1,1,,,False,,False,Providence Park,471640,
2017-05-14,2017,MLS,True,Red Bull New York,LA Galaxy,1,3,,,False,,False,Sports Illustrated Stadium,471639,
2017-05-14,2017,MLS,True,FC Dallas,New York City FC,1,1,,,False,,False,Toyota Stadium,471638,
2017-05-17,2017,MLS,True,Philadelphia Union,Houston Dynamo FC,2,0,,,False,,False,Subaru Park,471637,
2017-05-17,2017,MLS,True,Chicago Fire FC,Colorado Rapids,3,0,,,False,,False,SeatGeek Stadium,471635,
2017-05-17,2017,MLS,True,Sporting Kansas City,Seattle Sounders FC,3,0,,,False,,False,Children's Mercy Park,471636,
2017-05-17,2017,MLS,True,Real Salt Lake,New York City FC,2,1,,,False,,False,America First Field,471634,
2017-05-17,2017,MLS,True,San Jose Earthquakes,Orlando City SC,1,1,,,False,,False,PayPal Park,471633,
2017-05-19,2017,MLS,True,Red Bull New York,Toronto FC,1,1,,,False,,False,Sports Illustrated Stadium,471632,
2017-05-20,2017,MLS,True,CF Montréal,Portland Timbers,4,1,,,False,,False,Stade Saputo,471628,
2017-05-20,2017,MLS,True,D.C. United,Chicago Fire FC,0,1,,,False,,False,RFK Stadium,471631,
2017-05-20,2017,MLS,True,Seattle Sounders FC,Real Salt Lake,1,0,,,False,,False,Lumen Field,471630,
2017-05-20,2017,MLS,True,Atlanta United FC,Houston Dynamo FC,4,1,,,False,,False,Bobby Dodd Stadium,471627,
2017-05-20,2017,MLS,True,Philadelphia Union,Colorado Rapids,2,1,,,False,,False,Subaru Park,471626,
2017-05-20,2017,MLS,True,Vancouver Whitecaps,Sporting Kansas City,2,0,,,False,,False,BC Place,471629,
2017-05-20,2017,MLS,True,FC Dallas,San Jose Earthquakes,0,1,,,False,,False,Toyota Stadium,471625,
2017-05-21,2017,MLS,True,New England Revolution,Columbus Crew,2,1,,,False,,False,Gillette Stadium,471624,
2017-05-21,2017,MLS,True,Minnesota United FC,LA Galaxy,1,2,,,False,,False,TCF Bank Stadium,471623,
2017-05-21,2017,MLS,True,Orlando City SC,New York City FC,0,3,,,False,,False,Inter&Co Stadium,471622,
2017-05-25,2017,MLS,True,Chicago Fire FC,FC Dallas,2,1,,,False,,False,SeatGeek Stadium,471607,
2017-05-26,2017,MLS,True,Toronto FC,Columbus Crew,5,0,,,False,,False,BMO Field,471621,
2017-05-27,2017,MLS,True,Seattle Sounders FC,Portland Timbers,1,0,,,False,,False,Lumen Field,471620,
2017-05-27,2017,MLS,True,Vancouver Whitecaps,D.C. United,0,1,,,False,,False,BC Place,471619,
2017-05-27,2017,MLS,True,Red Bull New York,New England Revolution,2,1,,,False,,False,Sports Illustrated Stadium,471618,
2017-05-27,2017,MLS,True,Colorado Rapids,Sporting Kansas City,1,0,,,False,,False,Dick's Sporting Goods Park,471617,
2017-05-27,2017,MLS,True,Minnesota United FC,Orlando City SC,1,0,,,False,,False,TCF Bank Stadium,471615,
2017-05-27,2017,MLS,True,Real Salt Lake,Philadelphia Union,1,0,,,False,,False,America First Field,471616,
2017-05-27,2017,MLS,True,San Jose Earthquakes,LA Galaxy,2,4,,,False,,False,PayPal Park,471614,
2017-05-28,2017,MLS,True,Atlanta United FC,New York City FC,3,1,,,False,,False,Bobby Dodd Stadium,471613,
2017-05-28,2017,MLS,True,FC Dallas,Houston Dynamo FC,0,0,,,False,,False,Toyota Stadium,471612,
2017-05-31,2017,MLS,True,Columbus Crew,Seattle Sounders FC,3,0,,,False,,False,Historic Crew Stadium,471610,
2017-05-31,2017,MLS,True,New York City FC,New England Revolution,2,2,,,False,,False,Yankee Stadium,471611,
2017-05-31,2017,MLS,True,Orlando City SC,D.C. United,2,0,,,False,,False,Inter&Co Stadium,471609,
2017-05-31,2017,MLS,True,Houston Dynamo FC,Real Salt Lake,5,1,,,False,,False,Shell Energy Stadium,471608,
2017-06-02,2017,MLS,True,Portland Timbers,San Jose Earthquakes,2,0,,,False,,False,Providence Park,471605,
2017-06-03,2017,MLS,True,New York City FC,Philadelphia Union,2,1,,,False,,False,Yankee Stadium,471602,
2017-06-03,2017,MLS,True,Sporting Kansas City,Minnesota United FC,3,0,,,False,,False,Children's Mercy Park,471604,
2017-06-03,2017,MLS,True,Vancouver Whitecaps,Atlanta United FC,3,1,,,False,,False,BC Place,471600,
2017-06-03,2017,MLS,True,D.C. United,LA Galaxy,0,0,,,False,,False,RFK Stadium,471599,
2017-06-03,2017,MLS,True,CF Montréal,Red Bull New York,1,0,,,False,,False,Stade Saputo,471601,
2017-06-03,2017,MLS,True,New England Revolution,Toronto FC,3,0,,,False,,False,Gillette Stadium,471603,
2017-06-03,2017,MLS,True,FC Dallas,Real Salt Lake,6,2,,,False,,False,Toyota Stadium,471598,
2017-06-03,2017,MLS,True,Colorado Rapids,Columbus Crew,2,1,,,False,,False,Dick's Sporting Goods Park,471597,
2017-06-04,2017,MLS,True,Orlando City SC,Chicago Fire FC,0,0,,,False,,False,Inter&Co Stadium,471596,
2017-06-04,2017,MLS,True,Seattle Sounders FC,Houston Dynamo FC,1,0,,,False,,False,Lumen Field,471595,
2017-06-10,2017,MLS,True,Chicago Fire FC,Atlanta United FC,2,0,,,False,,False,SeatGeek Stadium,471594,
2017-06-10,2017,MLS,True,Sporting Kansas City,CF Montréal,1,1,,,False,,False,Children's Mercy Park,471593,
2017-06-10,2017,MLS,True,Portland Timbers,FC Dallas,2,0,,,False,,False,Providence Park,471592,
2017-06-17,2017,MLS,True,New York City FC,Seattle Sounders FC,2,1,,,False,,False,Yankee Stadium,471591,
2017-06-17,2017,MLS,True,Atlanta United FC,Columbus Crew,3,1,,,False,,False,Bobby Dodd Stadium,471587,
2017-06-17,2017,MLS,True,New England Revolution,Chicago Fire FC,1,2,,,False,,False,Gillette Stadium,471586,
2017-06-17,2017,MLS,True,Orlando City SC,CF Montréal,3,3,,,False,,False,Inter&Co Stadium,471590,
2017-06-17,2017,MLS,True,Toronto FC,D.C. United,2,0,,,False,,False,BMO Field,471588,
2017-06-17,2017,MLS,True,San Jose Earthquakes,Sporting Kansas City,0,0,,,False,,False,PayPal Park,471585,
2017-06-17,2017,MLS,True,Colorado Rapids,Portland Timbers,2,1,,,False,,False,Dick's Sporting Goods Park,471581,
2017-06-17,2017,MLS,True,Real Salt Lake,Minnesota United FC,1,0,,,False,,False,America First Field,471584,
2017-06-17,2017,MLS,True,Vancouver Whitecaps,FC Dallas,1,1,,,False,,False,BC Place,471589,
2017-06-17,2017,MLS,True,LA Galaxy,Houston Dynamo FC,2,2,,,False,,False,Dignity Health Sports Park,471583,
2017-06-18,2017,MLS,True,Philadelphia Union,Red Bull New York,0,2,,,False,,False,Subaru Park,471582,
2017-06-21,2017,MLS,True,D.C. United,Atlanta United FC,2,1,,,False,,False,RFK Stadium,471580,
2017-06-21,2017,MLS,True,Minnesota United FC,Portland Timbers,3,2,,,False,,False,TCF Bank Stadium,471579,
2017-06-21,2017,MLS,True,Colorado Rapids,LA Galaxy,1,3,,,False,,False,Dick's Sporting Goods Park,471578,
2017-06-21,2017,MLS,True,Seattle Sounders FC,Orlando City SC,1,1,,,False,,False,Lumen Field,471577,
2017-06-23,2017,MLS,True,Toronto FC,New England Revolution,2,0,,,False,,False,BMO Field,471576,
2017-06-23,2017,MLS,True,Houston Dynamo FC,FC Dallas,1,1,,,False,,False,Shell Energy Stadium,471575,
2017-06-24,2017,MLS,True,Red Bull New York,New York City FC,0,2,,,False,,False,Sports Illustrated Stadium,471574,
2017-06-24,2017,MLS,True,Atlanta United FC,Colorado Rapids,1,0,,,False,,False,Bobby Dodd Stadium,471570,
2017-06-24,2017,MLS,True,Philadelphia Union,D.C. United,1,0,,,False,,False,Subaru Park,471571,
2017-06-24,2017,MLS,True,Columbus Crew,CF Montréal,4,1,,,False,,False,Historic Crew Stadium,471572,
2017-06-24,2017,MLS,True,Minnesota United FC,Vancouver Whitecaps,2,2,,,False,,False,TCF Bank Stadium,471573,
2017-06-24,2017,MLS,True,Chicago Fire FC,Orlando City SC,4,0,,,False,,False,SeatGeek Stadium,471569,
2017-06-24,2017,MLS,True,LA Galaxy,Sporting Kansas City,1,2,,,False,,False,Dignity Health Sports Park,471568,
2017-06-24,2017,MLS,True,San Jose Earthquakes,Real Salt Lake,2,1,,,False,,False,PayPal Park,471567,
2017-06-25,2017,MLS,True,Portland Timbers,Seattle Sounders FC,2,2,,,False,,False,Providence Park,471566,
2017-06-29,2017,MLS,True,New York City FC,Minnesota United FC,3,1,,,False,,False,Yankee Stadium,471565,
2017-06-30,2017,MLS,True,Real Salt Lake,Orlando City SC,0,1,,,False,,False,America First Field,471564,
2017-07-01,2017,MLS,True,CF Montréal,D.C. United,2,0,,,False,,False,Stade Saputo,471561,
2017-07-01,2017,MLS,True,Chicago Fire FC,Vancouver Whitecaps,4,0,,,False,,False,SeatGeek Stadium,471563,
2017-07-01,2017,MLS,True,FC Dallas,Toronto FC,3,1,,,False,,False,Toyota Stadium,471562,
2017-07-01,2017,MLS,True,Sporting Kansas City,Portland Timbers,1,1,,,False,,False,Children's Mercy Park,471560,
2017-07-01,2017,MLS,True,Columbus Crew,Atlanta United FC,0,2,,,False,,False,Historic Crew Stadium,471559,
2017-07-01,2017,MLS,True,Colorado Rapids,Houston Dynamo FC,3,1,,,False,,False,Dick's Sporting Goods Park,471558,
2017-07-01,2017,MLS,True,San Jose Earthquakes,LA Galaxy,2,1,,,False,,False,PayPal Park,471557,
2017-07-02,2017,MLS,True,Philadelphia Union,New England Revolution,3,0,,,False,,False,Subaru Park,471556,
2017-07-04,2017,MLS,True,Atlanta United FC,San Jose Earthquakes,4,2,,,False,,False,Bobby Dodd Stadium,471555,
2017-07-04,2017,MLS,True,Minnesota United FC,Columbus Crew,0,1,,,False,,False,TCF Bank Stadium,471554,
2017-07-04,2017,MLS,True,FC Dallas,D.C. United,4,2,,,False,,False,Toyota Stadium,471553,
2017-07-04,2017,MLS,True,Colorado Rapids,Seattle Sounders FC,1,3,,,False,,False,Dick's Sporting Goods Park,471552,
2017-07-04,2017,MLS,True,LA Galaxy,Real Salt Lake,2,6,,,False,,False,Dignity Health Sports Park,471551,
2017-07-05,2017,MLS,True,New England Revolution,Red Bull New York,2,3,,,False,,False,Gillette Stadium,471547,
2017-07-05,2017,MLS,True,Orlando City SC,Toronto FC,1,3,,,False,,False,Inter&Co Stadium,471550,
2017-07-05,2017,MLS,True,Houston Dynamo FC,CF Montréal,3,1,,,False,,False,Shell Energy Stadium,471548,
2017-07-05,2017,MLS,True,Vancouver Whitecaps,New York City FC,3,2,,,False,,False,BC Place,471549,
2017-07-05,2017,MLS,True,Portland Timbers,Chicago Fire FC,2,2,,,False,,False,Providence Park,471546,
2017-07-06,2017,MLS,True,Sporting Kansas City,Philadelphia Union,1,1,,,False,,False,Children's Mercy Park,471545,
2017-07-19,2017,MLS,True,CF Montréal,Philadelphia Union,2,1,,,False,,False,Stade Saputo,471542,
2017-07-19,2017,MLS,True,New York City FC,Toronto FC,2,2,,,False,,False,Yankee Stadium,471543,
2017-07-19,2017,MLS,True,Red Bull New York,San Jose Earthquakes,5,1,,,False,,False,Sports Illustrated Stadium,471541,
2017-07-19,2017,MLS,True,Minnesota United FC,Houston Dynamo FC,0,0,,,False,,False,TCF Bank Stadium,471540,
2017-07-19,2017,MLS,True,LA Galaxy,Vancouver Whitecaps,0,1,,,False,,False,Dignity Health Sports Park,471544,
2017-07-19,2017,MLS,True,Portland Timbers,Real Salt Lake,1,4,,,False,,False,Providence Park,471539,
2017-07-19,2017,MLS,True,Seattle Sounders FC,D.C. United,4,3,,,False,,False,Lumen Field,471538,
2017-07-21,2017,MLS,True,Orlando City SC,Atlanta United FC,0,1,,,False,,False,Inter&Co Stadium,471537,
2017-07-22,2017,MLS,True,New York City FC,Chicago Fire FC,2,1,,,False,,False,Yankee Stadium,471533,
2017-07-22,2017,MLS,True,Minnesota United FC,Red Bull New York,0,3,,,False,,False,TCF Bank Stadium,471536,
2017-07-22,2017,MLS,True,D.C. United,Houston Dynamo FC,1,3,,,False,,False,RFK Stadium,471532,
2017-07-22,2017,MLS,True,Toronto FC,Colorado Rapids,1,1,,,False,,False,BMO Field,471534,
2017-07-22,2017,MLS,True,CF Montréal,FC Dallas,1,2,,,False,,False,Stade Saputo,471535,
2017-07-22,2017,MLS,True,Columbus Crew,Philadelphia Union,1,0,,,False,,False,Historic Crew Stadium,471531,
2017-07-22,2017,MLS,True,New England Revolution,LA Galaxy,4,3,,,False,,False,Gillette Stadium,471530,
2017-07-22,2017,MLS,True,Real Salt Lake,Sporting Kansas City,1,1,,,False,,False,America First Field,471529,
2017-07-23,2017,MLS,True,Vancouver Whitecaps,Portland Timbers,1,2,,,False,,False,BC Place,471528,
2017-07-23,2017,MLS,True,Seattle Sounders FC,San Jose Earthquakes,3,0,,,False,,False,Lumen Field,471527,
2017-07-26,2017,MLS,True,Philadelphia Union,Columbus Crew,3,0,,,False,,False,Subaru Park,471526,
2017-07-29,2017,MLS,True,Atlanta United FC,Orlando City SC,1,1,,,False,,False,Bobby Dodd Stadium,471515,
2017-07-29,2017,MLS,True,New England Revolution,Philadelphia Union,3,0,,,False,,False,Gillette Stadium,471522,
2017-07-29,2017,MLS,True,Red Bull New York,CF Montréal,4,0,,,False,,False,Sports Illustrated Stadium,471523,
2017-07-29,2017,MLS,True,FC Dallas,Vancouver Whitecaps,0,4,,,False,,False,Toyota Stadium,471525,
2017-07-29,2017,MLS,True,Houston Dynamo FC,Portland Timbers,2,2,,,False,,False,Shell Energy Stadium,471519,
2017-07-29,2017,MLS,True,Minnesota United FC,D.C. United,4,0,,,False,,False,TCF Bank Stadium,471521,
2017-07-29,2017,MLS,True,Real Salt Lake,Columbus Crew,2,2,,,False,,False,America First Field,471518,
2017-07-29,2017,MLS,True,San Jose Earthquakes,Colorado Rapids,1,0,,,False,,False,PayPal Park,471517,
2017-07-29,2017,MLS,True,Sporting Kansas City,Chicago Fire FC,3,2,,,False,,False,Children's Mercy Park,471520,
2017-07-29,2017,MLS,True,LA Galaxy,Seattle Sounders FC,0,0,,,False,,False,Dignity Health Sports Park,471524,
2017-07-30,2017,MLS,True,Toronto FC,New York City FC,4,0,,,False,,False,BMO Field,471516,
2017-08-02,2017,MLS,True,MLS All-Stars,Real Madrid,1,1,2.0,4.0,True,Real Madrid,False,Soldier Field,478652,
2017-08-05,2017,MLS,True,D.C. United,Toronto FC,1,1,,,False,,False,RFK Stadium,471513,
2017-08-05,2017,MLS,True,Philadelphia Union,FC Dallas,3,1,,,False,,False,Subaru Park,471511,
2017-08-05,2017,MLS,True,CF Montréal,Orlando City SC,2,1,,,False,,False,Stade Saputo,471512,
2017-08-05,2017,MLS,True,Minnesota United FC,Seattle Sounders FC,0,4,,,False,,False,TCF Bank Stadium,471510,
2017-08-05,2017,MLS,True,Chicago Fire FC,New England Revolution,4,1,,,False,,False,SeatGeek Stadium,471509,
2017-08-05,2017,MLS,True,Colorado Rapids,Vancouver Whitecaps,2,2,,,False,,False,Dick's Sporting Goods Park,471514,
2017-08-05,2017,MLS,True,Real Salt Lake,Houston Dynamo FC,0,0,,,False,,False,America First Field,471508,
2017-08-05,2017,MLS,True,San Jose Earthquakes,Columbus Crew,2,1,,,False,,False,PayPal Park,471507,
2017-08-06,2017,MLS,True,Portland Timbers,LA Galaxy,3,1,,,False,,False,Providence Park,471506,
2017-08-06,2017,MLS,True,New York City FC,Red Bull New York,3,2,,,False,,False,Yankee Stadium,471505,
2017-08-06,2017,MLS,True,Sporting Kansas City,Atlanta United FC,1,1,,,False,,False,Children's Mercy Park,471504,
2017-08-12,2017,MLS,True,Seattle Sounders FC,Sporting Kansas City,1,0,,,False,,False,Lumen Field,471503,
2017-08-12,2017,MLS,True,Toronto FC,Portland Timbers,4,1,,,False,,False,BMO Field,471501,
2017-08-12,2017,MLS,True,Columbus Crew,Chicago Fire FC,3,1,,,False,,False,Historic Crew Stadium,471497,
2017-08-12,2017,MLS,True,Red Bull New York,Orlando City SC,3,1,,,False,,False,Sports Illustrated Stadium,471498,
2017-08-12,2017,MLS,True,FC Dallas,Colorado Rapids,0,0,,,False,,False,Toyota Stadium,471496,
2017-08-12,2017,MLS,True,New England Revolution,Vancouver Whitecaps,1,0,,,False,,False,Gillette Stadium,471502,
2017-08-12,2017,MLS,True,Philadelphia Union,CF Montréal,0,3,,,False,,False,Subaru Park,471500,
2017-08-12,2017,MLS,True,Houston Dynamo FC,San Jose Earthquakes,3,0,,,False,,False,Shell Energy Stadium,471495,
2017-08-12,2017,MLS,True,LA Galaxy,New York City FC,0,2,,,False,,False,Dignity Health Sports Park,471493,
2017-08-13,2017,MLS,True,D.C. United,Real Salt Lake,0,1,,,False,,False,RFK Stadium,471499,
2017-08-16,2017,MLS,True,CF Montréal,Chicago Fire FC,3,0,,,False,,False,Stade Saputo,471492,
2017-08-18,2017,MLS,True,Portland Timbers,Red Bull New York,2,0,,,False,,False,Providence Park,471482,
2017-08-19,2017,MLS,True,CF Montréal,Real Salt Lake,3,1,,,False,,False,Stade Saputo,471489,
2017-08-19,2017,MLS,True,Orlando City SC,Columbus Crew,1,1,,,False,,False,Inter&Co Stadium,471486,
2017-08-19,2017,MLS,True,Chicago Fire FC,Toronto FC,1,3,,,False,,False,SeatGeek Stadium,471490,
2017-08-19,2017,MLS,True,Sporting Kansas City,FC Dallas,2,0,,,False,,False,Children's Mercy Park,471485,
2017-08-19,2017,MLS,True,Colorado Rapids,D.C. United,0,1,,,False,,False,Dick's Sporting Goods Park,471484,
2017-08-19,2017,MLS,True,Vancouver Whitecaps,Houston Dynamo FC,2,1,,,False,,False,BC Place,471487,
2017-08-19,2017,MLS,True,San Jose Earthquakes,Philadelphia Union,2,2,,,False,,False,PayPal Park,471483,
2017-08-20,2017,MLS,True,New York City FC,New England Revolution,2,1,,,False,,False,Yankee Stadium,471488,
2017-08-20,2017,MLS,True,Seattle Sounders FC,Minnesota United FC,2,1,,,False,,False,Lumen Field,471481,
2017-08-23,2017,MLS,True,Columbus Crew,LA Galaxy,2,0,,,False,,False,Historic Crew Stadium,471478,
2017-08-23,2017,MLS,True,D.C. United,Atlanta United FC,1,0,,,False,,False,RFK Stadium,471477,
2017-08-23,2017,MLS,True,FC Dallas,Houston Dynamo FC,3,3,,,False,,False,Toyota Stadium,471476,
2017-08-23,2017,MLS,True,Toronto FC,Philadelphia Union,3,0,,,False,,False,BMO Field,471479,
2017-08-23,2017,MLS,True,Real Salt Lake,San Jose Earthquakes,4,0,,,False,,False,America First Field,471475,
2017-08-23,2017,MLS,True,Vancouver Whitecaps,Seattle Sounders FC,1,1,,,False,,False,BC Place,471480,
2017-08-23,2017,MLS,True,Portland Timbers,Colorado Rapids,2,1,,,False,,False,Providence Park,471474,
2017-08-25,2017,MLS,True,Red Bull New York,New York City FC,1,1,,,False,,False,Sports Illustrated Stadium,471473,
2017-08-26,2017,MLS,True,D.C. United,New England Revolution,1,0,,,False,,False,RFK Stadium,471471,
2017-08-26,2017,MLS,True,Philadelphia Union,Atlanta United FC,2,2,,,False,,False,Subaru Park,471470,
2017-08-26,2017,MLS,True,Columbus Crew,FC Dallas,2,1,,,False,,False,Historic Crew Stadium,471469,
2017-08-26,2017,MLS,True,Orlando City SC,Vancouver Whitecaps,1,2,,,False,,False,Inter&Co Stadium,471472,
2017-08-26,2017,MLS,True,Chicago Fire FC,Minnesota United FC,1,2,,,False,,False,SeatGeek Stadium,471468,
2017-08-26,2017,MLS,True,Real Salt Lake,Colorado Rapids,4,1,,,False,,False,America First Field,471466,
2017-08-27,2017,MLS,True,CF Montréal,Toronto FC,1,3,,,False,,False,Stade Saputo,471465,
2017-08-27,2017,MLS,True,LA Galaxy,San Jose Earthquakes,0,3,,,False,,False,Dignity Health Sports Park,471464,
2017-08-27,2017,MLS,True,Seattle Sounders FC,Portland Timbers,1,1,,,False,,False,Lumen Field,471463,
2017-09-02,2017,MLS,True,CF Montréal,Chicago Fire FC,0,1,,,False,,False,Stade Saputo,471461,
2017-09-02,2017,MLS,True,New England Revolution,Orlando City SC,4,0,,,False,,False,Gillette Stadium,470289,
2017-09-02,2017,MLS,True,FC Dallas,Red Bull New York,2,2,,,False,,False,Toyota Stadium,471462,
2017-09-02,2017,MLS,True,LA Galaxy,Colorado Rapids,3,0,,,False,,False,Dignity Health Sports Park,471606,
2017-09-06,2017,MLS,True,New York City FC,Sporting Kansas City,1,0,,,False,,False,Yankee Stadium,471460,
2017-09-09,2017,MLS,True,Chicago Fire FC,Red Bull New York,1,1,,,False,,False,SeatGeek Stadium,471459,
2017-09-09,2017,MLS,True,Toronto FC,San Jose Earthquakes,4,0,,,False,,False,BMO Field,471458,
2017-09-09,2017,MLS,True,New York City FC,Portland Timbers,0,1,,,False,,False,Yankee Stadium,471456,
2017-09-09,2017,MLS,True,D.C. United,Orlando City SC,1,2,,,False,,False,RFK Stadium,471454,
2017-09-09,2017,MLS,True,New England Revolution,CF Montréal,1,0,,,False,,False,Gillette Stadium,471455,
2017-09-09,2017,MLS,True,Minnesota United FC,Philadelphia Union,1,1,,,False,,False,TCF Bank Stadium,471452,
2017-09-09,2017,MLS,True,Houston Dynamo FC,Colorado Rapids,0,1,,,False,,False,Shell Energy Stadium,471451,
2017-09-09,2017,MLS,True,Vancouver Whitecaps,Real Salt Lake,3,2,,,False,,False,BC Place,471457,
2017-09-10,2017,MLS,True,Columbus Crew,Sporting Kansas City,1,1,,,False,,False,Historic Crew Stadium,471450,
2017-09-10,2017,MLS,True,Atlanta United FC,FC Dallas,3,0,,,False,,False,Mercedes-Benz Stadium,471453,
2017-09-10,2017,MLS,True,Seattle Sounders FC,LA Galaxy,1,1,,,False,,False,Lumen Field,471449,
2017-09-13,2017,MLS,True,Atlanta United FC,New England Revolution,7,0,,,False,,False,Mercedes-Benz Stadium,471447,
2017-09-13,2017,MLS,True,Vancouver Whitecaps,Minnesota United FC,3,0,,,False,,False,BC Place,471448,
2017-09-16,2017,MLS,True,Atlanta United FC,Orlando City SC,3,3,,,False,,False,Mercedes-Benz Stadium,471446,
2017-09-16,2017,MLS,True,Vancouver Whitecaps,Columbus Crew,2,2,,,False,,False,BC Place,471443,
2017-09-16,2017,MLS,True,CF Montréal,Minnesota United FC,2,3,,,False,,False,Stade Saputo,471444,
2017-09-16,2017,MLS,True,FC Dallas,Seattle Sounders FC,0,0,,,False,,False,Toyota Stadium,471442,
2017-09-16,2017,MLS,True,Chicago Fire FC,D.C. United,3,0,,,False,,False,SeatGeek Stadium,471440,
2017-09-16,2017,MLS,True,Sporting Kansas City,New England Revolution,3,1,,,False,,False,Children's Mercy Park,471441,
2017-09-16,2017,MLS,True,Colorado Rapids,New York City FC,1,1,,,False,,False,Dick's Sporting Goods Park,471439,
2017-09-16,2017,MLS,True,Real Salt Lake,Portland Timbers,2,1,,,False,,False,America First Field,471438,
2017-09-16,2017,MLS,True,LA Galaxy,Toronto FC,0,4,,,False,,False,Dignity Health Sports Park,471445,
2017-09-16,2017,MLS,True,San Jose Earthquakes,Houston Dynamo FC,1,0,,,False,,False,PayPal Park,471437,
2017-09-17,2017,MLS,True,Red Bull New York,Philadelphia Union,0,0,,,False,,False,Sports Illustrated Stadium,471436,
2017-09-20,2017,MLS,True,Atlanta United FC,LA Galaxy,4,0,,,False,,False,Mercedes-Benz Stadium,471491,
2017-09-20,2017,MLS,True,Toronto FC,CF Montréal,3,5,,,False,,False,BMO Field,471435,
2017-09-23,2017,MLS,True,New York City FC,Houston Dynamo FC,1,1,,,False,,False,Pratt & Whitney Stadium at Rentschler Field,471434,
2017-09-23,2017,MLS,True,New England Revolution,Toronto FC,2,1,,,False,,False,Gillette Stadium,471433,
2017-09-23,2017,MLS,True,D.C. United,San Jose Earthquakes,4,0,,,False,,False,RFK Stadium,471430,
2017-09-23,2017,MLS,True,Philadelphia Union,Chicago Fire FC,3,1,,,False,,False,Subaru Park,471429,
2017-09-23,2017,MLS,True,Columbus Crew,Red Bull New York,3,2,,,False,,False,Historic Crew Stadium,471428,
2017-09-23,2017,MLS,True,Minnesota United FC,FC Dallas,4,1,,,False,,False,TCF Bank Stadium,471427,
2017-09-23,2017,MLS,True,Real Salt Lake,Seattle Sounders FC,2,0,,,False,,False,America First Field,471426,
2017-09-23,2017,MLS,True,Vancouver Whitecaps,Colorado Rapids,2,1,,,False,,False,BC Place,471431,
2017-09-24,2017,MLS,True,Sporting Kansas City,LA Galaxy,2,1,,,False,,False,Children's Mercy Park,471425,
2017-09-24,2017,MLS,True,Atlanta United FC,CF Montréal,2,0,,,False,,False,Mercedes-Benz Stadium,471432,
2017-09-24,2017,MLS,True,Portland Timbers,Orlando City SC,3,0,,,False,,False,Providence Park,471424,
2017-09-27,2017,MLS,True,Atlanta United FC,Philadelphia Union,3,0,,,False,,False,Mercedes-Benz Stadium,471421,
2017-09-27,2017,MLS,True,CF Montréal,New York City FC,0,1,,,False,,False,Stade Saputo,471422,
2017-09-27,2017,MLS,True,Orlando City SC,New England Revolution,6,1,,,False,,False,Inter&Co Stadium,471420,
2017-09-27,2017,MLS,True,Red Bull New York,D.C. United,3,3,,,False,,False,Sports Illustrated Stadium,471419,
2017-09-27,2017,MLS,True,FC Dallas,Colorado Rapids,2,0,,,False,,False,Toyota Stadium,471418,
2017-09-27,2017,MLS,True,Houston Dynamo FC,LA Galaxy,3,3,,,False,,False,Shell Energy Stadium,471417,
2017-09-27,2017,MLS,True,San Jose Earthquakes,Chicago Fire FC,1,4,,,False,,False,PayPal Park,471416,
2017-09-27,2017,MLS,True,Seattle Sounders FC,Vancouver Whitecaps,3,0,,,False,,False,Lumen Field,471423,
2017-09-30,2017,MLS,True,Orlando City SC,FC Dallas,0,0,,,False,,False,Inter&Co Stadium,471415,
2017-09-30,2017,MLS,True,Toronto FC,Red Bull New York,4,2,,,False,,False,BMO Field,471413,
2017-09-30,2017,MLS,True,Columbus Crew,D.C. United,2,0,,,False,,False,Historic Crew Stadium,471411,
2017-09-30,2017,MLS,True,New England Revolution,Atlanta United FC,0,0,,,False,,False,Gillette Stadium,471410,
2017-09-30,2017,MLS,True,Chicago Fire FC,New York City FC,1,1,,,False,,False,SeatGeek Stadium,471409,
2017-09-30,2017,MLS,True,Houston Dynamo FC,Minnesota United FC,2,1,,,False,,False,Shell Energy Stadium,471408,
2017-09-30,2017,MLS,True,Colorado Rapids,CF Montréal,2,1,,,False,,False,Dick's Sporting Goods Park,471412,
2017-09-30,2017,MLS,True,Sporting Kansas City,Vancouver Whitecaps,0,1,,,False,,False,Children's Mercy Park,471414,
2017-09-30,2017,MLS,True,LA Galaxy,Real Salt Lake,1,1,,,False,,False,Dignity Health Sports Park,471407,
2017-09-30,2017,MLS,True,San Jose Earthquakes,Portland Timbers,2,1,,,False,,False,PayPal Park,471406,
2017-10-01,2017,MLS,True,Philadelphia Union,Seattle Sounders FC,2,0,,,False,,False,Subaru Park,471405,
2017-10-03,2017,MLS,True,Atlanta United FC,Minnesota United FC,2,3,,,False,,False,Mercedes-Benz Stadium,471494,
2017-10-07,2017,MLS,True,Red Bull New York,Vancouver Whitecaps,3,0,,,False,,False,Sports Illustrated Stadium,471404,
2017-10-07,2017,MLS,True,Minnesota United FC,Sporting Kansas City,1,1,,,False,,False,TCF Bank Stadium,471403,
2017-10-07,2017,MLS,True,Colorado Rapids,FC Dallas,1,1,,,False,,False,Dick's Sporting Goods Park,471709,
2017-10-11,2017,MLS,True,Houston Dynamo FC,Sporting Kansas City,2,1,,,False,,False,Shell Energy Stadium,471467,
2017-10-15,2017,MLS,True,Chicago Fire FC,Philadelphia Union,3,2,,,False,,False,SeatGeek Stadium,471402,
2017-10-15,2017,MLS,True,New England Revolution,New York City FC,2,1,,,False,,False,Gillette Stadium,471401,
2017-10-15,2017,MLS,True,Orlando City SC,Columbus Crew,0,1,,,False,,False,Inter&Co Stadium,471399,
2017-10-15,2017,MLS,True,Red Bull New York,Atlanta United FC,0,0,,,False,,False,Sports Illustrated Stadium,471398,
2017-10-15,2017,MLS,True,Toronto FC,CF Montréal,1,0,,,False,,False,BMO Field,471400,
2017-10-15,2017,MLS,True,Colorado Rapids,Real Salt Lake,1,0,,,False,,False,Dick's Sporting Goods Park,471396,
2017-10-15,2017,MLS,True,LA Galaxy,Minnesota United FC,3,0,,,False,,False,Dignity Health Sports Park,471395,
2017-10-15,2017,MLS,True,Portland Timbers,D.C. United,4,0,,,False,,False,Providence Park,471392,
2017-10-15,2017,MLS,True,Seattle Sounders FC,FC Dallas,4,0,,,False,,False,Lumen Field,471393,
2017-10-15,2017,MLS,True,Sporting Kansas City,Houston Dynamo FC,0,0,,,False,,False,Children's Mercy Park,471394,
2017-10-15,2017,MLS,True,Vancouver Whitecaps,San Jose Earthquakes,1,1,,,False,,False,BC Place,471397,
2017-10-22,2017,MLS,True,Atlanta United FC,Toronto FC,2,2,,,False,,False,Mercedes-Benz Stadium,471390,
2017-10-22,2017,MLS,True,CF Montréal,New England Revolution,2,3,,,False,,False,Stade Saputo,471386,
2017-10-22,2017,MLS,True,D.C. United,Red Bull New York,1,2,,,False,,False,RFK Stadium,471387,
2017-10-22,2017,MLS,True,FC Dallas,LA Galaxy,5,1,,,False,,False,Toyota Stadium,471384,
2017-10-22,2017,MLS,True,Houston Dynamo FC,Chicago Fire FC,3,0,,,False,,False,Shell Energy Stadium,471381,
2017-10-22,2017,MLS,True,New York City FC,Columbus Crew,2,2,,,False,,False,Citi Field,471383,
2017-10-22,2017,MLS,True,Philadelphia Union,Orlando City SC,6,1,,,False,,False,Subaru Park,471388,
2017-10-22,2017,MLS,True,Portland Timbers,Vancouver Whitecaps,2,1,,,False,,False,Providence Park,471391,
2017-10-22,2017,MLS,True,Real Salt Lake,Sporting Kansas City,2,1,,,False,,False,America First Field,471389,
2017-10-22,2017,MLS,True,San Jose Earthquakes,Minnesota United FC,3,2,,,False,,False,PayPal Park,471385,
2017-10-22,2017,MLS,True,Seattle Sounders FC,Colorado Rapids,3,0,,,False,,False,Lumen Field,471382,
2017-10-25,2017,MLS,True,Chicago Fire FC,Red Bull New York,0,4,,,False,,False,SeatGeek Stadium,497924,
2017-10-25,2017,MLS,True,Vancouver Whitecaps,San Jose Earthquakes,5,0,,,False,,False,BC Place,497921,
2017-10-26,2017,MLS,True,Atlanta United FC,Columbus Crew,0,0,1.0,3.0,True,Columbus Crew,False,Mercedes-Benz Stadium,497923,
2017-10-26,2017,MLS,True,Houston Dynamo FC,Sporting Kansas City,1,0,,,False,,False,Shell Energy Stadium,497925,
2017-10-29,2017,MLS,True,Vancouver Whitecaps,Seattle Sounders FC,0,0,,,False,,False,BC Place,498024,
2017-10-30,2017,MLS,True,Red Bull New York,Toronto FC,1,2,,,False,,False,Sports Illustrated Stadium,498043,
2017-10-30,2017,MLS,True,Houston Dynamo FC,Portland Timbers,0,0,,,False,,False,Shell Energy Stadium,498050,
2017-10-31,2017,MLS,True,Columbus Crew,New York City FC,4,1,,,False,,False,Historic Crew Stadium,498049,
2017-11-02,2017,MLS,True,Seattle Sounders FC,Vancouver Whitecaps,2,0,,,False,,False,Lumen Field,498023,
2017-11-05,2017,MLS,True,Toronto FC,Red Bull New York,0,1,,,False,,False,BMO Field,498044,
2017-11-05,2017,MLS,True,New York City FC,Columbus Crew,2,0,,,False,,False,Yankee Stadium,498045,
2017-11-05,2017,MLS,True,Portland Timbers,Houston Dynamo FC,1,2,,,False,,False,Providence Park,498046,
2017-11-21,2017,MLS,True,Columbus Crew,Toronto FC,0,0,,,False,,False,Historic Crew Stadium,498325,
2017-11-21,2017,MLS,True,Houston Dynamo FC,Seattle Sounders FC,0,2,,,False,,False,Shell Energy Stadium,498324,
2017-11-29,2017,MLS,True,Toronto FC,Columbus Crew,1,0,,,False,,False,BMO Field,498323,
2017-11-30,2017,MLS,True,Seattle Sounders FC,Houston Dynamo FC,3,0,,,False,,False,Lumen Field,498322,
2017-12-09,2017,MLS,True,Toronto FC,Seattle Sounders FC,2,0,,,False,,False,BMO Field,498370,
2018-03-03,2018,MLS,True,Toronto FC,Columbus Crew,0,2,,,False,,False,BMO Field,502745,
2018-03-03,2018,MLS,True,Houston Dynamo FC,Atlanta United FC,4,0,,,False,,False,Shell Energy Stadium,502744,
2018-03-03,2018,MLS,True,Philadelphia Union,New England Revolution,2,0,,,False,,False,Subaru Park,502746,
2018-03-03,2018,MLS,True,Orlando City SC,D.C. United,1,1,,,False,,False,Inter&Co Stadium,502743,
2018-03-03,2018,MLS,True,FC Dallas,Real Salt Lake,1,1,,,False,,False,Toyota Stadium,502742,
2018-03-03,2018,MLS,True,San Jose Earthquakes,Minnesota United FC,3,2,,,False,,False,PayPal Park,502741,
2018-03-04,2018,MLS,True,Seattle Sounders FC,LAFC,0,1,,,False,,False,Lumen Field,502740,
2018-03-04,2018,MLS,True,Vancouver Whitecaps,CF Montréal,2,1,,,False,,False,BC Place,502739,
2018-03-04,2018,MLS,True,Sporting Kansas City,New York City FC,0,2,,,False,,False,Children's Mercy Park,502738,
2018-03-04,2018,MLS,True,LA Galaxy,Portland Timbers,2,1,,,False,,False,Dignity Health Sports Park,502737,
2018-03-10,2018,MLS,True,Columbus Crew,CF Montréal,3,2,,,False,,False,Historic Crew Stadium,502736,
2018-03-10,2018,MLS,True,New England Revolution,Colorado Rapids,2,1,,,False,,False,Gillette Stadium,502735,
2018-03-10,2018,MLS,True,Real Salt Lake,LAFC,1,5,,,False,,False,America First Field,502734,
2018-03-10,2018,MLS,True,Chicago Fire FC,Sporting Kansas City,3,4,,,False,,False,SeatGeek Stadium,502733,
2018-03-10,2018,MLS,True,Houston Dynamo FC,Vancouver Whitecaps,1,2,,,False,,False,Shell Energy Stadium,502732,
2018-03-10,2018,MLS,True,Red Bull New York,Portland Timbers,4,0,,,False,,False,Sports Illustrated Stadium,502731,
2018-03-10,2018,MLS,True,Orlando City SC,Minnesota United FC,1,2,,,False,,False,Inter&Co Stadium,502730,
2018-03-11,2018,MLS,True,Atlanta United FC,D.C. United,3,1,,,False,,False,Mercedes-Benz Stadium,502729,
2018-03-11,2018,MLS,True,New York City FC,LA Galaxy,2,1,,,False,,False,Yankee Stadium,502728,
2018-03-17,2018,MLS,True,D.C. United,Houston Dynamo FC,2,2,,,False,,False,Maryland SoccerPlex,502727,
2018-03-17,2018,MLS,True,Minnesota United FC,Chicago Fire FC,2,1,,,False,,False,TCF Bank Stadium,502725,
2018-03-17,2018,MLS,True,Philadelphia Union,Columbus Crew,0,0,,,False,,False,Subaru Park,502726,
2018-03-17,2018,MLS,True,CF Montréal,Toronto FC,1,0,,,False,,False,Stade Olympique (Montreal),502724,
2018-03-17,2018,MLS,True,New York City FC,Orlando City SC,2,0,,,False,,False,Yankee Stadium,502723,
2018-03-17,2018,MLS,True,Atlanta United FC,Vancouver Whitecaps,4,1,,,False,,False,Mercedes-Benz Stadium,502722,
2018-03-17,2018,MLS,True,Sporting Kansas City,San Jose Earthquakes,3,2,,,False,,False,Children's Mercy Park,502721,
2018-03-17,2018,MLS,True,Real Salt Lake,Red Bull New York,1,0,,,False,,False,America First Field,502720,
2018-03-18,2018,MLS,True,FC Dallas,Seattle Sounders FC,3,0,,,False,,False,Toyota Stadium,502719,
2018-03-24,2018,MLS,True,New England Revolution,New York City FC,2,2,,,False,,False,Gillette Stadium,502718,
2018-03-24,2018,MLS,True,FC Dallas,Portland Timbers,1,1,,,False,,False,Toyota Stadium,502717,
2018-03-24,2018,MLS,True,Columbus Crew,D.C. United,3,1,,,False,,False,Historic Crew Stadium,502716,
2018-03-24,2018,MLS,True,Red Bull New York,Minnesota United FC,3,0,,,False,,False,Sports Illustrated Stadium,502715,
2018-03-24,2018,MLS,True,Colorado Rapids,Sporting Kansas City,2,2,,,False,,False,Dick's Sporting Goods Park,502714,
2018-03-24,2018,MLS,True,Vancouver Whitecaps,LA Galaxy,0,0,,,False,,False,BC Place,502713,
2018-03-30,2018,MLS,True,Toronto FC,Real Salt Lake,3,1,,,False,,False,BMO Field,502712,
2018-03-31,2018,MLS,True,Orlando City SC,Red Bull New York,4,3,,,False,,False,Inter&Co Stadium,502709,
2018-03-31,2018,MLS,True,Columbus Crew,Vancouver Whitecaps,1,2,,,False,,False,Historic Crew Stadium,502711,
2018-03-31,2018,MLS,True,LA Galaxy,LAFC,4,3,,,False,,False,Dignity Health Sports Park,502710,
2018-03-31,2018,MLS,True,Chicago Fire FC,Portland Timbers,2,2,,,False,,False,SeatGeek Stadium,502708,
2018-03-31,2018,MLS,True,Minnesota United FC,Atlanta United FC,0,1,,,False,,False,TCF Bank Stadium,502702,
2018-03-31,2018,MLS,True,San Jose Earthquakes,New York City FC,1,2,,,False,,False,PayPal Park,502704,
2018-03-31,2018,MLS,True,Houston Dynamo FC,New England Revolution,0,2,,,False,,False,Shell Energy Stadium,502707,
2018-03-31,2018,MLS,True,Sporting Kansas City,D.C. United,1,0,,,False,,False,Children's Mercy Park,502706,
2018-03-31,2018,MLS,True,Colorado Rapids,Philadelphia Union,3,0,,,False,,False,Dick's Sporting Goods Park,502705,
2018-03-31,2018,MLS,True,Seattle Sounders FC,CF Montréal,0,1,,,False,,False,Lumen Field,502703,
2018-04-06,2018,MLS,True,New England Revolution,CF Montréal,4,0,,,False,,False,Gillette Stadium,502701,
2018-04-07,2018,MLS,True,Atlanta United FC,LAFC,5,0,,,False,,False,Mercedes-Benz Stadium,502698,
2018-04-07,2018,MLS,True,Philadelphia Union,San Jose Earthquakes,1,1,,,False,,False,Subaru Park,502700,
2018-04-07,2018,MLS,True,FC Dallas,Colorado Rapids,1,1,,,False,,False,Toyota Stadium,502696,
2018-04-07,2018,MLS,True,Chicago Fire FC,Columbus Crew,1,0,,,False,,False,SeatGeek Stadium,502695,
2018-04-07,2018,MLS,True,Real Salt Lake,Vancouver Whitecaps,2,1,,,False,,False,America First Field,502694,
2018-04-08,2018,MLS,True,Orlando City SC,Portland Timbers,3,2,,,False,,False,Inter&Co Stadium,502693,
2018-04-08,2018,MLS,True,LA Galaxy,Sporting Kansas City,0,2,,,False,,False,Dignity Health Sports Park,502692,
2018-04-11,2018,MLS,True,New York City FC,Real Salt Lake,4,0,,,False,,False,Yankee Stadium,502691,
2018-04-13,2018,MLS,True,Philadelphia Union,Orlando City SC,0,2,,,False,,False,Subaru Park,502690,
2018-04-13,2018,MLS,True,Vancouver Whitecaps,LAFC,0,2,,,False,,False,BC Place,502689,
2018-04-14,2018,MLS,True,Red Bull New York,CF Montréal,3,1,,,False,,False,Sports Illustrated Stadium,502688,
2018-04-14,2018,MLS,True,Colorado Rapids,Toronto FC,2,0,,,False,,False,Dick's Sporting Goods Park,502687,
2018-04-14,2018,MLS,True,Chicago Fire FC,LA Galaxy,0,1,,,False,,False,SeatGeek Stadium,502686,
2018-04-14,2018,MLS,True,D.C. United,Columbus Crew,1,0,,,False,,False,Navy-Marine Corps Memorial Stadium,502685,
2018-04-14,2018,MLS,True,New England Revolution,FC Dallas,0,1,,,False,,False,Gillette Stadium,502684,
2018-04-14,2018,MLS,True,Portland Timbers,Minnesota United FC,3,2,,,False,,False,Providence Park,502683,
2018-04-14,2018,MLS,True,San Jose Earthquakes,Houston Dynamo FC,2,2,,,False,,False,PayPal Park,502682,
2018-04-15,2018,MLS,True,Sporting Kansas City,Seattle Sounders FC,2,2,,,False,,False,Children's Mercy Park,502681,
2018-04-15,2018,MLS,True,Atlanta United FC,New York City FC,2,2,,,False,,False,Mercedes-Benz Stadium,502680,
2018-04-20,2018,MLS,True,Sporting Kansas City,Vancouver Whitecaps,6,0,,,False,,False,Children's Mercy Park,502679,
2018-04-21,2018,MLS,True,CF Montréal,LAFC,3,5,,,False,,False,Stade Saputo,502678,
2018-04-21,2018,MLS,True,Houston Dynamo FC,Toronto FC,5,1,,,False,,False,Shell Energy Stadium,502676,
2018-04-21,2018,MLS,True,Red Bull New York,Chicago Fire FC,1,2,,,False,,False,Sports Illustrated Stadium,502677,
2018-04-21,2018,MLS,True,Columbus Crew,New England Revolution,2,2,,,False,,False,Historic Crew Stadium,502674,
2018-04-21,2018,MLS,True,Orlando City SC,San Jose Earthquakes,3,2,,,False,,False,Inter&Co Stadium,502675,
2018-04-21,2018,MLS,True,FC Dallas,Philadelphia Union,2,0,,,False,,False,Toyota Stadium,502673,
2018-04-21,2018,MLS,True,Real Salt Lake,Colorado Rapids,3,0,,,False,,False,America First Field,502672,
2018-04-21,2018,MLS,True,LA Galaxy,Atlanta United FC,0,2,,,False,,False,Dignity Health Sports Park,502671,
2018-04-22,2018,MLS,True,Seattle Sounders FC,Minnesota United FC,3,1,,,False,,False,Lumen Field,502670,
2018-04-22,2018,MLS,True,Portland Timbers,New York City FC,3,0,,,False,,False,Providence Park,502669,
2018-04-27,2018,MLS,True,Vancouver Whitecaps,Real Salt Lake,2,0,,,False,,False,BC Place,502668,
2018-04-28,2018,MLS,True,Atlanta United FC,CF Montréal,4,1,,,False,,False,Mercedes-Benz Stadium,502667,
2018-04-28,2018,MLS,True,Toronto FC,Chicago Fire FC,2,2,,,False,,False,BMO Field,502666,
2018-04-28,2018,MLS,True,Philadelphia Union,D.C. United,3,2,,,False,,False,Subaru Park,502665,
2018-04-28,2018,MLS,True,Columbus Crew,San Jose Earthquakes,2,1,,,False,,False,Historic Crew Stadium,502663,
2018-04-28,2018,MLS,True,New England Revolution,Sporting Kansas City,1,0,,,False,,False,Gillette Stadium,502664,
2018-04-28,2018,MLS,True,Minnesota United FC,Houston Dynamo FC,2,1,,,False,,False,TCF Bank Stadium,502662,
2018-04-28,2018,MLS,True,LA Galaxy,Red Bull New York,2,3,,,False,,False,Dignity Health Sports Park,502661,
2018-04-29,2018,MLS,True,Colorado Rapids,Orlando City SC,1,2,,,False,,False,Dick's Sporting Goods Park,502660,
2018-04-29,2018,MLS,True,New York City FC,FC Dallas,3,1,,,False,,False,Yankee Stadium,502659,
2018-04-29,2018,MLS,True,LAFC,Seattle Sounders FC,1,0,,,False,,False,BMO Stadium,502658,
2018-05-04,2018,MLS,True,Toronto FC,Philadelphia Union,3,0,,,False,,False,BMO Field,502657,
2018-05-05,2018,MLS,True,CF Montréal,New England Revolution,4,2,,,False,,False,Stade Saputo,502656,
2018-05-05,2018,MLS,True,Red Bull New York,New York City FC,4,0,,,False,,False,Sports Illustrated Stadium,502654,
2018-05-05,2018,MLS,True,Minnesota United FC,Vancouver Whitecaps,1,0,,,False,,False,TCF Bank Stadium,502655,
2018-05-05,2018,MLS,True,LAFC,FC Dallas,1,1,,,False,,False,BMO Stadium,502653,
2018-05-05,2018,MLS,True,Seattle Sounders FC,Columbus Crew,0,0,,,False,,False,Lumen Field,502652,
2018-05-05,2018,MLS,True,Chicago Fire FC,Atlanta United FC,1,2,,,False,,False,SeatGeek Stadium,502651,
2018-05-05,2018,MLS,True,Houston Dynamo FC,LA Galaxy,3,2,,,False,,False,Shell Energy Stadium,502650,
2018-05-05,2018,MLS,True,Sporting Kansas City,Colorado Rapids,1,0,,,False,,False,Children's Mercy Park,502649,
2018-05-05,2018,MLS,True,San Jose Earthquakes,Portland Timbers,0,1,,,False,,False,PayPal Park,502648,
2018-05-06,2018,MLS,True,Orlando City SC,Real Salt Lake,3,1,,,False,,False,Inter&Co Stadium,502647,
2018-05-09,2018,MLS,True,Atlanta United FC,Sporting Kansas City,0,2,,,False,,False,Mercedes-Benz Stadium,502646,
2018-05-09,2018,MLS,True,Columbus Crew,Philadelphia Union,1,0,,,False,,False,Historic Crew Stadium,502644,
2018-05-09,2018,MLS,True,Toronto FC,Seattle Sounders FC,1,2,,,False,,False,BMO Field,502645,
2018-05-09,2018,MLS,True,Chicago Fire FC,CF Montréal,1,0,,,False,,False,SeatGeek Stadium,502643,
2018-05-09,2018,MLS,True,LAFC,Minnesota United FC,2,0,,,False,,False,BMO Stadium,502642,
2018-05-11,2018,MLS,True,Vancouver Whitecaps,Houston Dynamo FC,2,2,,,False,,False,BC Place,502641,
2018-05-12,2018,MLS,True,Minnesota United FC,San Jose Earthquakes,1,3,,,False,,False,TCF Bank Stadium,502640,
2018-05-12,2018,MLS,True,CF Montréal,Philadelphia Union,0,2,,,False,,False,Stade Saputo,502639,
2018-05-12,2018,MLS,True,FC Dallas,LA Galaxy,3,2,,,False,,False,Toyota Stadium,502638,
2018-05-12,2018,MLS,True,Columbus Crew,Chicago Fire FC,3,0,,,False,,False,Historic Crew Stadium,502636,
2018-05-12,2018,MLS,True,New England Revolution,Toronto FC,3,2,,,False,,False,Gillette Stadium,502637,
2018-05-12,2018,MLS,True,Colorado Rapids,Red Bull New York,1,2,,,False,,False,Dick's Sporting Goods Park,502635,
2018-05-12,2018,MLS,True,Real Salt Lake,D.C. United,3,2,,,False,,False,America First Field,502634,
2018-05-13,2018,MLS,True,Portland Timbers,Seattle Sounders FC,1,0,,,False,,False,Providence Park,502633,
2018-05-13,2018,MLS,True,Orlando City SC,Atlanta United FC,1,2,,,False,,False,Inter&Co Stadium,502632,
2018-05-13,2018,MLS,True,LAFC,New York City FC,2,2,,,False,,False,BMO Stadium,502631,
2018-05-16,2018,MLS,True,Vancouver Whitecaps,San Jose Earthquakes,2,2,,,False,,False,BC Place,502630,
2018-05-18,2018,MLS,True,Toronto FC,Orlando City SC,2,1,,,False,,False,BMO Field,502629,
2018-05-19,2018,MLS,True,New York City FC,Colorado Rapids,4,0,,,False,,False,Yankee Stadium,502627,
2018-05-19,2018,MLS,True,Portland Timbers,LAFC,2,1,,,False,,False,Providence Park,502626,
2018-05-19,2018,MLS,True,FC Dallas,Vancouver Whitecaps,2,2,,,False,,False,Toyota Stadium,502625,
2018-05-19,2018,MLS,True,New England Revolution,Columbus Crew,0,1,,,False,,False,Gillette Stadium,502624,
2018-05-19,2018,MLS,True,Philadelphia Union,Real Salt Lake,4,1,,,False,,False,Subaru Park,502628,
2018-05-19,2018,MLS,True,San Jose Earthquakes,D.C. United,1,3,,,False,,False,PayPal Park,502623,
2018-05-20,2018,MLS,True,Minnesota United FC,Sporting Kansas City,1,1,,,False,,False,TCF Bank Stadium,502622,
2018-05-20,2018,MLS,True,Chicago Fire FC,Houston Dynamo FC,2,3,,,False,,False,SeatGeek Stadium,502621,
2018-05-20,2018,MLS,True,Atlanta United FC,Red Bull New York,1,3,,,False,,False,Mercedes-Benz Stadium,502620,
2018-05-21,2018,MLS,True,CF Montréal,LA Galaxy,0,1,,,False,,False,Stade Saputo,502619,
2018-05-25,2018,MLS,True,Toronto FC,FC Dallas,0,1,,,False,,False,BMO Field,502618,
2018-05-25,2018,MLS,True,Houston Dynamo FC,New York City FC,3,1,,,False,,False,Shell Energy Stadium,502617,
2018-05-25,2018,MLS,True,LA Galaxy,San Jose Earthquakes,1,0,,,False,,False,Dignity Health Sports Park,502616,
2018-05-26,2018,MLS,True,Seattle Sounders FC,Real Salt Lake,0,1,,,False,,False,Lumen Field,502615,
2018-05-26,2018,MLS,True,Vancouver Whitecaps,New England Revolution,3,3,,,False,,False,BC Place,502614,
2018-05-26,2018,MLS,True,Red Bull New York,Philadelphia Union,0,0,,,False,,False,Sports Illustrated Stadium,502613,
2018-05-26,2018,MLS,True,Orlando City SC,Chicago Fire FC,1,2,,,False,,False,Inter&Co Stadium,502612,
2018-05-26,2018,MLS,True,Minnesota United FC,CF Montréal,2,0,,,False,,False,TCF Bank Stadium,502611,
2018-05-26,2018,MLS,True,Colorado Rapids,Portland Timbers,2,3,,,False,,False,Dick's Sporting Goods Park,502610,
2018-05-26,2018,MLS,True,LAFC,D.C. United,1,1,,,False,,False,BMO Stadium,502608,
2018-05-27,2018,MLS,True,Sporting Kansas City,Columbus Crew,0,0,,,False,,False,Children's Mercy Park,502609,
2018-05-30,2018,MLS,True,New England Revolution,Atlanta United FC,1,1,,,False,,False,Gillette Stadium,502606,
2018-05-30,2018,MLS,True,Philadelphia Union,Chicago Fire FC,3,1,,,False,,False,Subaru Park,502607,
2018-05-30,2018,MLS,True,Real Salt Lake,Houston Dynamo FC,2,1,,,False,,False,America First Field,502605,
2018-05-30,2018,MLS,True,LA Galaxy,FC Dallas,2,3,,,False,,False,Dignity Health Sports Park,502604,
2018-06-01,2018,MLS,True,Colorado Rapids,Vancouver Whitecaps,1,2,,,False,,False,Dick's Sporting Goods Park,502603,
2018-06-02,2018,MLS,True,Portland Timbers,LA Galaxy,1,1,,,False,,False,Providence Park,502601,
2018-06-02,2018,MLS,True,Atlanta United FC,Philadelphia Union,3,1,,,False,,False,Mercedes-Benz Stadium,502600,
2018-06-02,2018,MLS,True,CF Montréal,Houston Dynamo FC,1,0,,,False,,False,Stade Saputo,502596,
2018-06-02,2018,MLS,True,Columbus Crew,Toronto FC,3,3,,,False,,False,Historic Crew Stadium,502599,
2018-06-02,2018,MLS,True,New England Revolution,Red Bull New York,2,1,,,False,,False,Gillette Stadium,502597,
2018-06-02,2018,MLS,True,New York City FC,Orlando City SC,3,0,,,False,,False,Yankee Stadium,502598,
2018-06-02,2018,MLS,True,FC Dallas,LAFC,2,1,,,False,,False,Toyota Stadium,502595,
2018-06-02,2018,MLS,True,Chicago Fire FC,San Jose Earthquakes,2,1,,,False,,False,SeatGeek Stadium,502602,
2018-06-02,2018,MLS,True,Real Salt Lake,Seattle Sounders FC,2,0,,,False,,False,America First Field,502594,
2018-06-03,2018,MLS,True,Sporting Kansas City,Minnesota United FC,4,1,,,False,,False,Children's Mercy Park,502593,
2018-06-08,2018,MLS,True,Philadelphia Union,Toronto FC,0,2,,,False,,False,Subaru Park,502592,
2018-06-09,2018,MLS,True,New York City FC,Atlanta United FC,1,1,,,False,,False,Yankee Stadium,502591,
2018-06-09,2018,MLS,True,Columbus Crew,Red Bull New York,1,1,,,False,,False,Historic Crew Stadium,502590,
2018-06-09,2018,MLS,True,Vancouver Whitecaps,Orlando City SC,5,2,,,False,,False,BC Place,502586,
2018-06-09,2018,MLS,True,FC Dallas,CF Montréal,2,0,,,False,,False,Toyota Stadium,502589,
2018-06-09,2018,MLS,True,Chicago Fire FC,New England Revolution,1,1,,,False,,False,SeatGeek Stadium,502588,
2018-06-09,2018,MLS,True,Houston Dynamo FC,Colorado Rapids,2,0,,,False,,False,Shell Energy Stadium,502587,
2018-06-09,2018,MLS,True,Seattle Sounders FC,D.C. United,2,1,,,False,,False,Lumen Field,502585,
2018-06-09,2018,MLS,True,LA Galaxy,Real Salt Lake,3,0,,,False,,False,Dignity Health Sports Park,502583,
2018-06-09,2018,MLS,True,Portland Timbers,Sporting Kansas City,0,0,,,False,,False,Providence Park,502584,
2018-06-09,2018,MLS,True,San Jose Earthquakes,LAFC,3,4,,,False,,False,PayPal Park,502582,
2018-06-13,2018,MLS,True,CF Montréal,Orlando City SC,3,0,,,False,,False,Stade Saputo,502581,
2018-06-13,2018,MLS,True,Columbus Crew,Atlanta United FC,0,2,,,False,,False,Historic Crew Stadium,502580,
2018-06-13,2018,MLS,True,Red Bull New York,Seattle Sounders FC,2,1,,,False,,False,Sports Illustrated Stadium,502579,
2018-06-13,2018,MLS,True,Toronto FC,D.C. United,4,4,,,False,,False,BMO Field,502697,
2018-06-13,2018,MLS,True,Colorado Rapids,Chicago Fire FC,2,2,,,False,,False,Dick's Sporting Goods Park,502578,
2018-06-13,2018,MLS,True,San Jose Earthquakes,New England Revolution,2,2,,,False,,False,PayPal Park,502577,
2018-06-23,2018,MLS,True,Philadelphia Union,Vancouver Whitecaps,4,0,,,False,,False,Subaru Park,502576,
2018-06-23,2018,MLS,True,Red Bull New York,FC Dallas,3,0,,,False,,False,Sports Illustrated Stadium,502575,
2018-06-23,2018,MLS,True,Orlando City SC,CF Montréal,0,2,,,False,,False,Inter&Co Stadium,502574,
2018-06-23,2018,MLS,True,Sporting Kansas City,Houston Dynamo FC,3,2,,,False,,False,Children's Mercy Park,502573,
2018-06-23,2018,MLS,True,Colorado Rapids,Minnesota United FC,3,2,,,False,,False,Dick's Sporting Goods Park,502572,
2018-06-23,2018,MLS,True,Real Salt Lake,San Jose Earthquakes,1,1,,,False,,False,America First Field,502571,
2018-06-23,2018,MLS,True,Seattle Sounders FC,Chicago Fire FC,1,1,,,False,,False,Lumen Field,502570,
2018-06-23,2018,MLS,True,LAFC,Columbus Crew,2,0,,,False,,False,BMO Stadium,502569,
2018-06-24,2018,MLS,True,Atlanta United FC,Portland Timbers,1,1,,,False,,False,Mercedes-Benz Stadium,502567,
2018-06-24,2018,MLS,True,New York City FC,Toronto FC,2,1,,,False,,False,Yankee Stadium,502568,
2018-06-29,2018,MLS,True,Minnesota United FC,FC Dallas,0,1,,,False,,False,TCF Bank Stadium,502566,
2018-06-30,2018,MLS,True,Seattle Sounders FC,Portland Timbers,2,3,,,False,,False,Lumen Field,502565,
2018-06-30,2018,MLS,True,Atlanta United FC,Orlando City SC,4,0,,,False,,False,Mercedes-Benz Stadium,502563,
2018-06-30,2018,MLS,True,CF Montréal,Sporting Kansas City,2,0,,,False,,False,Stade Saputo,502564,
2018-06-30,2018,MLS,True,Columbus Crew,Real Salt Lake,2,1,,,False,,False,Historic Crew Stadium,502562,
2018-06-30,2018,MLS,True,New England Revolution,D.C. United,3,2,,,False,,False,Gillette Stadium,502561,
2018-06-30,2018,MLS,True,Chicago Fire FC,New York City FC,3,2,,,False,,False,SeatGeek Stadium,502560,
2018-06-30,2018,MLS,True,LAFC,Philadelphia Union,4,1,,,False,,False,BMO Stadium,502558,
2018-06-30,2018,MLS,True,San Jose Earthquakes,LA Galaxy,3,3,,,False,,False,Stanford Stadium,502559,
2018-07-01,2018,MLS,True,Toronto FC,Red Bull New York,0,1,,,False,,False,BMO Field,502557,
2018-07-01,2018,MLS,True,Vancouver Whitecaps,Colorado Rapids,0,1,,,False,,False,BC Place,502556,
2018-07-03,2018,MLS,True,Houston Dynamo FC,LAFC,2,2,,,False,,False,Shell Energy Stadium,502555,
2018-07-04,2018,MLS,True,Minnesota United FC,Toronto FC,4,3,,,False,,False,TCF Bank Stadium,502554,
2018-07-04,2018,MLS,True,FC Dallas,Atlanta United FC,3,2,,,False,,False,Toyota Stadium,502553,
2018-07-04,2018,MLS,True,Colorado Rapids,Seattle Sounders FC,1,2,,,False,,False,Dick's Sporting Goods Park,502552,
2018-07-04,2018,MLS,True,Real Salt Lake,Sporting Kansas City,4,2,,,False,,False,America First Field,502551,
2018-07-04,2018,MLS,True,LA Galaxy,D.C. United,2,2,,,False,,False,Dignity Health Sports Park,502550,
2018-07-07,2018,MLS,True,Philadelphia Union,Atlanta United FC,0,2,,,False,,False,Subaru Park,502549,
2018-07-07,2018,MLS,True,CF Montréal,Colorado Rapids,2,1,,,False,,False,Stade Saputo,502545,
2018-07-07,2018,MLS,True,New England Revolution,Seattle Sounders FC,0,0,,,False,,False,Gillette Stadium,502546,
2018-07-07,2018,MLS,True,Sporting Kansas City,Toronto FC,2,2,,,False,,False,Children's Mercy Park,502544,
2018-07-07,2018,MLS,True,Houston Dynamo FC,Minnesota United FC,3,0,,,False,,False,Shell Energy Stadium,502543,
2018-07-07,2018,MLS,True,Real Salt Lake,FC Dallas,2,0,,,False,,False,America First Field,502542,
2018-07-07,2018,MLS,True,LA Galaxy,Columbus Crew,4,0,,,False,,False,Dignity Health Sports Park,502541,
2018-07-07,2018,MLS,True,Vancouver Whitecaps,Chicago Fire FC,3,2,,,False,,False,BC Place,502547,
2018-07-07,2018,MLS,True,LAFC,Orlando City SC,4,1,,,False,,False,BMO Stadium,502548,
2018-07-07,2018,MLS,True,Portland Timbers,San Jose Earthquakes,2,1,,,False,,False,Providence Park,502540,
2018-07-08,2018,MLS,True,New York City FC,Red Bull New York,1,0,,,False,,False,Yankee Stadium,502539,
2018-07-11,2018,MLS,True,New York City FC,CF Montréal,3,0,,,False,,False,Yankee Stadium,502538,
2018-07-11,2018,MLS,True,Chicago Fire FC,Philadelphia Union,3,4,,,False,,False,SeatGeek Stadium,502537,
2018-07-14,2018,MLS,True,New York City FC,Columbus Crew,2,0,,,False,,False,Yankee Stadium,502534,
2018-07-14,2018,MLS,True,Red Bull New York,Sporting Kansas City,3,2,,,False,,False,Sports Illustrated Stadium,502535,
2018-07-14,2018,MLS,True,CF Montréal,San Jose Earthquakes,2,0,,,False,,False,Stade Saputo,502532,
2018-07-14,2018,MLS,True,New England Revolution,LA Galaxy,2,3,,,False,,False,Gillette Stadium,502531,
2018-07-14,2018,MLS,True,D.C. United,Vancouver Whitecaps,3,1,,,False,,False,Audi Field,502536,
2018-07-14,2018,MLS,True,FC Dallas,Chicago Fire FC,3,1,,,False,,False,Toyota Stadium,502529,
2018-07-14,2018,MLS,True,Minnesota United FC,Real Salt Lake,3,2,,,False,,False,TCF Bank Stadium,502530,
2018-07-14,2018,MLS,True,Orlando City SC,Toronto FC,2,1,,,False,,False,Inter&Co Stadium,502533,
2018-07-14,2018,MLS,True,Colorado Rapids,Houston Dynamo FC,0,0,,,False,,False,Dick's Sporting Goods Park,502528,
2018-07-15,2018,MLS,True,Atlanta United FC,Seattle Sounders FC,1,1,,,False,,False,Mercedes-Benz Stadium,502527,
2018-07-15,2018,MLS,True,LAFC,Portland Timbers,0,0,,,False,,False,BMO Stadium,502526,
2018-07-18,2018,MLS,True,Minnesota United FC,New England Revolution,2,1,,,False,,False,TCF Bank Stadium,502525,
2018-07-21,2018,MLS,True,Atlanta United FC,D.C. United,3,1,,,False,,False,Mercedes-Benz Stadium,502523,
2018-07-21,2018,MLS,True,Seattle Sounders FC,Vancouver Whitecaps,2,0,,,False,,False,Lumen Field,502522,
2018-07-21,2018,MLS,True,Chicago Fire FC,Toronto FC,1,2,,,False,,False,SeatGeek Stadium,502519,
2018-07-21,2018,MLS,True,Philadelphia Union,LA Galaxy,1,3,,,False,,False,Subaru Park,502524,
2018-07-21,2018,MLS,True,Red Bull New York,New England Revolution,2,0,,,False,,False,Sports Illustrated Stadium,502521,
2018-07-21,2018,MLS,True,Columbus Crew,Orlando City SC,3,2,,,False,,False,Historic Crew Stadium,502520,
2018-07-21,2018,MLS,True,Houston Dynamo FC,FC Dallas,1,1,,,False,,False,Shell Energy Stadium,502518,
2018-07-21,2018,MLS,True,Real Salt Lake,Colorado Rapids,2,2,,,False,,False,America First Field,502517,
2018-07-21,2018,MLS,True,Portland Timbers,CF Montréal,2,2,,,False,,False,Providence Park,502516,
2018-07-22,2018,MLS,True,Minnesota United FC,LAFC,5,1,,,False,,False,TCF Bank Stadium,502515,
2018-07-25,2018,MLS,True,Houston Dynamo FC,Philadelphia Union,1,3,,,False,,False,Shell Energy Stadium,502513,
2018-07-25,2018,MLS,True,D.C. United,Red Bull New York,0,1,,,False,,False,Audi Field,502514,
2018-07-25,2018,MLS,True,San Jose Earthquakes,Seattle Sounders FC,0,1,,,False,,False,PayPal Park,502512,
2018-07-26,2018,MLS,True,Orlando City SC,New York City FC,0,2,,,False,,False,Inter&Co Stadium,502511,
2018-07-26,2018,MLS,True,LAFC,LA Galaxy,2,2,,,False,,False,BMO Stadium,502510,
2018-07-28,2018,MLS,True,CF Montréal,Atlanta United FC,1,2,,,False,,False,Stade Saputo,502506,
2018-07-28,2018,MLS,True,Red Bull New York,Columbus Crew,2,3,,,False,,False,Sports Illustrated Stadium,502509,
2018-07-28,2018,MLS,True,Toronto FC,Chicago Fire FC,3,0,,,False,,False,BMO Field,502507,
2018-07-28,2018,MLS,True,D.C. United,Colorado Rapids,2,1,,,False,,False,Audi Field,502508,
2018-07-28,2018,MLS,True,Sporting Kansas City,FC Dallas,2,3,,,False,,False,Children's Mercy Park,502505,
2018-07-28,2018,MLS,True,Vancouver Whitecaps,Minnesota United FC,4,2,,,False,,False,BC Place,502503,
2018-07-28,2018,MLS,True,San Jose Earthquakes,Real Salt Lake,0,0,,,False,,False,PayPal Park,502502,
2018-07-28,2018,MLS,True,Portland Timbers,Houston Dynamo FC,2,1,,,False,,False,Providence Park,502504,
2018-07-29,2018,MLS,True,Seattle Sounders FC,New York City FC,3,1,,,False,,False,Lumen Field,502501,
2018-07-29,2018,MLS,True,LA Galaxy,Orlando City SC,4,3,,,False,,False,Dignity Health Sports Park,502500,
2018-08-01,2018,MLS,True,MLS All-Stars,Juventus,1,1,3.0,5.0,True,Juventus,False,Mercedes-Benz Stadium,509724,
2018-08-04,2018,MLS,True,Atlanta United FC,Toronto FC,2,2,,,False,,False,Mercedes-Benz Stadium,502499,
2018-08-04,2018,MLS,True,CF Montréal,D.C. United,1,1,,,False,,False,Stade Saputo,502497,
2018-08-04,2018,MLS,True,Orlando City SC,New England Revolution,3,3,,,False,,False,Inter&Co Stadium,502498,
2018-08-04,2018,MLS,True,FC Dallas,San Jose Earthquakes,1,3,,,False,,False,Toyota Stadium,502494,
2018-08-04,2018,MLS,True,Minnesota United FC,Seattle Sounders FC,1,2,,,False,,False,TCF Bank Stadium,502495,
2018-08-04,2018,MLS,True,New York City FC,Vancouver Whitecaps,2,2,,,False,,False,Yankee Stadium,502496,
2018-08-04,2018,MLS,True,Colorado Rapids,LA Galaxy,2,1,,,False,,False,Dick's Sporting Goods Park,502492,
2018-08-04,2018,MLS,True,Houston Dynamo FC,Sporting Kansas City,0,1,,,False,,False,Shell Energy Stadium,502493,
2018-08-04,2018,MLS,True,Real Salt Lake,Chicago Fire FC,2,1,,,False,,False,America First Field,502491,
2018-08-04,2018,MLS,True,Portland Timbers,Philadelphia Union,3,0,,,False,,False,Providence Park,502490,
2018-08-05,2018,MLS,True,Red Bull New York,LAFC,2,1,,,False,,False,Sports Illustrated Stadium,502489,
2018-08-11,2018,MLS,True,Columbus Crew,Houston Dynamo FC,1,0,,,False,,False,Historic Crew Stadium,502487,
2018-08-11,2018,MLS,True,New England Revolution,Philadelphia Union,2,3,,,False,,False,Gillette Stadium,502488,
2018-08-11,2018,MLS,True,Chicago Fire FC,Red Bull New York,0,1,,,False,,False,SeatGeek Stadium,502486,
2018-08-11,2018,MLS,True,Colorado Rapids,San Jose Earthquakes,2,1,,,False,,False,Dick's Sporting Goods Park,502485,
2018-08-11,2018,MLS,True,Real Salt Lake,CF Montréal,1,1,,,False,,False,America First Field,502484,
2018-08-11,2018,MLS,True,LA Galaxy,Minnesota United FC,2,2,,,False,,False,Dignity Health Sports Park,502481,
2018-08-11,2018,MLS,True,LAFC,Sporting Kansas City,0,2,,,False,,False,BMO Stadium,502482,
2018-08-11,2018,MLS,True,Portland Timbers,Vancouver Whitecaps,1,2,,,False,,False,Providence Park,502483,
2018-08-12,2018,MLS,True,Toronto FC,New York City FC,2,3,,,False,,False,BMO Field,502480,
2018-08-12,2018,MLS,True,D.C. United,Orlando City SC,3,2,,,False,,False,Audi Field,502479,
2018-08-12,2018,MLS,True,Seattle Sounders FC,FC Dallas,2,1,,,False,,False,Lumen Field,502478,
2018-08-14,2018,MLS,True,LA Galaxy,Colorado Rapids,2,2,,,False,,False,Dignity Health Sports Park,502449,
2018-08-15,2018,MLS,True,D.C. United,Portland Timbers,4,1,,,False,,False,Audi Field,502477,
2018-08-15,2018,MLS,True,LAFC,Real Salt Lake,2,0,,,False,,False,BMO Stadium,502476,
2018-08-18,2018,MLS,True,Seattle Sounders FC,LA Galaxy,5,0,,,False,,False,Lumen Field,502474,
2018-08-18,2018,MLS,True,Philadelphia Union,New York City FC,2,0,,,False,,False,Subaru Park,502475,
2018-08-18,2018,MLS,True,Vancouver Whitecaps,Red Bull New York,2,2,,,False,,False,BC Place,502473,
2018-08-18,2018,MLS,True,CF Montréal,Chicago Fire FC,2,1,,,False,,False,Stade Saputo,502472,
2018-08-18,2018,MLS,True,Sporting Kansas City,Portland Timbers,3,0,,,False,,False,Children's Mercy Park,502470,
2018-08-18,2018,MLS,True,Houston Dynamo FC,Real Salt Lake,1,2,,,False,,False,Shell Energy Stadium,502469,
2018-08-18,2018,MLS,True,San Jose Earthquakes,Toronto FC,1,1,,,False,,False,PayPal Park,502468,
2018-08-18,2018,MLS,True,FC Dallas,Minnesota United FC,2,0,,,False,,False,Toyota Stadium,502471,
2018-08-19,2018,MLS,True,Atlanta United FC,Columbus Crew,3,1,,,False,,False,Mercedes-Benz Stadium,502466,
2018-08-19,2018,MLS,True,D.C. United,New England Revolution,2,0,,,False,,False,Audi Field,502465,
2018-08-19,2018,MLS,True,LAFC,Colorado Rapids,2,0,,,False,,False,BMO Stadium,502467,
2018-08-22,2018,MLS,True,New York City FC,Red Bull New York,1,1,,,False,,False,Yankee Stadium,502464,
2018-08-23,2018,MLS,True,Chicago Fire FC,Columbus Crew,1,1,,,False,,False,SeatGeek Stadium,502457,
2018-08-23,2018,MLS,True,Houston Dynamo FC,FC Dallas,1,1,,,False,,False,Shell Energy Stadium,502463,
2018-08-24,2018,MLS,True,Orlando City SC,Atlanta United FC,1,2,,,False,,False,Inter&Co Stadium,502462,
2018-08-24,2018,MLS,True,LA Galaxy,LAFC,1,1,,,False,,False,Dignity Health Sports Park,502461,
2018-08-25,2018,MLS,True,Philadelphia Union,New England Revolution,1,0,,,False,,False,Subaru Park,502460,
2018-08-25,2018,MLS,True,Toronto FC,CF Montréal,3,1,,,False,,False,BMO Field,502459,
2018-08-25,2018,MLS,True,Sporting Kansas City,Minnesota United FC,2,0,,,False,,False,Children's Mercy Park,502458,
2018-08-25,2018,MLS,True,Colorado Rapids,Real Salt Lake,0,6,,,False,,False,Dick's Sporting Goods Park,502456,
2018-08-25,2018,MLS,True,San Jose Earthquakes,Vancouver Whitecaps,2,3,,,False,,False,PayPal Park,502455,
2018-08-26,2018,MLS,True,Red Bull New York,D.C. United,1,0,,,False,,False,Sports Illustrated Stadium,502454,
2018-08-26,2018,MLS,True,Portland Timbers,Seattle Sounders FC,0,1,,,False,,False,Providence Park,502453,
2018-08-29,2018,MLS,True,D.C. United,Philadelphia Union,0,2,,,False,,False,Audi Field,502452,
2018-08-29,2018,MLS,True,Red Bull New York,Houston Dynamo FC,1,0,,,False,,False,Sports Illustrated Stadium,502699,
2018-08-29,2018,MLS,True,Portland Timbers,Toronto FC,2,0,,,False,,False,Providence Park,502451,
2018-08-29,2018,MLS,True,San Jose Earthquakes,FC Dallas,4,3,,,False,,False,PayPal Park,502450,
2018-09-01,2018,MLS,True,Seattle Sounders FC,Sporting Kansas City,3,1,,,False,,False,Lumen Field,502448,
2018-09-01,2018,MLS,True,CF Montréal,Red Bull New York,3,0,,,False,,False,Stade Saputo,502445,
2018-09-01,2018,MLS,True,New England Revolution,Portland Timbers,1,1,,,False,,False,Gillette Stadium,502447,
2018-09-01,2018,MLS,True,Orlando City SC,Philadelphia Union,2,2,,,False,,False,Inter&Co Stadium,502446,
2018-09-01,2018,MLS,True,Columbus Crew,New York City FC,2,1,,,False,,False,Historic Crew Stadium,502444,
2018-09-01,2018,MLS,True,FC Dallas,Houston Dynamo FC,4,2,,,False,,False,Toyota Stadium,502442,
2018-09-01,2018,MLS,True,Toronto FC,LAFC,2,4,,,False,,False,BMO Field,502443,
2018-09-01,2018,MLS,True,Real Salt Lake,LA Galaxy,6,2,,,False,,False,America First Field,502440,
2018-09-01,2018,MLS,True,Vancouver Whitecaps,San Jose Earthquakes,2,1,,,False,,False,BC Place,502441,
2018-09-02,2018,MLS,True,D.C. United,Atlanta United FC,3,1,,,False,,False,Audi Field,502439,
2018-09-05,2018,MLS,True,New York City FC,New England Revolution,0,1,,,False,,False,Yankee Stadium,502438,
2018-09-08,2018,MLS,True,New York City FC,D.C. United,1,1,,,False,,False,Yankee Stadium,502437,
2018-09-08,2018,MLS,True,Sporting Kansas City,Orlando City SC,1,0,,,False,,False,Children's Mercy Park,502436,
2018-09-08,2018,MLS,True,Portland Timbers,Colorado Rapids,2,0,,,False,,False,Providence Park,502435,
2018-09-12,2018,MLS,True,D.C. United,Minnesota United FC,2,1,,,False,,False,Audi Field,502434,
2018-09-15,2018,MLS,True,Colorado Rapids,Atlanta United FC,0,3,,,False,,False,Dick's Sporting Goods Park,502432,
2018-09-15,2018,MLS,True,Philadelphia Union,CF Montréal,1,4,,,False,,False,Subaru Park,502433,
2018-09-15,2018,MLS,True,Toronto FC,LA Galaxy,5,3,,,False,,False,BMO Field,502431,
2018-09-15,2018,MLS,True,FC Dallas,Columbus Crew,0,0,,,False,,False,Toyota Stadium,502430,
2018-09-15,2018,MLS,True,Houston Dynamo FC,Portland Timbers,4,1,,,False,,False,Shell Energy Stadium,502429,
2018-09-15,2018,MLS,True,Real Salt Lake,Minnesota United FC,1,1,,,False,,False,America First Field,502428,
2018-09-15,2018,MLS,True,Vancouver Whitecaps,Seattle Sounders FC,1,2,,,False,,False,BC Place,502427,
2018-09-15,2018,MLS,True,LAFC,New England Revolution,1,1,,,False,,False,BMO Stadium,502425,
2018-09-15,2018,MLS,True,San Jose Earthquakes,Sporting Kansas City,1,5,,,False,,False,PayPal Park,502426,
2018-09-16,2018,MLS,True,D.C. United,Red Bull New York,3,3,,,False,,False,Audi Field,502424,
2018-09-16,2018,MLS,True,Chicago Fire FC,Orlando City SC,4,0,,,False,,False,SeatGeek Stadium,502423,
2018-09-19,2018,MLS,True,Portland Timbers,Columbus Crew,3,2,,,False,,False,Providence Park,502421,
2018-09-19,2018,MLS,True,San Jose Earthquakes,Atlanta United FC,3,4,,,False,,False,PayPal Park,502420,
2018-09-19,2018,MLS,True,Seattle Sounders FC,Philadelphia Union,0,1,,,False,,False,Lumen Field,502422,
2018-09-22,2018,MLS,True,LAFC,San Jose Earthquakes,2,0,,,False,,False,BMO Stadium,502419,
2018-09-22,2018,MLS,True,Red Bull New York,Toronto FC,2,0,,,False,,False,Sports Illustrated Stadium,502418,
2018-09-22,2018,MLS,True,Atlanta United FC,Real Salt Lake,2,0,,,False,,False,Mercedes-Benz Stadium,502417,
2018-09-22,2018,MLS,True,CF Montréal,New York City FC,1,1,,,False,,False,Stade Saputo,502416,
2018-09-22,2018,MLS,True,Columbus Crew,Colorado Rapids,2,1,,,False,,False,Historic Crew Stadium,502414,
2018-09-22,2018,MLS,True,New England Revolution,Chicago Fire FC,2,2,,,False,,False,Gillette Stadium,502413,
2018-09-22,2018,MLS,True,Orlando City SC,Houston Dynamo FC,0,0,,,False,,False,Inter&Co Stadium,502415,
2018-09-22,2018,MLS,True,Minnesota United FC,Portland Timbers,3,2,,,False,,False,TCF Bank Stadium,502412,
2018-09-23,2018,MLS,True,Philadelphia Union,Sporting Kansas City,2,0,,,False,,False,Subaru Park,502411,
2018-09-23,2018,MLS,True,LA Galaxy,Seattle Sounders FC,3,0,,,False,,False,Dignity Health Sports Park,502410,
2018-09-23,2018,MLS,True,Vancouver Whitecaps,FC Dallas,1,2,,,False,,False,BC Place,502409,
2018-09-26,2018,MLS,True,New York City FC,Chicago Fire FC,2,0,,,False,,False,Yankee Stadium,502408,
2018-09-29,2018,MLS,True,Chicago Fire FC,LAFC,3,1,,,False,,False,SeatGeek Stadium,502407,
2018-09-29,2018,MLS,True,Seattle Sounders FC,Colorado Rapids,4,0,,,False,,False,Lumen Field,502406,
2018-09-29,2018,MLS,True,D.C. United,CF Montréal,5,0,,,False,,False,Audi Field,502405,
2018-09-29,2018,MLS,True,Columbus Crew,Philadelphia Union,0,0,,,False,,False,Historic Crew Stadium,502404,
2018-09-29,2018,MLS,True,Toronto FC,New England Revolution,4,1,,,False,,False,BMO Field,502403,
2018-09-29,2018,MLS,True,Minnesota United FC,New York City FC,2,1,,,False,,False,TCF Bank Stadium,502402,
2018-09-29,2018,MLS,True,Houston Dynamo FC,San Jose Earthquakes,3,2,,,False,,False,Shell Energy Stadium,502401,
2018-09-29,2018,MLS,True,LA Galaxy,Vancouver Whitecaps,3,0,,,False,,False,Dignity Health Sports Park,502400,
2018-09-29,2018,MLS,True,Portland Timbers,FC Dallas,0,0,,,False,,False,Providence Park,502399,
2018-09-30,2018,MLS,True,Red Bull New York,Atlanta United FC,2,0,,,False,,False,Sports Illustrated Stadium,502398,
2018-09-30,2018,MLS,True,Sporting Kansas City,Real Salt Lake,1,1,,,False,,False,Children's Mercy Park,502397,
2018-10-06,2018,MLS,True,CF Montréal,Columbus Crew,3,0,,,False,,False,Stade Saputo,502394,
2018-10-06,2018,MLS,True,Atlanta United FC,New England Revolution,2,1,,,False,,False,Mercedes-Benz Stadium,502393,
2018-10-06,2018,MLS,True,Toronto FC,Vancouver Whitecaps,1,2,,,False,,False,BMO Field,502392,
2018-10-06,2018,MLS,True,Philadelphia Union,Minnesota United FC,5,1,,,False,,False,Subaru Park,502396,
2018-10-06,2018,MLS,True,FC Dallas,Orlando City SC,2,0,,,False,,False,Toyota Stadium,502391,
2018-10-06,2018,MLS,True,Sporting Kansas City,LA Galaxy,1,1,,,False,,False,Children's Mercy Park,502390,
2018-10-06,2018,MLS,True,Colorado Rapids,LAFC,0,3,,,False,,False,Dick's Sporting Goods Park,502389,
2018-10-06,2018,MLS,True,Real Salt Lake,Portland Timbers,1,4,,,False,,False,America First Field,502388,
2018-10-06,2018,MLS,True,San Jose Earthquakes,Red Bull New York,1,3,,,False,,False,PayPal Park,502387,
2018-10-07,2018,MLS,True,D.C. United,Chicago Fire FC,2,1,,,False,,False,Audi Field,502386,
2018-10-08,2018,MLS,True,Seattle Sounders FC,Houston Dynamo FC,4,1,,,False,,False,Lumen Field,502395,
2018-10-12,2018,MLS,True,LAFC,Houston Dynamo FC,4,2,,,False,,False,BMO Stadium,502378,
2018-10-13,2018,MLS,True,Minnesota United FC,Colorado Rapids,0,2,,,False,,False,TCF Bank Stadium,502385,
2018-10-13,2018,MLS,True,D.C. United,FC Dallas,1,0,,,False,,False,Audi Field,502384,
2018-10-13,2018,MLS,True,New England Revolution,Orlando City SC,2,0,,,False,,False,Gillette Stadium,502383,
2018-10-17,2018,MLS,True,D.C. United,Toronto FC,1,0,,,False,,False,Audi Field,502381,
2018-10-17,2018,MLS,True,Orlando City SC,Seattle Sounders FC,1,2,,,False,,False,Inter&Co Stadium,502382,
2018-10-17,2018,MLS,True,Vancouver Whitecaps,Sporting Kansas City,1,4,,,False,,False,BC Place,502380,
2018-10-18,2018,MLS,True,Real Salt Lake,New England Revolution,4,1,,,False,,False,America First Field,502379,
2018-10-21,2018,MLS,True,Atlanta United FC,Chicago Fire FC,2,1,,,False,,False,Mercedes-Benz Stadium,502368,
2018-10-21,2018,MLS,True,CF Montréal,Toronto FC,2,0,,,False,,False,Stade Saputo,502376,
2018-10-21,2018,MLS,True,D.C. United,New York City FC,3,1,,,False,,False,Audi Field,502367,
2018-10-21,2018,MLS,True,Orlando City SC,Columbus Crew,2,1,,,False,,False,Inter&Co Stadium,502370,
2018-10-21,2018,MLS,True,Philadelphia Union,Red Bull New York,0,1,,,False,,False,Subaru Park,502372,
2018-10-21,2018,MLS,True,FC Dallas,Sporting Kansas City,0,3,,,False,,False,Toyota Stadium,502375,
2018-10-21,2018,MLS,True,Houston Dynamo FC,Seattle Sounders FC,2,3,,,False,,False,Shell Energy Stadium,502374,
2018-10-21,2018,MLS,True,LAFC,Vancouver Whitecaps,2,2,,,False,,False,BMO Stadium,502377,
2018-10-21,2018,MLS,True,Minnesota United FC,LA Galaxy,1,3,,,False,,False,TCF Bank Stadium,502371,
2018-10-21,2018,MLS,True,Portland Timbers,Real Salt Lake,3,0,,,False,,False,Providence Park,502373,
2018-10-21,2018,MLS,True,San Jose Earthquakes,Colorado Rapids,0,0,,,False,,False,PayPal Park,502369,
2018-10-28,2018,MLS,True,Chicago Fire FC,D.C. United,0,0,,,False,,False,SeatGeek Stadium,502357,
2018-10-28,2018,MLS,True,Colorado Rapids,FC Dallas,2,1,,,False,,False,Dick's Sporting Goods Park,502358,
2018-10-28,2018,MLS,True,Columbus Crew,Minnesota United FC,3,2,,,False,,False,Historic Crew Stadium,502361,
2018-10-28,2018,MLS,True,LA Galaxy,Houston Dynamo FC,2,3,,,False,,False,Dignity Health Sports Park,502359,
2018-10-28,2018,MLS,True,New England Revolution,CF Montréal,1,0,,,False,,False,Gillette Stadium,502362,
2018-10-28,2018,MLS,True,New York City FC,Philadelphia Union,3,1,,,False,,False,Yankee Stadium,502364,
2018-10-28,2018,MLS,True,Red Bull New York,Orlando City SC,1,0,,,False,,False,Sports Illustrated Stadium,502363,
2018-10-28,2018,MLS,True,Seattle Sounders FC,San Jose Earthquakes,2,1,,,False,,False,Lumen Field,502366,
2018-10-28,2018,MLS,True,Sporting Kansas City,LAFC,2,1,,,False,,False,Children's Mercy Park,502360,
2018-10-28,2018,MLS,True,Toronto FC,Atlanta United FC,4,1,,,False,,False,BMO Field,502356,
2018-10-28,2018,MLS,True,Vancouver Whitecaps,Portland Timbers,2,1,,,False,,False,BC Place,502365,
2018-10-31,2018,MLS,True,New York City FC,Philadelphia Union,3,1,,,False,,False,Yankee Stadium,528092,
2018-10-31,2018,MLS,True,FC Dallas,Portland Timbers,1,2,,,False,,False,Toyota Stadium,528091,
2018-11-01,2018,MLS,True,D.C. United,Columbus Crew,2,2,2.0,3.0,True,Columbus Crew,False,Audi Field,528090,
2018-11-01,2018,MLS,True,LAFC,Real Salt Lake,2,3,,,False,,False,BMO Stadium,528089,
2018-11-04,2018,MLS,True,Columbus Crew,Red Bull New York,1,0,,,False,,False,Historic Crew Stadium,528154,
2018-11-04,2018,MLS,True,Portland Timbers,Seattle Sounders FC,2,1,,,False,,False,Providence Park,528155,
2018-11-04,2018,MLS,True,New York City FC,Atlanta United FC,0,1,,,False,,False,Yankee Stadium,528153,
2018-11-04,2018,MLS,True,Real Salt Lake,Sporting Kansas City,1,1,,,False,,False,America First Field,528156,
2018-11-08,2018,MLS,True,Seattle Sounders FC,Portland Timbers,3,2,2.0,4.0,True,Portland Timbers,False,Lumen Field,528152,
2018-11-11,2018,MLS,True,Sporting Kansas City,Real Salt Lake,4,2,,,False,,False,Children's Mercy Park,528151,
2018-11-11,2018,MLS,True,Atlanta United FC,New York City FC,3,1,,,False,,False,Mercedes-Benz Stadium,528149,
2018-11-11,2018,MLS,True,Red Bull New York,Columbus Crew,3,0,,,False,,False,Sports Illustrated Stadium,528150,
2018-11-25,2018,MLS,True,Atlanta United FC,Red Bull New York,3,0,,,False,,False,Mercedes-Benz Stadium,528394,
2018-11-25,2018,MLS,True,Portland Timbers,Sporting Kansas City,0,0,,,False,,False,Providence Park,528393,
2018-11-29,2018,MLS,True,Red Bull New York,Atlanta United FC,1,0,,,False,,False,Sports Illustrated Stadium,528392,
2018-11-29,2018,MLS,True,Sporting Kansas City,Portland Timbers,2,3,,,False,,False,Children's Mercy Park,528391,
2018-12-08,2018,MLS,True,Atlanta United FC,Portland Timbers,2,0,,,False,,False,Mercedes-Benz Stadium,528801,
2019-03-02,2019,MLS,True,Philadelphia Union,Toronto FC,1,3,,,False,,False,Subaru Park,532605,
2019-03-02,2019,MLS,True,Orlando City SC,New York City FC,2,2,,,False,,False,Inter&Co Stadium,532604,
2019-03-02,2019,MLS,True,Columbus Crew,Red Bull New York,1,1,,,False,,False,Historic Crew Stadium,532603,
2019-03-02,2019,MLS,True,FC Dallas,New England Revolution,1,1,,,False,,False,Toyota Stadium,532602,
2019-03-02,2019,MLS,True,Colorado Rapids,Portland Timbers,3,3,,,False,,False,Dick's Sporting Goods Park,532600,
2019-03-02,2019,MLS,True,Houston Dynamo FC,Real Salt Lake,1,1,,,False,,False,Shell Energy Stadium,532601,
2019-03-02,2019,MLS,True,Vancouver Whitecaps,Minnesota United FC,2,3,,,False,,False,BC Place,532599,
2019-03-02,2019,MLS,True,LA Galaxy,Chicago Fire FC,2,1,,,False,,False,Dignity Health Sports Park,532598,
2019-03-02,2019,MLS,True,San Jose Earthquakes,CF Montréal,1,2,,,False,,False,PayPal Park,532597,
2019-03-02,2019,MLS,True,Seattle Sounders FC,FC Cincinnati,4,1,,,False,,False,Lumen Field,532596,
2019-03-03,2019,MLS,True,D.C. United,Atlanta United FC,2,0,,,False,,False,Audi Field,532595,
2019-03-03,2019,MLS,True,LAFC,Sporting Kansas City,2,1,,,False,,False,BMO Stadium,532594,
2019-03-09,2019,MLS,True,Chicago Fire FC,Orlando City SC,1,1,,,False,,False,SeatGeek Stadium,532593,
2019-03-09,2019,MLS,True,New England Revolution,Columbus Crew,0,2,,,False,,False,Gillette Stadium,532592,
2019-03-09,2019,MLS,True,FC Dallas,LA Galaxy,2,0,,,False,,False,Toyota Stadium,533382,
2019-03-09,2019,MLS,True,Houston Dynamo FC,CF Montréal,2,1,,,False,,False,Shell Energy Stadium,533381,
2019-03-09,2019,MLS,True,Real Salt Lake,Vancouver Whitecaps,1,0,,,False,,False,America First Field,532096,
2019-03-09,2019,MLS,True,San Jose Earthquakes,Minnesota United FC,0,3,,,False,,False,PayPal Park,533380,
2019-03-09,2019,MLS,True,Seattle Sounders FC,Colorado Rapids,2,0,,,False,,False,Lumen Field,533379,
2019-03-10,2019,MLS,True,New York City FC,D.C. United,0,0,,,False,,False,Yankee Stadium,532590,
2019-03-10,2019,MLS,True,Sporting Kansas City,Philadelphia Union,2,0,,,False,,False,Children's Mercy Park,532591,
2019-03-10,2019,MLS,True,Atlanta United FC,FC Cincinnati,1,1,,,False,,False,Mercedes-Benz Stadium,532589,
2019-03-10,2019,MLS,True,LAFC,Portland Timbers,4,1,,,False,,False,BMO Stadium,533378,
2019-03-16,2019,MLS,True,Chicago Fire FC,Seattle Sounders FC,2,4,,,False,,False,SeatGeek Stadium,533377,
2019-03-16,2019,MLS,True,Columbus Crew,FC Dallas,1,0,,,False,,False,Historic Crew Stadium,533376,
2019-03-16,2019,MLS,True,Houston Dynamo FC,Vancouver Whitecaps,3,2,,,False,,False,Shell Energy Stadium,533375,
2019-03-16,2019,MLS,True,Red Bull New York,San Jose Earthquakes,4,1,,,False,,False,Sports Illustrated Stadium,532588,
2019-03-16,2019,MLS,True,Orlando City SC,CF Montréal,1,3,,,False,,False,Inter&Co Stadium,533374,
2019-03-16,2019,MLS,True,D.C. United,Real Salt Lake,5,0,,,False,,False,Audi Field,533373,
2019-03-16,2019,MLS,True,LA Galaxy,Minnesota United FC,3,2,,,False,,False,Dignity Health Sports Park,533372,
2019-03-17,2019,MLS,True,New York City FC,LAFC,2,2,,,False,,False,Yankee Stadium,533371,
2019-03-17,2019,MLS,True,FC Cincinnati,Portland Timbers,3,0,,,False,,False,Nippert Stadium,532586,
2019-03-17,2019,MLS,True,Atlanta United FC,Philadelphia Union,1,1,,,False,,False,Mercedes-Benz Stadium,533370,
2019-03-17,2019,MLS,True,Toronto FC,New England Revolution,3,2,,,False,,False,BMO Field,532587,
2019-03-17,2019,MLS,True,Colorado Rapids,Sporting Kansas City,1,1,,,False,,False,Dick's Sporting Goods Park,533369,
2019-03-23,2019,MLS,True,FC Dallas,Colorado Rapids,2,1,,,False,,False,Toyota Stadium,533366,
2019-03-23,2019,MLS,True,Philadelphia Union,Columbus Crew,3,0,,,False,,False,Subaru Park,533367,
2019-03-23,2019,MLS,True,Red Bull New York,Orlando City SC,0,1,,,False,,False,Sports Illustrated Stadium,533365,
2019-03-23,2019,MLS,True,LAFC,Real Salt Lake,2,1,,,False,,False,BMO Stadium,533364,
2019-03-24,2019,MLS,True,New England Revolution,FC Cincinnati,0,2,,,False,,False,Gillette Stadium,533368,
2019-03-29,2019,MLS,True,Toronto FC,New York City FC,4,0,,,False,,False,BMO Field,533363,
2019-03-30,2019,MLS,True,Chicago Fire FC,Red Bull New York,1,0,,,False,,False,SeatGeek Stadium,533362,
2019-03-30,2019,MLS,True,New England Revolution,Minnesota United FC,2,1,,,False,,False,Gillette Stadium,533361,
2019-03-30,2019,MLS,True,Sporting Kansas City,CF Montréal,7,1,,,False,,False,Children's Mercy Park,533360,
2019-03-30,2019,MLS,True,San Jose Earthquakes,LAFC,0,5,,,False,,False,PayPal Park,533359,
2019-03-30,2019,MLS,True,Columbus Crew,Atlanta United FC,2,0,,,False,,False,Historic Crew Stadium,533357,
2019-03-30,2019,MLS,True,FC Cincinnati,Philadelphia Union,0,2,,,False,,False,Nippert Stadium,533358,
2019-03-30,2019,MLS,True,Colorado Rapids,Houston Dynamo FC,1,4,,,False,,False,Dick's Sporting Goods Park,533356,
2019-03-30,2019,MLS,True,Real Salt Lake,FC Dallas,2,4,,,False,,False,America First Field,533355,
2019-03-30,2019,MLS,True,Vancouver Whitecaps,Seattle Sounders FC,0,0,,,False,,False,BC Place,533354,
2019-03-31,2019,MLS,True,Orlando City SC,D.C. United,1,2,,,False,,False,Inter&Co Stadium,533353,
2019-03-31,2019,MLS,True,LA Galaxy,Portland Timbers,2,1,,,False,,False,Dignity Health Sports Park,533352,
2019-04-05,2019,MLS,True,Vancouver Whitecaps,LA Galaxy,0,2,,,False,,False,BC Place,533351,
2019-04-06,2019,MLS,True,New York City FC,CF Montréal,0,0,,,False,,False,Yankee Stadium,533350,
2019-04-06,2019,MLS,True,D.C. United,LAFC,0,4,,,False,,False,Audi Field,533349,
2019-04-06,2019,MLS,True,Toronto FC,Chicago Fire FC,2,2,,,False,,False,BMO Field,533347,
2019-04-06,2019,MLS,True,Red Bull New York,Minnesota United FC,1,2,,,False,,False,Sports Illustrated Stadium,533346,
2019-04-06,2019,MLS,True,Columbus Crew,New England Revolution,1,0,,,False,,False,Historic Crew Stadium,533341,
2019-04-06,2019,MLS,True,Orlando City SC,Colorado Rapids,4,3,,,False,,False,Inter&Co Stadium,533344,
2019-04-06,2019,MLS,True,Philadelphia Union,FC Dallas,2,1,,,False,,False,Subaru Park,533345,
2019-04-06,2019,MLS,True,San Jose Earthquakes,Portland Timbers,3,0,,,False,,False,PayPal Park,533343,
2019-04-06,2019,MLS,True,Seattle Sounders FC,Real Salt Lake,1,0,,,False,,False,Lumen Field,533342,
2019-04-07,2019,MLS,True,FC Cincinnati,Sporting Kansas City,1,1,,,False,,False,Nippert Stadium,533348,
2019-04-09,2019,MLS,True,D.C. United,CF Montréal,0,0,,,False,,False,Audi Field,533340,
2019-04-12,2019,MLS,True,Chicago Fire FC,Vancouver Whitecaps,1,1,,,False,,False,SeatGeek Stadium,533338,
2019-04-13,2019,MLS,True,CF Montréal,Columbus Crew,1,0,,,False,,False,Stade Saputo,532585,
2019-04-13,2019,MLS,True,Houston Dynamo FC,San Jose Earthquakes,2,1,,,False,,False,Shell Energy Stadium,533337,
2019-04-13,2019,MLS,True,Seattle Sounders FC,Toronto FC,3,2,,,False,,False,Lumen Field,533336,
2019-04-13,2019,MLS,True,Minnesota United FC,New York City FC,3,3,,,False,,False,Allianz Field,532584,
2019-04-13,2019,MLS,True,New England Revolution,Atlanta United FC,0,2,,,False,,False,Gillette Stadium,533334,
2019-04-13,2019,MLS,True,FC Dallas,Portland Timbers,2,1,,,False,,False,Toyota Stadium,533333,
2019-04-13,2019,MLS,True,Colorado Rapids,D.C. United,2,3,,,False,,False,Dick's Sporting Goods Park,533331,
2019-04-13,2019,MLS,True,Real Salt Lake,Orlando City SC,2,1,,,False,,False,America First Field,533332,
2019-04-13,2019,MLS,True,LA Galaxy,Philadelphia Union,2,0,,,False,,False,Dignity Health Sports Park,533330,
2019-04-13,2019,MLS,True,LAFC,FC Cincinnati,2,0,,,False,,False,BMO Stadium,533329,
2019-04-14,2019,MLS,True,Sporting Kansas City,Red Bull New York,2,2,,,False,,False,Children's Mercy Park,533335,
2019-04-17,2019,MLS,True,Vancouver Whitecaps,LAFC,1,0,,,False,,False,BC Place,533328,
2019-04-19,2019,MLS,True,FC Cincinnati,Real Salt Lake,0,3,,,False,,False,Nippert Stadium,533327,
2019-04-19,2019,MLS,True,Toronto FC,Minnesota United FC,4,3,,,False,,False,BMO Field,533326,
2019-04-19,2019,MLS,True,LA Galaxy,Houston Dynamo FC,2,1,,,False,,False,Dignity Health Sports Park,533325,
2019-04-20,2019,MLS,True,Chicago Fire FC,Colorado Rapids,4,1,,,False,,False,SeatGeek Stadium,533324,
2019-04-20,2019,MLS,True,Philadelphia Union,CF Montréal,3,0,,,False,,False,Subaru Park,533319,
2019-04-20,2019,MLS,True,Orlando City SC,Vancouver Whitecaps,1,0,,,False,,False,Inter&Co Stadium,533323,
2019-04-20,2019,MLS,True,Atlanta United FC,FC Dallas,1,2,,,False,,False,Mercedes-Benz Stadium,533322,
2019-04-20,2019,MLS,True,Columbus Crew,Portland Timbers,1,3,,,False,,False,Historic Crew Stadium,533321,
2019-04-20,2019,MLS,True,New England Revolution,Red Bull New York,1,0,,,False,,False,Gillette Stadium,533320,
2019-04-20,2019,MLS,True,San Jose Earthquakes,Sporting Kansas City,4,1,,,False,,False,PayPal Park,533318,
2019-04-21,2019,MLS,True,D.C. United,New York City FC,0,2,,,False,,False,Audi Field,533317,
2019-04-21,2019,MLS,True,LAFC,Seattle Sounders FC,4,1,,,False,,False,BMO Stadium,533316,
2019-04-24,2019,MLS,True,New York City FC,Chicago Fire FC,1,0,,,False,,False,Yankee Stadium,533315,
2019-04-24,2019,MLS,True,Columbus Crew,D.C. United,0,1,,,False,,False,Historic Crew Stadium,533313,
2019-04-24,2019,MLS,True,New England Revolution,CF Montréal,0,3,,,False,,False,Gillette Stadium,533314,
2019-04-24,2019,MLS,True,Minnesota United FC,LA Galaxy,0,0,,,False,,False,Allianz Field,533312,
2019-04-24,2019,MLS,True,Seattle Sounders FC,San Jose Earthquakes,2,2,,,False,,False,Lumen Field,533311,
2019-04-27,2019,MLS,True,New York City FC,Orlando City SC,1,1,,,False,,False,Yankee Stadium,533310,
2019-04-27,2019,MLS,True,Toronto FC,Portland Timbers,1,2,,,False,,False,BMO Field,533309,
2019-04-27,2019,MLS,True,FC Dallas,San Jose Earthquakes,0,0,,,False,,False,Toyota Stadium,533308,
2019-04-27,2019,MLS,True,Vancouver Whitecaps,Philadelphia Union,1,1,,,False,,False,BC Place,533307,
2019-04-27,2019,MLS,True,Atlanta United FC,Colorado Rapids,1,0,,,False,,False,Mercedes-Benz Stadium,533306,
2019-04-27,2019,MLS,True,Red Bull New York,FC Cincinnati,1,0,,,False,,False,Sports Illustrated Stadium,533305,
2019-04-27,2019,MLS,True,Houston Dynamo FC,Columbus Crew,2,0,,,False,,False,Shell Energy Stadium,533303,
2019-04-27,2019,MLS,True,Sporting Kansas City,New England Revolution,4,4,,,False,,False,Children's Mercy Park,533304,
2019-04-28,2019,MLS,True,CF Montréal,Chicago Fire FC,1,0,,,False,,False,Stade Saputo,533302,
2019-04-28,2019,MLS,True,Minnesota United FC,D.C. United,1,0,,,False,,False,Allianz Field,533301,
2019-04-28,2019,MLS,True,Seattle Sounders FC,LAFC,1,1,,,False,,False,Lumen Field,533300,
2019-04-28,2019,MLS,True,LA Galaxy,Real Salt Lake,2,1,,,False,,False,Dignity Health Sports Park,533299,
2019-05-01,2019,MLS,True,Philadelphia Union,FC Cincinnati,2,0,,,False,,False,Subaru Park,533298,
2019-05-03,2019,MLS,True,Colorado Rapids,Vancouver Whitecaps,2,3,,,False,,False,Dick's Sporting Goods Park,533297,
2019-05-04,2019,MLS,True,Red Bull New York,LA Galaxy,3,2,,,False,,False,Sports Illustrated Stadium,533295,
2019-05-04,2019,MLS,True,Houston Dynamo FC,FC Dallas,2,1,,,False,,False,Shell Energy Stadium,533293,
2019-05-04,2019,MLS,True,Orlando City SC,Toronto FC,0,2,,,False,,False,Inter&Co Stadium,533294,
2019-05-04,2019,MLS,True,CF Montréal,New York City FC,0,2,,,False,,False,Stade Saputo,533296,
2019-05-04,2019,MLS,True,Philadelphia Union,New England Revolution,6,1,,,False,,False,Subaru Park,533292,
2019-05-04,2019,MLS,True,D.C. United,Columbus Crew,3,1,,,False,,False,Audi Field,533290,
2019-05-04,2019,MLS,True,Minnesota United FC,Seattle Sounders FC,1,1,,,False,,False,Allianz Field,533291,
2019-05-04,2019,MLS,True,Real Salt Lake,Portland Timbers,1,2,,,False,,False,America First Field,533289,
2019-05-04,2019,MLS,True,San Jose Earthquakes,FC Cincinnati,1,0,,,False,,False,PayPal Park,533288,
2019-05-04,2019,MLS,True,LAFC,Chicago Fire FC,0,0,,,False,,False,BMO Stadium,533287,
2019-05-05,2019,MLS,True,Sporting Kansas City,Atlanta United FC,0,3,,,False,,False,Children's Mercy Park,533286,
2019-05-08,2019,MLS,True,Atlanta United FC,Toronto FC,2,0,,,False,,False,Mercedes-Benz Stadium,533285,
2019-05-08,2019,MLS,True,Columbus Crew,LA Galaxy,3,1,,,False,,False,Historic Crew Stadium,533284,
2019-05-08,2019,MLS,True,Chicago Fire FC,New England Revolution,5,0,,,False,,False,SeatGeek Stadium,533283,
2019-05-08,2019,MLS,True,Red Bull New York,CF Montréal,1,2,,,False,,False,Sports Illustrated Stadium,533282,
2019-05-10,2019,MLS,True,Vancouver Whitecaps,Portland Timbers,1,0,,,False,,False,BC Place,533281,
2019-05-11,2019,MLS,True,FC Cincinnati,CF Montréal,2,1,,,False,,False,Nippert Stadium,533276,
2019-05-11,2019,MLS,True,FC Dallas,Red Bull New York,1,3,,,False,,False,Toyota Stadium,533280,
2019-05-11,2019,MLS,True,Toronto FC,Philadelphia Union,1,2,,,False,,False,BMO Field,533279,
2019-05-11,2019,MLS,True,LA Galaxy,New York City FC,0,2,,,False,,False,Dignity Health Sports Park,533278,
2019-05-11,2019,MLS,True,Columbus Crew,LAFC,0,3,,,False,,False,Historic Crew Stadium,533275,
2019-05-11,2019,MLS,True,New England Revolution,San Jose Earthquakes,3,1,,,False,,False,Gillette Stadium,533277,
2019-05-11,2019,MLS,True,Chicago Fire FC,Minnesota United FC,2,0,,,False,,False,SeatGeek Stadium,533274,
2019-05-11,2019,MLS,True,Colorado Rapids,Real Salt Lake,2,3,,,False,,False,Dick's Sporting Goods Park,533273,
2019-05-11,2019,MLS,True,Seattle Sounders FC,Houston Dynamo FC,1,0,,,False,,False,Lumen Field,533272,
2019-05-12,2019,MLS,True,Atlanta United FC,Orlando City SC,1,0,,,False,,False,Mercedes-Benz Stadium,533271,
2019-05-12,2019,MLS,True,D.C. United,Sporting Kansas City,1,0,,,False,,False,Audi Field,533270,
2019-05-15,2019,MLS,True,Toronto FC,D.C. United,0,0,,,False,,False,BMO Field,533269,
2019-05-15,2019,MLS,True,Houston Dynamo FC,Portland Timbers,1,1,,,False,,False,Shell Energy Stadium,533268,
2019-05-15,2019,MLS,True,Vancouver Whitecaps,Atlanta United FC,0,1,,,False,,False,BC Place,533267,
2019-05-15,2019,MLS,True,Seattle Sounders FC,Orlando City SC,2,1,,,False,,False,Lumen Field,533266,
2019-05-16,2019,MLS,True,LAFC,FC Dallas,2,0,,,False,,False,BMO Stadium,533265,
2019-05-18,2019,MLS,True,CF Montréal,New England Revolution,0,0,,,False,,False,Stade Saputo,533264,
2019-05-18,2019,MLS,True,Real Salt Lake,Toronto FC,3,0,,,False,,False,America First Field,533263,
2019-05-18,2019,MLS,True,San Jose Earthquakes,Chicago Fire FC,4,1,,,False,,False,PayPal Park,533262,
2019-05-18,2019,MLS,True,Philadelphia Union,Seattle Sounders FC,0,0,,,False,,False,Subaru Park,533261,
2019-05-18,2019,MLS,True,Minnesota United FC,Columbus Crew,1,0,,,False,,False,Allianz Field,533260,
2019-05-18,2019,MLS,True,Houston Dynamo FC,D.C. United,2,1,,,False,,False,Shell Energy Stadium,533258,
2019-05-18,2019,MLS,True,Sporting Kansas City,Vancouver Whitecaps,1,1,,,False,,False,Children's Mercy Park,533259,
2019-05-19,2019,MLS,True,Orlando City SC,FC Cincinnati,5,1,,,False,,False,Inter&Co Stadium,533255,
2019-05-19,2019,MLS,True,Red Bull New York,Atlanta United FC,1,0,,,False,,False,Sports Illustrated Stadium,533257,
2019-05-19,2019,MLS,True,FC Dallas,LAFC,1,1,,,False,,False,Toyota Stadium,533256,
2019-05-19,2019,MLS,True,LA Galaxy,Colorado Rapids,0,1,,,False,,False,Dignity Health Sports Park,533254,
2019-05-22,2019,MLS,True,Red Bull New York,Vancouver Whitecaps,2,2,,,False,,False,Sports Illustrated Stadium,533253,
2019-05-24,2019,MLS,True,Orlando City SC,LA Galaxy,0,1,,,False,,False,Inter&Co Stadium,533252,
2019-05-24,2019,MLS,True,Real Salt Lake,Atlanta United FC,2,1,,,False,,False,America First Field,533251,
2019-05-24,2019,MLS,True,LAFC,CF Montréal,4,2,,,False,,False,BMO Stadium,533250,
2019-05-25,2019,MLS,True,Chicago Fire FC,New York City FC,1,1,,,False,,False,SeatGeek Stadium,533249,
2019-05-25,2019,MLS,True,Vancouver Whitecaps,FC Dallas,2,1,,,False,,False,BC Place,533248,
2019-05-25,2019,MLS,True,FC Cincinnati,Red Bull New York,0,2,,,False,,False,Nippert Stadium,533245,
2019-05-25,2019,MLS,True,New England Revolution,D.C. United,1,1,,,False,,False,Gillette Stadium,533247,
2019-05-25,2019,MLS,True,Philadelphia Union,Portland Timbers,1,3,,,False,,False,Subaru Park,533246,
2019-05-25,2019,MLS,True,Minnesota United FC,Houston Dynamo FC,1,0,,,False,,False,Allianz Field,533244,
2019-05-25,2019,MLS,True,Colorado Rapids,Columbus Crew,3,2,,,False,,False,Dick's Sporting Goods Park,533243,
2019-05-26,2019,MLS,True,Sporting Kansas City,Seattle Sounders FC,3,2,,,False,,False,Children's Mercy Park,533242,
2019-05-26,2019,MLS,True,Toronto FC,San Jose Earthquakes,1,2,,,False,,False,BMO Field,533241,
2019-05-29,2019,MLS,True,Atlanta United FC,Minnesota United FC,3,0,,,False,,False,Mercedes-Benz Stadium,533240,
2019-05-29,2019,MLS,True,CF Montréal,Real Salt Lake,2,1,,,False,,False,Stade Saputo,533239,
2019-05-29,2019,MLS,True,Philadelphia Union,Colorado Rapids,1,1,,,False,,False,Subaru Park,533238,
2019-05-29,2019,MLS,True,D.C. United,Chicago Fire FC,3,3,,,False,,False,Audi Field,533237,
2019-05-29,2019,MLS,True,Sporting Kansas City,LA Galaxy,0,2,,,False,,False,Children's Mercy Park,533236,
2019-05-31,2019,MLS,True,Vancouver Whitecaps,Toronto FC,1,1,,,False,,False,BC Place,533235,
2019-06-01,2019,MLS,True,CF Montréal,Orlando City SC,0,3,,,False,,False,Stade Saputo,533234,
2019-06-01,2019,MLS,True,Atlanta United FC,Chicago Fire FC,2,0,,,False,,False,Mercedes-Benz Stadium,533233,
2019-06-01,2019,MLS,True,Red Bull New York,Real Salt Lake,4,0,,,False,,False,Sports Illustrated Stadium,533232,
2019-06-01,2019,MLS,True,Columbus Crew,New York City FC,2,2,,,False,,False,Historic Crew Stadium,533231,
2019-06-01,2019,MLS,True,D.C. United,San Jose Earthquakes,1,1,,,False,,False,Audi Field,533229,
2019-06-01,2019,MLS,True,Colorado Rapids,FC Cincinnati,3,1,,,False,,False,Dick's Sporting Goods Park,533226,
2019-06-01,2019,MLS,True,Houston Dynamo FC,Sporting Kansas City,1,1,,,False,,False,Shell Energy Stadium,533227,
2019-06-01,2019,MLS,True,FC Dallas,Seattle Sounders FC,2,1,,,False,,False,Toyota Stadium,533230,
2019-06-01,2019,MLS,True,Portland Timbers,LAFC,2,3,,,False,,False,Providence Park,532583,
2019-06-02,2019,MLS,True,Minnesota United FC,Philadelphia Union,2,3,,,False,,False,Allianz Field,533225,
2019-06-02,2019,MLS,True,LA Galaxy,New England Revolution,1,2,,,False,,False,Dignity Health Sports Park,533228,
2019-06-05,2019,MLS,True,CF Montréal,Seattle Sounders FC,2,1,,,False,,False,Stade Saputo,533224,
2019-06-06,2019,MLS,True,New York City FC,FC Cincinnati,5,2,,,False,,False,Yankee Stadium,533223,
2019-06-07,2019,MLS,True,Toronto FC,Sporting Kansas City,2,2,,,False,,False,BMO Field,533222,
2019-06-08,2019,MLS,True,San Jose Earthquakes,FC Dallas,2,2,,,False,,False,PayPal Park,533221,
2019-06-08,2019,MLS,True,Philadelphia Union,Red Bull New York,3,2,,,False,,False,Subaru Park,533220,
2019-06-08,2019,MLS,True,Colorado Rapids,Minnesota United FC,1,0,,,False,,False,Dick's Sporting Goods Park,533160,
2019-06-22,2019,MLS,True,FC Cincinnati,LA Galaxy,0,2,,,False,,False,Nippert Stadium,533219,
2019-06-22,2019,MLS,True,Chicago Fire FC,Real Salt Lake,1,1,,,False,,False,SeatGeek Stadium,533217,
2019-06-22,2019,MLS,True,FC Dallas,Toronto FC,3,0,,,False,,False,Toyota Stadium,533218,
2019-06-22,2019,MLS,True,Vancouver Whitecaps,Colorado Rapids,2,2,,,False,,False,BC Place,533216,
2019-06-22,2019,MLS,True,Portland Timbers,Houston Dynamo FC,4,0,,,False,,False,Providence Park,533215,
2019-06-23,2019,MLS,True,Columbus Crew,Sporting Kansas City,0,1,,,False,,False,Historic Crew Stadium,533214,
2019-06-26,2019,MLS,True,New England Revolution,Philadelphia Union,1,1,,,False,,False,Gillette Stadium,533212,
2019-06-26,2019,MLS,True,D.C. United,Orlando City SC,1,0,,,False,,False,Audi Field,533211,
2019-06-26,2019,MLS,True,Toronto FC,Atlanta United FC,3,2,,,False,,False,BMO Field,533210,
2019-06-26,2019,MLS,True,CF Montréal,Portland Timbers,2,1,,,False,,False,Stade Saputo,533213,
2019-06-26,2019,MLS,True,FC Dallas,Vancouver Whitecaps,2,2,,,False,,False,Toyota Stadium,533209,
2019-06-26,2019,MLS,True,San Jose Earthquakes,Houston Dynamo FC,2,0,,,False,,False,PayPal Park,533208,
2019-06-28,2019,MLS,True,Red Bull New York,Chicago Fire FC,3,1,,,False,,False,Sports Illustrated Stadium,533207,
2019-06-28,2019,MLS,True,Colorado Rapids,LAFC,1,0,,,False,,False,Dick's Sporting Goods Park,533206,
2019-06-29,2019,MLS,True,Minnesota United FC,FC Cincinnati,7,1,,,False,,False,Allianz Field,533205,
2019-06-29,2019,MLS,True,Atlanta United FC,CF Montréal,2,1,,,False,,False,Mercedes-Benz Stadium,533204,
2019-06-29,2019,MLS,True,New York City FC,Philadelphia Union,4,2,,,False,,False,Yankee Stadium,533203,
2019-06-29,2019,MLS,True,Columbus Crew,Orlando City SC,0,2,,,False,,False,Historic Crew Stadium,533202,
2019-06-29,2019,MLS,True,New England Revolution,Houston Dynamo FC,2,1,,,False,,False,Gillette Stadium,533201,
2019-06-29,2019,MLS,True,D.C. United,Toronto FC,1,1,,,False,,False,Audi Field,533200,
2019-06-29,2019,MLS,True,Real Salt Lake,Sporting Kansas City,2,0,,,False,,False,America First Field,533197,
2019-06-29,2019,MLS,True,San Jose Earthquakes,LA Galaxy,3,0,,,False,,False,Stanford Stadium,533199,
2019-06-29,2019,MLS,True,Seattle Sounders FC,Vancouver Whitecaps,1,0,,,False,,False,Lumen Field,533198,
2019-06-30,2019,MLS,True,Portland Timbers,FC Dallas,1,0,,,False,,False,Providence Park,533196,
2019-07-03,2019,MLS,True,New York City FC,Seattle Sounders FC,3,0,,,False,,False,Yankee Stadium,533195,
2019-07-03,2019,MLS,True,Orlando City SC,Philadelphia Union,1,3,,,False,,False,Inter&Co Stadium,533194,
2019-07-03,2019,MLS,True,Chicago Fire FC,Atlanta United FC,5,1,,,False,,False,SeatGeek Stadium,533193,
2019-07-03,2019,MLS,True,Minnesota United FC,San Jose Earthquakes,3,1,,,False,,False,Allianz Field,533192,
2019-07-03,2019,MLS,True,Sporting Kansas City,LAFC,1,5,,,False,,False,Children's Mercy Park,533191,
2019-07-03,2019,MLS,True,Houston Dynamo FC,Red Bull New York,4,0,,,False,,False,Shell Energy Stadium,533190,
2019-07-03,2019,MLS,True,Real Salt Lake,Columbus Crew,1,0,,,False,,False,America First Field,533189,
2019-07-04,2019,MLS,True,FC Dallas,D.C. United,2,0,,,False,,False,Toyota Stadium,533188,
2019-07-04,2019,MLS,True,Colorado Rapids,New England Revolution,1,2,,,False,,False,Dick's Sporting Goods Park,533187,
2019-07-04,2019,MLS,True,LA Galaxy,Toronto FC,2,0,,,False,,False,Dignity Health Sports Park,533186,
2019-07-06,2019,MLS,True,CF Montréal,Minnesota United FC,2,3,,,False,,False,Stade Saputo,533183,
2019-07-06,2019,MLS,True,Columbus Crew,Seattle Sounders FC,1,2,,,False,,False,Historic Crew Stadium,533184,
2019-07-06,2019,MLS,True,FC Cincinnati,Houston Dynamo FC,3,2,,,False,,False,Nippert Stadium,533182,
2019-07-06,2019,MLS,True,Sporting Kansas City,Chicago Fire FC,1,0,,,False,,False,Children's Mercy Park,533181,
2019-07-06,2019,MLS,True,LAFC,Vancouver Whitecaps,6,1,,,False,,False,BMO Stadium,533179,
2019-07-06,2019,MLS,True,San Jose Earthquakes,Real Salt Lake,1,0,,,False,,False,PayPal Park,533180,
2019-07-07,2019,MLS,True,Atlanta United FC,Red Bull New York,3,3,,,False,,False,Mercedes-Benz Stadium,533178,
2019-07-07,2019,MLS,True,Philadelphia Union,Orlando City SC,2,2,,,False,,False,Subaru Park,533185,
2019-07-07,2019,MLS,True,New York City FC,Portland Timbers,0,1,,,False,,False,Yankee Stadium,533177,
2019-07-12,2019,MLS,True,D.C. United,New England Revolution,2,2,,,False,,False,Audi Field,533176,
2019-07-12,2019,MLS,True,Houston Dynamo FC,LAFC,1,3,,,False,,False,Shell Energy Stadium,533175,
2019-07-12,2019,MLS,True,LA Galaxy,San Jose Earthquakes,1,3,,,False,,False,Dignity Health Sports Park,533174,
2019-07-13,2019,MLS,True,CF Montréal,Toronto FC,0,2,,,False,,False,Stade Saputo,533173,
2019-07-13,2019,MLS,True,Orlando City SC,Columbus Crew,1,0,,,False,,False,Inter&Co Stadium,533172,
2019-07-13,2019,MLS,True,Chicago Fire FC,FC Cincinnati,1,2,,,False,,False,SeatGeek Stadium,533171,
2019-07-13,2019,MLS,True,Minnesota United FC,FC Dallas,1,0,,,False,,False,Allianz Field,533170,
2019-07-13,2019,MLS,True,Real Salt Lake,Philadelphia Union,4,0,,,False,,False,America First Field,533169,
2019-07-13,2019,MLS,True,Vancouver Whitecaps,Sporting Kansas City,0,3,,,False,,False,BC Place,533168,
2019-07-13,2019,MLS,True,Portland Timbers,Colorado Rapids,2,2,,,False,,False,Providence Park,533167,
2019-07-14,2019,MLS,True,Seattle Sounders FC,Atlanta United FC,2,1,,,False,,False,Lumen Field,533166,
2019-07-14,2019,MLS,True,Red Bull New York,New York City FC,2,1,,,False,,False,Sports Illustrated Stadium,533165,
2019-07-17,2019,MLS,True,Atlanta United FC,Houston Dynamo FC,5,0,,,False,,False,Mercedes-Benz Stadium,533163,
2019-07-17,2019,MLS,True,New England Revolution,Vancouver Whitecaps,4,0,,,False,,False,Gillette Stadium,533164,
2019-07-17,2019,MLS,True,Chicago Fire FC,Columbus Crew,2,2,,,False,,False,SeatGeek Stadium,533161,
2019-07-17,2019,MLS,True,Toronto FC,Red Bull New York,3,1,,,False,,False,BMO Field,533162,
2019-07-18,2019,MLS,True,FC Cincinnati,D.C. United,1,4,,,False,,False,Nippert Stadium,533159,
2019-07-18,2019,MLS,True,Portland Timbers,Orlando City SC,1,1,,,False,,False,Providence Park,533158,
2019-07-19,2019,MLS,True,LA Galaxy,LAFC,3,2,,,False,,False,Dignity Health Sports Park,533157,
2019-07-20,2019,MLS,True,Columbus Crew,CF Montréal,2,1,,,False,,False,Historic Crew Stadium,533156,
2019-07-20,2019,MLS,True,Philadelphia Union,Chicago Fire FC,2,0,,,False,,False,Subaru Park,533154,
2019-07-20,2019,MLS,True,Toronto FC,Houston Dynamo FC,1,3,,,False,,False,BMO Field,533155,
2019-07-20,2019,MLS,True,Sporting Kansas City,FC Dallas,0,2,,,False,,False,Children's Mercy Park,533153,
2019-07-20,2019,MLS,True,Colorado Rapids,New York City FC,1,2,,,False,,False,Dick's Sporting Goods Park,533152,
2019-07-20,2019,MLS,True,Real Salt Lake,Minnesota United FC,1,1,,,False,,False,America First Field,533151,
2019-07-20,2019,MLS,True,Vancouver Whitecaps,San Jose Earthquakes,1,3,,,False,,False,BC Place,533150,
2019-07-21,2019,MLS,True,Atlanta United FC,D.C. United,2,0,,,False,,False,Mercedes-Benz Stadium,533149,
2019-07-21,2019,MLS,True,FC Cincinnati,New England Revolution,0,2,,,False,,False,Nippert Stadium,533148,
2019-07-21,2019,MLS,True,Orlando City SC,Red Bull New York,0,1,,,False,,False,Inter&Co Stadium,533147,
2019-07-21,2019,MLS,True,Seattle Sounders FC,Portland Timbers,1,2,,,False,,False,Lumen Field,533146,
2019-07-26,2019,MLS,True,New York City FC,Sporting Kansas City,3,1,,,False,,False,Yankee Stadium,533145,
2019-07-26,2019,MLS,True,LAFC,Atlanta United FC,4,3,,,False,,False,BMO Stadium,533136,
2019-07-27,2019,MLS,True,New England Revolution,Orlando City SC,4,1,,,False,,False,Gillette Stadium,533140,
2019-07-27,2019,MLS,True,Red Bull New York,Columbus Crew,2,3,,,False,,False,Sports Illustrated Stadium,533137,
2019-07-27,2019,MLS,True,CF Montréal,Philadelphia Union,4,0,,,False,,False,Stade Saputo,533141,
2019-07-27,2019,MLS,True,Chicago Fire FC,D.C. United,0,0,,,False,,False,SeatGeek Stadium,533138,
2019-07-27,2019,MLS,True,FC Dallas,Real Salt Lake,0,0,,,False,,False,Toyota Stadium,533142,
2019-07-27,2019,MLS,True,Houston Dynamo FC,Seattle Sounders FC,0,1,,,False,,False,Shell Energy Stadium,533143,
2019-07-27,2019,MLS,True,Minnesota United FC,Vancouver Whitecaps,0,0,,,False,,False,Allianz Field,533144,
2019-07-27,2019,MLS,True,Toronto FC,FC Cincinnati,2,1,,,False,,False,BMO Field,533139,
2019-07-27,2019,MLS,True,San Jose Earthquakes,Colorado Rapids,3,1,,,False,,False,PayPal Park,533135,
2019-07-27,2019,MLS,True,Portland Timbers,LA Galaxy,4,0,,,False,,False,Providence Park,533134,
2019-07-31,2019,MLS,True,MLS All-Stars,Atlético Madrid,0,3,,,False,,False,Inter&Co Stadium,539388,
2019-08-03,2019,MLS,True,Atlanta United FC,LA Galaxy,3,0,,,False,,False,Mercedes-Benz Stadium,533133,
2019-08-03,2019,MLS,True,Red Bull New York,Toronto FC,2,0,,,False,,False,Sports Illustrated Stadium,533132,
2019-08-03,2019,MLS,True,New England Revolution,LAFC,0,2,,,False,,False,Gillette Stadium,533130,
2019-08-03,2019,MLS,True,Orlando City SC,FC Dallas,2,0,,,False,,False,Inter&Co Stadium,533129,
2019-08-03,2019,MLS,True,FC Cincinnati,Vancouver Whitecaps,1,2,,,False,,False,Nippert Stadium,533131,
2019-08-03,2019,MLS,True,Colorado Rapids,CF Montréal,6,3,,,False,,False,Dick's Sporting Goods Park,533127,
2019-08-03,2019,MLS,True,Houston Dynamo FC,Chicago Fire FC,0,1,,,False,,False,Shell Energy Stadium,533128,
2019-08-03,2019,MLS,True,Real Salt Lake,New York City FC,3,1,,,False,,False,America First Field,533126,
2019-08-03,2019,MLS,True,San Jose Earthquakes,Columbus Crew,1,1,,,False,,False,PayPal Park,533125,
2019-08-04,2019,MLS,True,Minnesota United FC,Portland Timbers,1,0,,,False,,False,Allianz Field,533124,
2019-08-04,2019,MLS,True,D.C. United,Philadelphia Union,1,5,,,False,,False,Audi Field,533123,
2019-08-04,2019,MLS,True,Seattle Sounders FC,Sporting Kansas City,2,3,,,False,,False,Lumen Field,533122,
2019-08-08,2019,MLS,True,New York City FC,Houston Dynamo FC,3,2,,,False,,False,Yankee Stadium,533121,
2019-08-10,2019,MLS,True,Seattle Sounders FC,New England Revolution,3,3,,,False,,False,Lumen Field,533120,
2019-08-10,2019,MLS,True,Columbus Crew,FC Cincinnati,2,2,,,False,,False,Historic Crew Stadium,533118,
2019-08-10,2019,MLS,True,Toronto FC,Orlando City SC,1,1,,,False,,False,BMO Field,533119,
2019-08-10,2019,MLS,True,FC Dallas,Minnesota United FC,5,3,,,False,,False,Toyota Stadium,533117,
2019-08-10,2019,MLS,True,Sporting Kansas City,Real Salt Lake,1,2,,,False,,False,Children's Mercy Park,533116,
2019-08-10,2019,MLS,True,Chicago Fire FC,CF Montréal,3,2,,,False,,False,SeatGeek Stadium,533114,
2019-08-10,2019,MLS,True,Colorado Rapids,San Jose Earthquakes,2,1,,,False,,False,Dick's Sporting Goods Park,533115,
2019-08-10,2019,MLS,True,Portland Timbers,Vancouver Whitecaps,3,1,,,False,,False,Providence Park,533113,
2019-08-11,2019,MLS,True,Atlanta United FC,New York City FC,2,1,,,False,,False,Mercedes-Benz Stadium,533112,
2019-08-11,2019,MLS,True,Philadelphia Union,Houston Dynamo FC,2,1,,,False,,False,Subaru Park,533111,
2019-08-11,2019,MLS,True,D.C. United,LA Galaxy,2,1,,,False,,False,Audi Field,533110,
2019-08-11,2019,MLS,True,LAFC,Red Bull New York,4,2,,,False,,False,BMO Stadium,533109,
2019-08-14,2019,MLS,True,Orlando City SC,Sporting Kansas City,1,0,,,False,,False,Inter&Co Stadium,533108,
2019-08-14,2019,MLS,True,Minnesota United FC,Colorado Rapids,1,0,,,False,,False,Allianz Field,533107,
2019-08-14,2019,MLS,True,Real Salt Lake,Seattle Sounders FC,3,0,,,False,,False,America First Field,533106,
2019-08-14,2019,MLS,True,LA Galaxy,FC Dallas,2,0,,,False,,False,Dignity Health Sports Park,533105,
2019-08-14,2019,MLS,True,Portland Timbers,Chicago Fire FC,3,2,,,False,,False,Providence Park,533104,
2019-08-17,2019,MLS,True,Red Bull New York,New England Revolution,1,1,,,False,,False,Sports Illustrated Stadium,533103,
2019-08-17,2019,MLS,True,CF Montréal,FC Dallas,3,3,,,False,,False,Stade Saputo,533100,
2019-08-17,2019,MLS,True,Columbus Crew,Toronto FC,2,2,,,False,,False,Historic Crew Stadium,533102,
2019-08-17,2019,MLS,True,FC Cincinnati,New York City FC,1,4,,,False,,False,Nippert Stadium,533101,
2019-08-17,2019,MLS,True,Chicago Fire FC,Philadelphia Union,2,0,,,False,,False,SeatGeek Stadium,533099,
2019-08-17,2019,MLS,True,Minnesota United FC,Orlando City SC,1,1,,,False,,False,Allianz Field,533098,
2019-08-17,2019,MLS,True,Sporting Kansas City,San Jose Earthquakes,2,1,,,False,,False,Children's Mercy Park,533097,
2019-08-17,2019,MLS,True,Houston Dynamo FC,Colorado Rapids,2,2,,,False,,False,Shell Energy Stadium,533096,
2019-08-17,2019,MLS,True,LA Galaxy,Seattle Sounders FC,2,2,,,False,,False,Dignity Health Sports Park,533095,
2019-08-17,2019,MLS,True,Real Salt Lake,LAFC,0,2,,,False,,False,America First Field,533094,
2019-08-17,2019,MLS,True,Vancouver Whitecaps,D.C. United,1,0,,,False,,False,BC Place,533093,
2019-08-18,2019,MLS,True,Portland Timbers,Atlanta United FC,0,2,,,False,,False,Providence Park,533092,
2019-08-21,2019,MLS,True,New York City FC,Columbus Crew,1,0,,,False,,False,Yankee Stadium,533091,
2019-08-21,2019,MLS,True,D.C. United,Red Bull New York,1,2,,,False,,False,Audi Field,533090,
2019-08-21,2019,MLS,True,LAFC,San Jose Earthquakes,4,0,,,False,,False,BMO Stadium,533089,
2019-08-22,2019,MLS,True,Sporting Kansas City,Minnesota United FC,1,0,,,False,,False,Children's Mercy Park,533088,
2019-08-23,2019,MLS,True,Orlando City SC,Atlanta United FC,0,1,,,False,,False,Inter&Co Stadium,533087,
2019-08-23,2019,MLS,True,Portland Timbers,Seattle Sounders FC,1,2,,,False,,False,Providence Park,533086,
2019-08-24,2019,MLS,True,New York City FC,Red Bull New York,2,1,,,False,,False,Yankee Stadium,533085,
2019-08-24,2019,MLS,True,New England Revolution,Chicago Fire FC,2,1,,,False,,False,Gillette Stadium,533082,
2019-08-24,2019,MLS,True,Philadelphia Union,D.C. United,3,1,,,False,,False,Subaru Park,533083,
2019-08-24,2019,MLS,True,Toronto FC,CF Montréal,2,1,,,False,,False,BMO Field,533084,
2019-08-24,2019,MLS,True,Real Salt Lake,Colorado Rapids,2,0,,,False,,False,America First Field,533079,
2019-08-24,2019,MLS,True,San Jose Earthquakes,Vancouver Whitecaps,3,1,,,False,,False,PayPal Park,533080,
2019-08-25,2019,MLS,True,FC Cincinnati,Columbus Crew,1,3,,,False,,False,Nippert Stadium,533078,
2019-08-25,2019,MLS,True,FC Dallas,Houston Dynamo FC,5,1,,,False,,False,Toyota Stadium,533081,
2019-08-25,2019,MLS,True,LAFC,LA Galaxy,3,3,,,False,,False,BMO Stadium,533077,
2019-08-28,2019,MLS,True,CF Montréal,Vancouver Whitecaps,2,1,,,False,,False,Stade Saputo,533076,
2019-08-31,2019,MLS,True,Red Bull New York,Colorado Rapids,0,2,,,False,,False,Sports Illustrated Stadium,533075,
2019-08-31,2019,MLS,True,CF Montréal,D.C. United,0,3,,,False,,False,Stade Saputo,533072,
2019-08-31,2019,MLS,True,Columbus Crew,Chicago Fire FC,1,1,,,False,,False,Historic Crew Stadium,533071,
2019-08-31,2019,MLS,True,New England Revolution,Toronto FC,1,1,,,False,,False,Gillette Stadium,533074,
2019-08-31,2019,MLS,True,Philadelphia Union,Atlanta United FC,3,1,,,False,,False,Subaru Park,533070,
2019-08-31,2019,MLS,True,FC Dallas,FC Cincinnati,3,1,,,False,,False,Toyota Stadium,533069,
2019-08-31,2019,MLS,True,Sporting Kansas City,Houston Dynamo FC,1,0,,,False,,False,Children's Mercy Park,533073,
2019-08-31,2019,MLS,True,Vancouver Whitecaps,New York City FC,1,3,,,False,,False,BC Place,533068,
2019-08-31,2019,MLS,True,Portland Timbers,Real Salt Lake,1,0,,,False,,False,Providence Park,533067,
2019-08-31,2019,MLS,True,San Jose Earthquakes,Orlando City SC,3,0,,,False,,False,PayPal Park,533066,
2019-09-01,2019,MLS,True,Seattle Sounders FC,LA Galaxy,4,3,,,False,,False,Lumen Field,533065,
2019-09-01,2019,MLS,True,LAFC,Minnesota United FC,0,2,,,False,,False,BMO Stadium,533064,
2019-09-07,2019,MLS,True,New York City FC,New England Revolution,2,1,,,False,,False,Yankee Stadium,533063,
2019-09-07,2019,MLS,True,FC Cincinnati,Toronto FC,1,5,,,False,,False,Nippert Stadium,533062,
2019-09-07,2019,MLS,True,Orlando City SC,LAFC,2,2,,,False,,False,Inter&Co Stadium,533061,
2019-09-07,2019,MLS,True,Colorado Rapids,Seattle Sounders FC,2,0,,,False,,False,Dick's Sporting Goods Park,533339,
2019-09-07,2019,MLS,True,Portland Timbers,Sporting Kansas City,2,1,,,False,,False,Providence Park,533060,
2019-09-11,2019,MLS,True,New York City FC,Toronto FC,1,1,,,False,,False,Yankee Stadium,533059,
2019-09-11,2019,MLS,True,Houston Dynamo FC,Minnesota United FC,2,0,,,False,,False,Shell Energy Stadium,533058,
2019-09-11,2019,MLS,True,Colorado Rapids,LA Galaxy,2,1,,,False,,False,Dick's Sporting Goods Park,533056,
2019-09-11,2019,MLS,True,Real Salt Lake,San Jose Earthquakes,1,0,,,False,,False,America First Field,533057,
2019-09-14,2019,MLS,True,New York City FC,San Jose Earthquakes,2,1,,,False,,False,Yankee Stadium,533054,
2019-09-14,2019,MLS,True,Chicago Fire FC,FC Dallas,4,0,,,False,,False,SeatGeek Stadium,533055,
2019-09-14,2019,MLS,True,Atlanta United FC,Columbus Crew,1,3,,,False,,False,Mercedes-Benz Stadium,533053,
2019-09-14,2019,MLS,True,CF Montréal,FC Cincinnati,0,1,,,False,,False,Stade Saputo,533050,
2019-09-14,2019,MLS,True,Orlando City SC,New England Revolution,3,3,,,False,,False,Inter&Co Stadium,533052,
2019-09-14,2019,MLS,True,Philadelphia Union,LAFC,1,1,,,False,,False,Subaru Park,533051,
2019-09-14,2019,MLS,True,Vancouver Whitecaps,Houston Dynamo FC,2,1,,,False,,False,BC Place,533049,
2019-09-15,2019,MLS,True,Portland Timbers,D.C. United,0,1,,,False,,False,Providence Park,533045,
2019-09-15,2019,MLS,True,Toronto FC,Colorado Rapids,3,2,,,False,,False,BMO Field,533047,
2019-09-15,2019,MLS,True,Minnesota United FC,Real Salt Lake,3,1,,,False,,False,Allianz Field,533046,
2019-09-15,2019,MLS,True,Seattle Sounders FC,Red Bull New York,4,2,,,False,,False,Lumen Field,533048,
2019-09-15,2019,MLS,True,LA Galaxy,Sporting Kansas City,7,2,,,False,,False,Dignity Health Sports Park,533044,
2019-09-18,2019,MLS,True,FC Cincinnati,Atlanta United FC,0,2,,,False,,False,Nippert Stadium,533043,
2019-09-18,2019,MLS,True,Portland Timbers,Red Bull New York,0,2,,,False,,False,Providence Park,533042,
2019-09-18,2019,MLS,True,Seattle Sounders FC,FC Dallas,0,0,,,False,,False,Lumen Field,533041,
2019-09-21,2019,MLS,True,Atlanta United FC,San Jose Earthquakes,3,1,,,False,,False,Mercedes-Benz Stadium,533040,
2019-09-21,2019,MLS,True,Vancouver Whitecaps,Columbus Crew,1,1,,,False,,False,BC Place,533039,
2019-09-21,2019,MLS,True,FC Cincinnati,Chicago Fire FC,0,0,,,False,,False,Nippert Stadium,533037,
2019-09-21,2019,MLS,True,New England Revolution,Real Salt Lake,0,0,,,False,,False,Gillette Stadium,533038,
2019-09-21,2019,MLS,True,Houston Dynamo FC,Orlando City SC,2,1,,,False,,False,Shell Energy Stadium,533036,
2019-09-21,2019,MLS,True,Sporting Kansas City,Colorado Rapids,2,3,,,False,,False,Children's Mercy Park,533035,
2019-09-21,2019,MLS,True,LA Galaxy,CF Montréal,2,1,,,False,,False,Dignity Health Sports Park,533033,
2019-09-21,2019,MLS,True,LAFC,Toronto FC,1,1,,,False,,False,BMO Stadium,533034,
2019-09-22,2019,MLS,True,Portland Timbers,Minnesota United FC,0,0,,,False,,False,Providence Park,533031,
2019-09-22,2019,MLS,True,FC Dallas,New York City FC,1,1,,,False,,False,Toyota Stadium,533032,
2019-09-22,2019,MLS,True,Red Bull New York,Philadelphia Union,2,0,,,False,,False,Sports Illustrated Stadium,533029,
2019-09-22,2019,MLS,True,D.C. United,Seattle Sounders FC,2,0,,,False,,False,Audi Field,533030,
2019-09-25,2019,MLS,True,New York City FC,Atlanta United FC,4,1,,,False,,False,Yankee Stadium,533028,
2019-09-25,2019,MLS,True,Minnesota United FC,Sporting Kansas City,2,1,,,False,,False,Allianz Field,533027,
2019-09-25,2019,MLS,True,Real Salt Lake,LA Galaxy,1,2,,,False,,False,America First Field,533026,
2019-09-25,2019,MLS,True,LAFC,Houston Dynamo FC,3,1,,,False,,False,BMO Stadium,533024,
2019-09-25,2019,MLS,True,Portland Timbers,New England Revolution,2,2,,,False,,False,Providence Park,533025,
2019-09-25,2019,MLS,True,San Jose Earthquakes,Philadelphia Union,1,2,,,False,,False,PayPal Park,533023,
2019-09-29,2019,MLS,True,CF Montréal,Atlanta United FC,1,1,,,False,,False,Stade Saputo,533017,
2019-09-29,2019,MLS,True,Chicago Fire FC,Toronto FC,2,2,,,False,,False,SeatGeek Stadium,533022,
2019-09-29,2019,MLS,True,Columbus Crew,Philadelphia Union,2,0,,,False,,False,Historic Crew Stadium,533021,
2019-09-29,2019,MLS,True,FC Cincinnati,Orlando City SC,1,1,,,False,,False,Nippert Stadium,533020,
2019-09-29,2019,MLS,True,New England Revolution,New York City FC,2,0,,,False,,False,Gillette Stadium,533019,
2019-09-29,2019,MLS,True,Red Bull New York,D.C. United,0,0,,,False,,False,Sports Illustrated Stadium,533018,
2019-09-29,2019,MLS,True,Colorado Rapids,FC Dallas,3,0,,,False,,False,Dick's Sporting Goods Park,533011,
2019-09-29,2019,MLS,True,LA Galaxy,Vancouver Whitecaps,3,4,,,False,,False,Dignity Health Sports Park,533016,
2019-09-29,2019,MLS,True,Minnesota United FC,LAFC,1,1,,,False,,False,Allianz Field,533013,
2019-09-29,2019,MLS,True,Real Salt Lake,Houston Dynamo FC,2,1,,,False,,False,America First Field,533012,
2019-09-29,2019,MLS,True,San Jose Earthquakes,Seattle Sounders FC,0,1,,,False,,False,PayPal Park,533015,
2019-09-29,2019,MLS,True,Sporting Kansas City,Portland Timbers,2,2,,,False,,False,Children's Mercy Park,533014,
2019-10-06,2019,MLS,True,Atlanta United FC,New England Revolution,3,1,,,False,,False,Mercedes-Benz Stadium,533005,
2019-10-06,2019,MLS,True,CF Montréal,Red Bull New York,3,0,,,False,,False,Stade Saputo,533007,
2019-10-06,2019,MLS,True,D.C. United,FC Cincinnati,0,0,,,False,,False,Audi Field,533002,
2019-10-06,2019,MLS,True,FC Dallas,Sporting Kansas City,6,0,,,False,,False,Toyota Stadium,533010,
2019-10-06,2019,MLS,True,Houston Dynamo FC,LA Galaxy,4,2,,,False,,False,Shell Energy Stadium,533003,
2019-10-06,2019,MLS,True,LAFC,Colorado Rapids,3,1,,,False,,False,BMO Stadium,533000,
2019-10-06,2019,MLS,True,Orlando City SC,Chicago Fire FC,2,5,,,False,,False,Inter&Co Stadium,532999,
2019-10-06,2019,MLS,True,Philadelphia Union,New York City FC,1,2,,,False,,False,Subaru Park,533006,
2019-10-06,2019,MLS,True,Portland Timbers,San Jose Earthquakes,3,1,,,False,,False,Providence Park,533009,
2019-10-06,2019,MLS,True,Seattle Sounders FC,Minnesota United FC,1,0,,,False,,False,Lumen Field,533004,
2019-10-06,2019,MLS,True,Toronto FC,Columbus Crew,1,0,,,False,,False,BMO Field,533001,
2019-10-06,2019,MLS,True,Vancouver Whitecaps,Real Salt Lake,0,1,,,False,,False,BC Place,533008,
2019-10-19,2019,MLS,True,Atlanta United FC,New England Revolution,1,0,,,False,,False,Mercedes-Benz Stadium,557945,
2019-10-19,2019,MLS,True,Seattle Sounders FC,FC Dallas,4,3,,,False,,False,Lumen Field,557514,
2019-10-19,2019,MLS,True,Toronto FC,D.C. United,5,1,,,False,,False,BMO Field,557515,
2019-10-19,2019,MLS,True,Real Salt Lake,Portland Timbers,2,1,,,False,,False,America First Field,557968,
2019-10-20,2019,MLS,True,Philadelphia Union,Red Bull New York,4,3,,,False,,False,Subaru Park,557969,
2019-10-20,2019,MLS,True,Minnesota United FC,LA Galaxy,1,2,,,False,,False,Allianz Field,557970,
2019-10-23,2019,MLS,True,New York City FC,Toronto FC,1,2,,,False,,False,Citi Field,557971,
2019-10-23,2019,MLS,True,Seattle Sounders FC,Real Salt Lake,2,0,,,False,,False,Lumen Field,558278,
2019-10-24,2019,MLS,True,Atlanta United FC,Philadelphia Union,2,0,,,False,,False,Mercedes-Benz Stadium,558277,
2019-10-24,2019,MLS,True,LAFC,LA Galaxy,5,3,,,False,,False,BMO Stadium,557512,
2019-10-29,2019,MLS,True,LAFC,Seattle Sounders FC,1,3,,,False,,False,BMO Stadium,558276,
2019-10-30,2019,MLS,True,Atlanta United FC,Toronto FC,1,2,,,False,,False,Mercedes-Benz Stadium,558275,
2019-11-10,2019,MLS,True,Seattle Sounders FC,Toronto FC,3,1,,,False,,False,Lumen Field,557509,
2020-02-29,2020,MLS,True,D.C. United,Colorado Rapids,1,2,,,False,,False,Audi Field,560551,
2020-02-29,2020,MLS,True,CF Montréal,New England Revolution,2,1,,,False,,False,Stade Olympique (Montreal),560550,
2020-02-29,2020,MLS,True,Houston Dynamo FC,LA Galaxy,1,1,,,False,,False,Shell Energy Stadium,560549,
2020-02-29,2020,MLS,True,San Jose Earthquakes,Toronto FC,2,2,,,False,,False,PayPal Park,560548,
2020-02-29,2020,MLS,True,FC Dallas,Philadelphia Union,2,0,,,False,,False,Toyota Stadium,560546,
2020-02-29,2020,MLS,True,Orlando City SC,Real Salt Lake,0,0,,,False,,False,Inter&Co Stadium,560547,
2020-02-29,2020,MLS,True,Nashville SC,Atlanta United FC,1,2,,,False,,False,"Nissan Stadium, Nashville",560072,
2020-02-29,2020,MLS,True,Vancouver Whitecaps,Sporting Kansas City,1,3,,,False,,False,BC Place,560545,
2020-03-01,2020,MLS,True,Columbus Crew,New York City FC,1,0,,,False,,False,Historic Crew Stadium,560544,
2020-03-01,2020,MLS,True,Red Bull New York,FC Cincinnati,3,2,,,False,,False,Sports Illustrated Stadium,560543,
2020-03-01,2020,MLS,True,Seattle Sounders FC,Chicago Fire FC,2,1,,,False,,False,Lumen Field,560542,
2020-03-01,2020,MLS,True,LAFC,Inter Miami CF,1,0,,,False,,False,BMO Stadium,560541,
2020-03-01,2020,MLS,True,Portland Timbers,Minnesota United FC,1,3,,,False,,False,Providence Park,560540,
2020-03-07,2020,MLS,True,New England Revolution,Chicago Fire FC,1,1,,,False,,False,Gillette Stadium,560539,
2020-03-07,2020,MLS,True,Real Salt Lake,Red Bull New York,1,1,,,False,,False,America First Field,560538,
2020-03-07,2020,MLS,True,FC Dallas,CF Montréal,2,2,,,False,,False,Toyota Stadium,561818,
2020-03-07,2020,MLS,True,D.C. United,Inter Miami CF,2,1,,,False,,False,Audi Field,561817,
2020-03-07,2020,MLS,True,Toronto FC,New York City FC,1,0,,,False,,False,BMO Field,560537,
2020-03-07,2020,MLS,True,Atlanta United FC,FC Cincinnati,2,1,,,False,,False,Mercedes-Benz Stadium,560536,
2020-03-07,2020,MLS,True,San Jose Earthquakes,Minnesota United FC,2,5,,,False,,False,PayPal Park,561816,
2020-03-07,2020,MLS,True,Sporting Kansas City,Houston Dynamo FC,4,0,,,False,,False,Children's Mercy Park,560535,
2020-03-07,2020,MLS,True,Colorado Rapids,Orlando City SC,2,1,,,False,,False,Dick's Sporting Goods Park,560534,
2020-03-07,2020,MLS,True,LA Galaxy,Vancouver Whitecaps,0,1,,,False,,False,Dignity Health Sports Park,560533,
2020-03-07,2020,MLS,True,Seattle Sounders FC,Columbus Crew,1,1,,,False,,False,Lumen Field,561815,
2020-03-08,2020,MLS,True,Portland Timbers,Nashville SC,1,0,,,False,,False,Providence Park,561814,
2020-03-08,2020,MLS,True,LAFC,Philadelphia Union,3,3,,,False,,False,BMO Stadium,561813,
2020-07-08,2020,MLS,True,Orlando City SC,Inter Miami CF,2,1,,,False,,False,ESPN Wide World of Sports Complex,571505,
2020-07-09,2020,MLS,True,New York City FC,Philadelphia Union,0,1,,,False,,False,ESPN Wide World of Sports Complex,571507,
2020-07-09,2020,MLS,True,CF Montréal,New England Revolution,0,1,,,False,,False,ESPN Wide World of Sports Complex,573273,
2020-07-10,2020,MLS,True,Seattle Sounders FC,San Jose Earthquakes,0,0,,,False,,False,ESPN Wide World of Sports Complex,573274,
2020-07-11,2020,MLS,True,Atlanta United FC,Red Bull New York,0,1,,,False,,False,ESPN Wide World of Sports Complex,573275,
2020-07-11,2020,MLS,True,FC Cincinnati,Columbus Crew,0,4,,,False,,False,ESPN Wide World of Sports Complex,573276,
2020-07-12,2020,MLS,True,Sporting Kansas City,Minnesota United FC,1,2,,,False,,False,ESPN Wide World of Sports Complex,573278,
2020-07-12,2020,MLS,True,Real Salt Lake,Colorado Rapids,2,0,,,False,,False,ESPN Wide World of Sports Complex,573279,
2020-07-13,2020,MLS,True,Toronto FC,D.C. United,2,2,,,False,,False,ESPN Wide World of Sports Complex,573277,
2020-07-13,2020,MLS,True,LAFC,Houston Dynamo FC,3,3,,,False,,False,ESPN Wide World of Sports Complex,573280,
2020-07-13,2020,MLS,True,LA Galaxy,Portland Timbers,1,2,,,False,,False,ESPN Wide World of Sports Complex,573281,
2020-07-14,2020,MLS,True,Chicago Fire FC,Seattle Sounders FC,2,1,,,False,,False,ESPN Wide World of Sports Complex,573282,
2020-07-14,2020,MLS,True,New York City FC,Orlando City SC,1,3,,,False,,False,ESPN Wide World of Sports Complex,573283,
2020-07-14,2020,MLS,True,Philadelphia Union,Inter Miami CF,2,1,,,False,,False,ESPN Wide World of Sports Complex,573284,
2020-07-15,2020,MLS,True,Vancouver Whitecaps,San Jose Earthquakes,3,4,,,False,,False,ESPN Wide World of Sports Complex,573286,
2020-07-16,2020,MLS,True,Atlanta United FC,FC Cincinnati,0,1,,,False,,False,ESPN Wide World of Sports Complex,573287,
2020-07-16,2020,MLS,True,CF Montréal,Toronto FC,3,4,,,False,,False,ESPN Wide World of Sports Complex,573285,
2020-07-16,2020,MLS,True,Columbus Crew,Red Bull New York,2,0,,,False,,False,ESPN Wide World of Sports Complex,573289,
2020-07-17,2020,MLS,True,D.C. United,New England Revolution,1,1,,,False,,False,ESPN Wide World of Sports Complex,573288,
2020-07-17,2020,MLS,True,Sporting Kansas City,Colorado Rapids,3,2,,,False,,False,ESPN Wide World of Sports Complex,573290,
2020-07-17,2020,MLS,True,Real Salt Lake,Minnesota United FC,0,0,,,False,,False,ESPN Wide World of Sports Complex,573291,
2020-07-18,2020,MLS,True,Portland Timbers,Houston Dynamo FC,2,1,,,False,,False,ESPN Wide World of Sports Complex,573292,
2020-07-18,2020,MLS,True,LAFC,LA Galaxy,6,2,,,False,,False,ESPN Wide World of Sports Complex,573293,
2020-07-19,2020,MLS,True,Chicago Fire FC,San Jose Earthquakes,0,2,,,False,,False,ESPN Wide World of Sports Complex,573294,
2020-07-19,2020,MLS,True,Seattle Sounders FC,Vancouver Whitecaps,3,0,,,False,,False,ESPN Wide World of Sports Complex,573295,
2020-07-20,2020,MLS,True,Inter Miami CF,New York City FC,0,1,,,False,,False,ESPN Wide World of Sports Complex,573296,
2020-07-20,2020,MLS,True,Philadelphia Union,Orlando City SC,1,1,,,False,,False,ESPN Wide World of Sports Complex,573297,
2020-07-21,2020,MLS,True,Toronto FC,New England Revolution,0,0,,,False,,False,ESPN Wide World of Sports Complex,573298,
2020-07-21,2020,MLS,True,Atlanta United FC,Columbus Crew,0,1,,,False,,False,ESPN Wide World of Sports Complex,573299,
2020-07-21,2020,MLS,True,CF Montréal,D.C. United,1,0,,,False,,False,ESPN Wide World of Sports Complex,573300,
2020-07-22,2020,MLS,True,Real Salt Lake,Sporting Kansas City,0,2,,,False,,False,ESPN Wide World of Sports Complex,573301,
2020-07-22,2020,MLS,True,FC Cincinnati,Red Bull New York,2,0,,,False,,False,ESPN Wide World of Sports Complex,573302,
2020-07-22,2020,MLS,True,Colorado Rapids,Minnesota United FC,2,2,,,False,,False,ESPN Wide World of Sports Complex,573303,
2020-07-23,2020,MLS,True,Chicago Fire FC,Vancouver Whitecaps,0,2,,,False,,False,ESPN Wide World of Sports Complex,573304,
2020-07-23,2020,MLS,True,LA Galaxy,Houston Dynamo FC,1,1,,,False,,False,ESPN Wide World of Sports Complex,573305,
2020-07-23,2020,MLS,True,LAFC,Portland Timbers,2,2,,,False,,False,ESPN Wide World of Sports Complex,573306,
2020-07-25,2020,MLS,True,Orlando City SC,CF Montréal,1,0,,,False,,False,,571933,
2020-07-25,2020,MLS,True,Philadelphia Union,New England Revolution,1,0,,,False,,False,,571932,
2020-07-26,2020,MLS,True,Toronto FC,New York City FC,1,3,,,False,,False,,571929,
2020-07-26,2020,MLS,True,Sporting Kansas City,Vancouver Whitecaps,0,0,3.0,1.0,True,Sporting Kansas City,False,,571930,
2020-07-27,2020,MLS,True,San Jose Earthquakes,Real Salt Lake,5,2,,,False,,False,,571931,
2020-07-27,2020,MLS,True,Seattle Sounders FC,LAFC,1,4,,,False,,False,,571928,
2020-07-28,2020,MLS,True,Columbus Crew,Minnesota United FC,1,1,3.0,5.0,True,Minnesota United FC,False,,571927,
2020-07-28,2020,MLS,True,Portland Timbers,FC Cincinnati,1,1,4.0,2.0,True,Portland Timbers,False,,571926,
2020-07-30,2020,MLS,True,Philadelphia Union,Sporting Kansas City,3,1,,,False,,False,,571925,
2020-07-31,2020,MLS,True,Orlando City SC,LAFC,1,1,5.0,4.0,True,Orlando City SC,False,,571924,
2020-08-01,2020,MLS,True,San Jose Earthquakes,Minnesota United FC,1,4,,,False,,False,,571922,
2020-08-01,2020,MLS,True,New York City FC,Portland Timbers,1,3,,,False,,False,,571923,
2020-08-05,2020,MLS,True,Philadelphia Union,Portland Timbers,1,2,,,False,,False,,571921,
2020-08-06,2020,MLS,True,Orlando City SC,Minnesota United FC,3,1,,,False,,False,,571920,
2020-08-11,2020,MLS,True,Portland Timbers,Orlando City SC,2,1,,,False,,False,,571919,
2020-08-12,2020,MLS,True,FC Dallas,Nashville SC,0,1,,,False,,False,Toyota Stadium,577242,
2020-08-16,2020,MLS,True,FC Dallas,Nashville SC,0,0,,,False,,False,Toyota Stadium,577172,
2020-08-18,2020,MLS,True,Toronto FC,Vancouver Whitecaps,3,0,,,False,,False,BMO Field,577573,
2020-08-20,2020,MLS,True,Red Bull New York,New York City FC,1,0,,,False,,False,Sports Illustrated Stadium,577173,
2020-08-20,2020,MLS,True,Columbus Crew,Chicago Fire FC,3,0,,,False,,False,Historic Crew Stadium,577174,
2020-08-20,2020,MLS,True,New England Revolution,Philadelphia Union,0,0,,,False,,False,Gillette Stadium,577178,
2020-08-21,2020,MLS,True,FC Cincinnati,D.C. United,0,0,,,False,,False,Nippert Stadium,577175,
2020-08-21,2020,MLS,True,Minnesota United FC,Sporting Kansas City,1,2,,,False,,False,Allianz Field,577176,
2020-08-21,2020,MLS,True,Houston Dynamo FC,FC Dallas,0,0,,,False,,False,Shell Energy Stadium,577177,
2020-08-21,2020,MLS,True,Toronto FC,Vancouver Whitecaps,1,0,,,False,,False,BMO Field,577574,
2020-08-22,2020,MLS,True,LAFC,LA Galaxy,0,2,,,False,,False,BMO Stadium,577179,
2020-08-22,2020,MLS,True,Atlanta United FC,Nashville SC,2,0,,,False,,False,Mercedes-Benz Stadium,577180,
2020-08-22,2020,MLS,True,Inter Miami CF,Orlando City SC,3,2,,,False,,False,Chase Stadium,577181,
2020-08-22,2020,MLS,True,Colorado Rapids,Real Salt Lake,1,4,,,False,,False,Dick's Sporting Goods Park,577182,
2020-08-23,2020,MLS,True,Portland Timbers,Seattle Sounders FC,0,3,,,False,,False,Providence Park,577183,
2020-08-24,2020,MLS,True,New York City FC,Columbus Crew,1,0,,,False,,False,Sports Illustrated Stadium,577184,
2020-08-25,2020,MLS,True,D.C. United,New England Revolution,1,2,,,False,,False,Audi Field,577185,
2020-08-25,2020,MLS,True,Chicago Fire FC,FC Cincinnati,3,0,,,False,,False,Soldier Field,577186,
2020-08-25,2020,MLS,True,Philadelphia Union,Red Bull New York,1,0,,,False,,False,Subaru Park,577187,
2020-08-25,2020,MLS,True,CF Montréal,Vancouver Whitecaps,2,0,,,False,,False,Stade Saputo,577575,
2020-08-25,2020,MLS,True,Sporting Kansas City,Houston Dynamo FC,2,5,,,False,,False,Children's Mercy Park,577188,
2020-08-26,2020,MLS,True,Orlando City SC,Nashville SC,3,1,,,False,,False,Inter&Co Stadium,577190,
2020-08-28,2020,MLS,True,CF Montréal,Toronto FC,0,1,,,False,,False,Stade Saputo,577576,
2020-08-29,2020,MLS,True,Atlanta United FC,Orlando City SC,1,3,,,False,,False,Mercedes-Benz Stadium,577196,
2020-08-29,2020,MLS,True,FC Cincinnati,Columbus Crew,0,0,,,False,,False,Nippert Stadium,577197,
2020-08-29,2020,MLS,True,New York City FC,Chicago Fire FC,3,1,,,False,,False,Sports Illustrated Stadium,577199,
2020-08-29,2020,MLS,True,Philadelphia Union,D.C. United,4,1,,,False,,False,Subaru Park,577198,
2020-08-29,2020,MLS,True,New England Revolution,Red Bull New York,1,1,,,False,,False,Gillette Stadium,577200,
2020-08-29,2020,MLS,True,FC Dallas,Minnesota United FC,3,1,,,False,,False,Toyota Stadium,577201,
2020-08-29,2020,MLS,True,Colorado Rapids,Sporting Kansas City,1,1,,,False,,False,Dick's Sporting Goods Park,577202,
2020-08-29,2020,MLS,True,LA Galaxy,San Jose Earthquakes,3,2,,,False,,False,Dignity Health Sports Park,577195,
2020-08-29,2020,MLS,True,Portland Timbers,Real Salt Lake,4,4,,,False,,False,Providence Park,577203,
2020-08-30,2020,MLS,True,Nashville SC,Inter Miami CF,1,0,,,False,,False,"Nissan Stadium, Nashville",577204,
2020-08-30,2020,MLS,True,Seattle Sounders FC,LAFC,3,1,,,False,,False,Lumen Field,577205,
2020-09-01,2020,MLS,True,Toronto FC,CF Montréal,0,1,,,False,,False,BMO Field,577577,
2020-09-02,2020,MLS,True,Atlanta United FC,Inter Miami CF,0,0,,,False,,False,Mercedes-Benz Stadium,577207,
2020-09-02,2020,MLS,True,Columbus Crew,Philadelphia Union,1,0,,,False,,False,Historic Crew Stadium,577208,
2020-09-02,2020,MLS,True,FC Cincinnati,Chicago Fire FC,0,0,,,False,,False,Nippert Stadium,577206,
2020-09-02,2020,MLS,True,Red Bull New York,D.C. United,0,1,,,False,,False,Sports Illustrated Stadium,577209,
2020-09-02,2020,MLS,True,Houston Dynamo FC,Minnesota United FC,3,0,,,False,,False,Shell Energy Stadium,577210,
2020-09-02,2020,MLS,True,New England Revolution,New York City FC,0,2,,,False,,False,Gillette Stadium,577211,
2020-09-02,2020,MLS,True,Nashville SC,Orlando City SC,1,1,,,False,,False,"Nissan Stadium, Nashville",577213,
2020-09-02,2020,MLS,True,Sporting Kansas City,FC Dallas,1,1,,,False,,False,Children's Mercy Park,577212,
2020-09-02,2020,MLS,True,Real Salt Lake,Seattle Sounders FC,2,2,,,False,,False,America First Field,577214,
2020-09-02,2020,MLS,True,Portland Timbers,LA Galaxy,2,3,,,False,,False,Providence Park,577216,
2020-09-02,2020,MLS,True,LAFC,San Jose Earthquakes,5,1,,,False,,False,BMO Stadium,577215,
2020-09-05,2020,MLS,True,Houston Dynamo FC,Sporting Kansas City,2,1,,,False,,False,Shell Energy Stadium,577217,
2020-09-05,2020,MLS,True,Orlando City SC,Atlanta United FC,1,1,,,False,,False,Inter&Co Stadium,577224,
2020-09-05,2020,MLS,True,Vancouver Whitecaps,Toronto FC,3,2,,,False,,False,BC Place,577578,
2020-09-05,2020,MLS,True,San Jose Earthquakes,Colorado Rapids,1,1,,,False,,False,PayPal Park,577218,
2020-09-06,2020,MLS,True,D.C. United,New York City FC,0,0,,,False,,False,Audi Field,577221,
2020-09-06,2020,MLS,True,Red Bull New York,Philadelphia Union,0,3,,,False,,False,Sports Illustrated Stadium,577220,
2020-09-06,2020,MLS,True,Chicago Fire FC,New England Revolution,1,2,,,False,,False,Soldier Field,577222,
2020-09-06,2020,MLS,True,Columbus Crew,FC Cincinnati,3,0,,,False,,False,Historic Crew Stadium,577223,
2020-09-06,2020,MLS,True,Minnesota United FC,Real Salt Lake,4,0,,,False,,False,Allianz Field,577225,
2020-09-06,2020,MLS,True,Inter Miami CF,Nashville SC,0,0,,,False,,False,Chase Stadium,577226,
2020-09-06,2020,MLS,True,Seattle Sounders FC,Portland Timbers,1,2,,,False,,False,Lumen Field,577227,
2020-09-06,2020,MLS,True,LA Galaxy,LAFC,3,0,,,False,,False,Dignity Health Sports Park,577219,
2020-09-09,2020,MLS,True,CF Montréal,Toronto FC,1,2,,,False,,False,Stade Saputo,577579,
2020-09-09,2020,MLS,True,Inter Miami CF,Atlanta United FC,2,1,,,False,,False,Chase Stadium,577191,
2020-09-09,2020,MLS,True,Minnesota United FC,FC Dallas,3,2,,,False,,False,Allianz Field,577228,
2020-09-09,2020,MLS,True,Colorado Rapids,Houston Dynamo FC,1,1,,,False,,False,Dick's Sporting Goods Park,577229,
2020-09-09,2020,MLS,True,Real Salt Lake,LAFC,3,0,,,False,,False,America First Field,577193,
2020-09-10,2020,MLS,True,Seattle Sounders FC,San Jose Earthquakes,7,1,,,False,,False,Lumen Field,577230,
2020-09-12,2020,MLS,True,Chicago Fire FC,Columbus Crew,2,2,,,False,,False,Soldier Field,577233,
2020-09-12,2020,MLS,True,D.C. United,Red Bull New York,0,2,,,False,,False,Audi Field,577232,
2020-09-12,2020,MLS,True,New York City FC,FC Cincinnati,2,1,,,False,,False,Sports Illustrated Stadium,577231,
2020-09-12,2020,MLS,True,Orlando City SC,Inter Miami CF,2,1,,,False,,False,Inter&Co Stadium,577234,
2020-09-12,2020,MLS,True,Philadelphia Union,New England Revolution,2,1,,,False,,False,Subaru Park,577235,
2020-09-12,2020,MLS,True,FC Dallas,Houston Dynamo FC,2,1,,,False,,False,Toyota Stadium,577241,
2020-09-12,2020,MLS,True,Nashville SC,Atlanta United FC,4,2,,,False,,False,"Nissan Stadium, Nashville",577236,
2020-09-12,2020,MLS,True,Real Salt Lake,Colorado Rapids,0,5,,,False,,False,America First Field,577237,
2020-09-13,2020,MLS,True,Sporting Kansas City,Minnesota United FC,1,0,,,False,,False,Children's Mercy Park,577238,
2020-09-13,2020,MLS,True,Vancouver Whitecaps,CF Montréal,2,4,,,False,,False,BC Place,577580,
2020-09-13,2020,MLS,True,LAFC,Portland Timbers,4,2,,,False,,False,BMO Stadium,577239,
2020-09-13,2020,MLS,True,San Jose Earthquakes,LA Galaxy,0,0,,,False,,False,PayPal Park,577240,
2020-09-16,2020,MLS,True,FC Dallas,Colorado Rapids,4,1,,,False,,False,Toyota Stadium,577192,
2020-09-16,2020,MLS,True,San Jose Earthquakes,Portland Timbers,1,1,,,False,,False,PayPal Park,577194,
2020-09-16,2020,MLS,True,Vancouver Whitecaps,CF Montréal,3,1,,,False,,False,BC Place,577581,
2020-09-18,2020,MLS,True,Seattle Sounders FC,LAFC,3,0,,,False,,False,Lumen Field,584198,
2020-09-19,2020,MLS,True,Sporting Kansas City,FC Dallas,2,3,,,False,,False,Children's Mercy Park,584200,
2020-09-19,2020,MLS,True,New England Revolution,New York City FC,0,0,,,False,,False,Gillette Stadium,584199,
2020-09-19,2020,MLS,True,Atlanta United FC,Inter Miami CF,1,2,,,False,,False,Mercedes-Benz Stadium,584201,
2020-09-19,2020,MLS,True,Red Bull New York,FC Cincinnati,0,1,,,False,,False,Sports Illustrated Stadium,584202,
2020-09-19,2020,MLS,True,Columbus Crew,Nashville SC,2,0,,,False,,False,Historic Crew Stadium,584203,
2020-09-19,2020,MLS,True,D.C. United,Toronto FC,2,2,,,False,,False,Audi Field,584204,
2020-09-19,2020,MLS,True,Orlando City SC,Chicago Fire FC,4,1,,,False,,False,Inter&Co Stadium,584205,
2020-09-19,2020,MLS,True,Houston Dynamo FC,Minnesota United FC,2,2,,,False,,False,Shell Energy Stadium,584206,
2020-09-19,2020,MLS,True,Real Salt Lake,Vancouver Whitecaps,1,2,,,False,,False,America First Field,584207,
2020-09-19,2020,MLS,True,LA Galaxy,Colorado Rapids,0,2,,,False,,False,Dignity Health Sports Park,584209,
2020-09-19,2020,MLS,True,San Jose Earthquakes,Portland Timbers,1,6,,,False,,False,PayPal Park,584208,
2020-09-20,2020,MLS,True,CF Montréal,Philadelphia Union,1,4,,,False,,False,Sports Illustrated Stadium,584210,
2020-09-23,2020,MLS,True,New England Revolution,CF Montréal,3,1,,,False,,False,Gillette Stadium,584217,
2020-09-23,2020,MLS,True,Atlanta United FC,FC Dallas,1,0,,,False,,False,Mercedes-Benz Stadium,584211,
2020-09-23,2020,MLS,True,New York City FC,Toronto FC,0,1,,,False,,False,Sports Illustrated Stadium,584212,
2020-09-23,2020,MLS,True,Chicago Fire FC,Houston Dynamo FC,4,0,,,False,,False,Soldier Field,584215,
2020-09-23,2020,MLS,True,Columbus Crew,Minnesota United FC,2,1,,,False,,False,Historic Crew Stadium,584216,
2020-09-23,2020,MLS,True,FC Cincinnati,Philadelphia Union,0,0,,,False,,False,Nippert Stadium,584214,
2020-09-23,2020,MLS,True,Sporting Kansas City,Orlando City SC,1,2,,,False,,False,Children's Mercy Park,584213,
2020-09-23,2020,MLS,True,Inter Miami CF,Red Bull New York,1,4,,,False,,False,Chase Stadium,584218,
2020-09-23,2020,MLS,True,Nashville SC,D.C. United,1,0,,,False,,False,"Nissan Stadium, Nashville",584219,
2020-09-23,2020,MLS,True,Colorado Rapids,San Jose Earthquakes,5,0,,,False,,False,Dick's Sporting Goods Park,584220,
2020-09-23,2020,MLS,True,Real Salt Lake,LA Galaxy,2,0,,,False,,False,America First Field,584221,
2020-09-23,2020,MLS,True,Portland Timbers,Seattle Sounders FC,1,0,,,False,,False,Providence Park,584222,
2020-09-23,2020,MLS,True,LAFC,Vancouver Whitecaps,6,0,,,False,,False,BMO Stadium,584223,
2020-09-26,2020,MLS,True,Nashville SC,Houston Dynamo FC,1,1,,,False,,False,"Nissan Stadium, Nashville",584224,
2020-09-26,2020,MLS,True,New York City FC,FC Cincinnati,4,0,,,False,,False,Sports Illustrated Stadium,584225,
2020-09-27,2020,MLS,True,D.C. United,New England Revolution,0,2,,,False,,False,Audi Field,584226,
2020-09-27,2020,MLS,True,Red Bull New York,CF Montréal,4,1,,,False,,False,Sports Illustrated Stadium,584227,
2020-09-27,2020,MLS,True,Chicago Fire FC,Atlanta United FC,2,0,,,False,,False,Soldier Field,584228,
2020-09-27,2020,MLS,True,Philadelphia Union,Inter Miami CF,3,0,,,False,,False,Subaru Park,584230,
2020-09-27,2020,MLS,True,Toronto FC,Columbus Crew,3,1,,,False,,False,Pratt & Whitney Stadium at Rentschler Field,584229,
2020-09-27,2020,MLS,True,Minnesota United FC,Real Salt Lake,0,0,,,False,,False,Allianz Field,584231,
2020-09-27,2020,MLS,True,FC Dallas,Orlando City SC,0,0,,,False,,False,Toyota Stadium,584232,
2020-09-27,2020,MLS,True,Vancouver Whitecaps,Portland Timbers,0,1,,,False,,False,Providence Park,584234,
2020-09-27,2020,MLS,True,LA Galaxy,Seattle Sounders FC,1,3,,,False,,False,Dignity Health Sports Park,584235,
2020-09-27,2020,MLS,True,LAFC,San Jose Earthquakes,1,2,,,False,,False,BMO Stadium,584236,
2020-10-03,2020,MLS,True,Orlando City SC,Red Bull New York,3,1,,,False,,False,Inter&Co Stadium,585496,
2020-10-03,2020,MLS,True,D.C. United,Atlanta United FC,0,4,,,False,,False,Audi Field,585497,
2020-10-03,2020,MLS,True,CF Montréal,Chicago Fire FC,2,2,,,False,,False,Sports Illustrated Stadium,585499,
2020-10-03,2020,MLS,True,New England Revolution,Nashville SC,0,0,,,False,,False,Gillette Stadium,585498,
2020-10-03,2020,MLS,True,Toronto FC,Philadelphia Union,2,1,,,False,,False,Pratt & Whitney Stadium at Rentschler Field,585500,
2020-10-03,2020,MLS,True,Houston Dynamo FC,Sporting Kansas City,1,2,,,False,,False,Shell Energy Stadium,585502,
2020-10-03,2020,MLS,True,Inter Miami CF,New York City FC,2,3,,,False,,False,Chase Stadium,585503,
2020-10-03,2020,MLS,True,Minnesota United FC,FC Cincinnati,2,0,,,False,,False,Allianz Field,585501,
2020-10-03,2020,MLS,True,FC Dallas,Columbus Crew,2,2,,,False,,False,Toyota Stadium,585504,
2020-10-03,2020,MLS,True,Seattle Sounders FC,Vancouver Whitecaps,3,1,,,False,,False,Lumen Field,585506,
2020-10-03,2020,MLS,True,San Jose Earthquakes,LA Galaxy,2,1,,,False,,False,PayPal Park,585507,
2020-10-04,2020,MLS,True,Real Salt Lake,LAFC,1,3,,,False,,False,America First Field,585508,
2020-10-06,2020,MLS,True,Nashville SC,Minnesota United FC,0,0,,,False,,False,"Nissan Stadium, Nashville",585510,
2020-10-07,2020,MLS,True,Atlanta United FC,Orlando City SC,0,0,,,False,,False,Mercedes-Benz Stadium,585512,
2020-10-07,2020,MLS,True,Red Bull New York,Inter Miami CF,1,2,,,False,,False,Sports Illustrated Stadium,585511,
2020-10-07,2020,MLS,True,Columbus Crew,CF Montréal,1,2,,,False,,False,Historic Crew Stadium,585513,
2020-10-07,2020,MLS,True,New England Revolution,Toronto FC,0,1,,,False,,False,Gillette Stadium,585514,
2020-10-07,2020,MLS,True,Philadelphia Union,FC Cincinnati,3,0,,,False,,False,Subaru Park,585515,
2020-10-07,2020,MLS,True,Houston Dynamo FC,FC Dallas,2,0,,,False,,False,Shell Energy Stadium,585516,
2020-10-07,2020,MLS,True,New York City FC,D.C. United,4,1,,,False,,False,Yankee Stadium,585509,
2020-10-07,2020,MLS,True,Sporting Kansas City,Chicago Fire FC,1,0,,,False,,False,Children's Mercy Park,585533,
2020-10-07,2020,MLS,True,Seattle Sounders FC,Real Salt Lake,2,1,,,False,,False,Lumen Field,585535,
2020-10-07,2020,MLS,True,LA Galaxy,Portland Timbers,3,6,,,False,,False,Dignity Health Sports Park,585536,
2020-10-07,2020,MLS,True,San Jose Earthquakes,Vancouver Whitecaps,3,0,,,False,,False,PayPal Park,585537,
2020-10-10,2020,MLS,True,Inter Miami CF,Houston Dynamo FC,1,0,,,False,,False,Chase Stadium,585539,
2020-10-10,2020,MLS,True,Atlanta United FC,Red Bull New York,0,1,,,False,,False,Mercedes-Benz Stadium,585540,
2020-10-10,2020,MLS,True,Vancouver Whitecaps,Real Salt Lake,2,1,,,False,,False,Providence Park,585542,
2020-10-11,2020,MLS,True,New York City FC,New England Revolution,1,2,,,False,,False,Yankee Stadium,585544,
2020-10-11,2020,MLS,True,LAFC,Seattle Sounders FC,3,1,,,False,,False,BMO Stadium,585543,
2020-10-11,2020,MLS,True,Chicago Fire FC,D.C. United,2,1,,,False,,False,Soldier Field,585549,
2020-10-11,2020,MLS,True,FC Cincinnati,Toronto FC,0,1,,,False,,False,Nippert Stadium,585545,
2020-10-11,2020,MLS,True,Philadelphia Union,CF Montréal,2,1,,,False,,False,Subaru Park,585548,
2020-10-11,2020,MLS,True,Sporting Kansas City,Nashville SC,2,1,,,False,,False,Children's Mercy Park,585547,
2020-10-11,2020,MLS,True,Portland Timbers,San Jose Earthquakes,3,0,,,False,,False,Providence Park,585551,
2020-10-14,2020,MLS,True,CF Montréal,New England Revolution,2,3,,,False,,False,Sports Illustrated Stadium,585554,
2020-10-14,2020,MLS,True,FC Cincinnati,Columbus Crew,2,1,,,False,,False,Nippert Stadium,585553,
2020-10-14,2020,MLS,True,Orlando City SC,New York City FC,1,1,,,False,,False,Inter&Co Stadium,585555,
2020-10-14,2020,MLS,True,Toronto FC,Red Bull New York,1,1,,,False,,False,Pratt & Whitney Stadium at Rentschler Field,585552,
2020-10-14,2020,MLS,True,D.C. United,Philadelphia Union,2,2,,,False,,False,Audi Field,585558,
2020-10-14,2020,MLS,True,Houston Dynamo FC,Nashville SC,1,3,,,False,,False,Shell Energy Stadium,585557,
2020-10-14,2020,MLS,True,Inter Miami CF,Atlanta United FC,1,1,,,False,,False,Chase Stadium,585559,
2020-10-14,2020,MLS,True,FC Dallas,Sporting Kansas City,1,0,,,False,,False,Toyota Stadium,585560,
2020-10-14,2020,MLS,True,Real Salt Lake,Portland Timbers,2,1,,,False,,False,America First Field,585561,
2020-10-14,2020,MLS,True,Vancouver Whitecaps,LAFC,2,1,,,False,,False,Providence Park,585563,
2020-10-14,2020,MLS,True,LA Galaxy,San Jose Earthquakes,0,4,,,False,,False,Dignity Health Sports Park,585587,
2020-10-17,2020,MLS,True,Chicago Fire FC,Sporting Kansas City,2,2,,,False,,False,Soldier Field,585588,
2020-10-17,2020,MLS,True,CF Montréal,Inter Miami CF,2,1,,,False,,False,Sports Illustrated Stadium,585589,
2020-10-18,2020,MLS,True,Columbus Crew,New York City FC,3,1,,,False,,False,Historic Crew Stadium,585596,
2020-10-18,2020,MLS,True,Red Bull New York,Orlando City SC,1,1,,,False,,False,Sports Illustrated Stadium,585594,
2020-10-18,2020,MLS,True,FC Cincinnati,D.C. United,1,2,,,False,,False,Nippert Stadium,585595,
2020-10-18,2020,MLS,True,Toronto FC,Atlanta United FC,1,0,,,False,,False,Pratt & Whitney Stadium at Rentschler Field,585598,
2020-10-18,2020,MLS,True,Minnesota United FC,Houston Dynamo FC,2,2,,,False,,False,Allianz Field,585599,
2020-10-18,2020,MLS,True,Portland Timbers,LAFC,1,1,,,False,,False,Providence Park,585601,
2020-10-18,2020,MLS,True,LA Galaxy,Vancouver Whitecaps,1,0,,,False,,False,Dignity Health Sports Park,585603,
2020-10-18,2020,MLS,True,San Jose Earthquakes,Seattle Sounders FC,0,0,,,False,,False,PayPal Park,585602,
2020-10-19,2020,MLS,True,New England Revolution,Philadelphia Union,1,2,,,False,,False,Gillette Stadium,585597,
2020-10-20,2020,MLS,True,Nashville SC,FC Dallas,3,0,,,False,,False,"Nissan Stadium, Nashville",585517,
2020-10-22,2020,MLS,True,Seattle Sounders FC,Portland Timbers,1,1,,,False,,False,Lumen Field,585528,
2020-10-23,2020,MLS,True,Nashville SC,New England Revolution,1,1,,,False,,False,"Nissan Stadium, Nashville",585525,
2020-10-24,2020,MLS,True,Inter Miami CF,Orlando City SC,2,1,,,False,,False,Chase Stadium,585518,
2020-10-24,2020,MLS,True,Atlanta United FC,D.C. United,1,2,,,False,,False,Mercedes-Benz Stadium,585519,
2020-10-24,2020,MLS,True,Chicago Fire FC,Red Bull New York,2,2,,,False,,False,Soldier Field,585521,
2020-10-24,2020,MLS,True,FC Cincinnati,Minnesota United FC,0,1,,,False,,False,Nippert Stadium,585520,
2020-10-24,2020,MLS,True,New York City FC,CF Montréal,3,1,,,False,,False,Yankee Stadium,585522,
2020-10-24,2020,MLS,True,Philadelphia Union,Toronto FC,5,0,,,False,,False,Subaru Park,585523,
2020-10-24,2020,MLS,True,Houston Dynamo FC,Columbus Crew,1,1,,,False,,False,Shell Energy Stadium,585524,
2020-10-24,2020,MLS,True,Sporting Kansas City,Colorado Rapids,4,0,,,False,,False,Children's Mercy Park,585526,
2020-10-24,2020,MLS,True,Real Salt Lake,FC Dallas,0,0,,,False,,False,America First Field,585527,
2020-10-24,2020,MLS,True,Vancouver Whitecaps,San Jose Earthquakes,2,1,,,False,,False,Providence Park,585529,
2020-10-25,2020,MLS,True,LAFC,LA Galaxy,2,0,,,False,,False,BMO Stadium,585530,
2020-10-27,2020,MLS,True,CF Montréal,Nashville SC,0,1,,,False,,False,Sports Illustrated Stadium,585531,
2020-10-27,2020,MLS,True,Vancouver Whitecaps,Seattle Sounders FC,0,2,,,False,,False,Providence Park,585532,
2020-10-28,2020,MLS,True,Red Bull New York,New England Revolution,1,0,,,False,,False,Sports Illustrated Stadium,585564,
2020-10-28,2020,MLS,True,FC Cincinnati,Sporting Kansas City,0,1,,,False,,False,Nippert Stadium,585565,
2020-10-28,2020,MLS,True,Orlando City SC,Atlanta United FC,4,1,,,False,,False,Inter&Co Stadium,585568,
2020-10-28,2020,MLS,True,Philadelphia Union,Chicago Fire FC,2,1,,,False,,False,Subaru Park,585566,
2020-10-28,2020,MLS,True,Toronto FC,New York City FC,0,1,,,False,,False,Pratt & Whitney Stadium at Rentschler Field,585567,
2020-10-28,2020,MLS,True,D.C. United,Columbus Crew,1,0,,,False,,False,Audi Field,585571,
2020-10-28,2020,MLS,True,Minnesota United FC,Colorado Rapids,2,1,,,False,,False,Allianz Field,585569,
2020-10-28,2020,MLS,True,FC Dallas,Inter Miami CF,2,1,,,False,,False,Toyota Stadium,585570,
2020-10-28,2020,MLS,True,Portland Timbers,LA Galaxy,5,2,,,False,,False,Providence Park,585572,
2020-10-28,2020,MLS,True,LAFC,Houston Dynamo FC,2,1,,,False,,False,BMO Stadium,585574,
2020-10-28,2020,MLS,True,San Jose Earthquakes,Real Salt Lake,2,0,,,False,,False,PayPal Park,585573,
2020-10-31,2020,MLS,True,FC Dallas,Houston Dynamo FC,3,0,,,False,,False,Toyota Stadium,585575,
2020-10-31,2020,MLS,True,Nashville SC,Chicago Fire FC,1,1,,,False,,False,"Nissan Stadium, Nashville",585576,
2020-11-01,2020,MLS,True,Columbus Crew,Philadelphia Union,2,1,,,False,,False,Historic Crew Stadium,585579,
2020-11-01,2020,MLS,True,Atlanta United FC,FC Cincinnati,2,0,,,False,,False,Mercedes-Benz Stadium,585577,
2020-11-01,2020,MLS,True,New York City FC,Red Bull New York,5,2,,,False,,False,Yankee Stadium,585578,
2020-11-01,2020,MLS,True,CF Montréal,Orlando City SC,0,1,,,False,,False,Sports Illustrated Stadium,585580,
2020-11-01,2020,MLS,True,New England Revolution,D.C. United,4,3,,,False,,False,Gillette Stadium,585582,
2020-11-01,2020,MLS,True,Toronto FC,Inter Miami CF,2,1,,,False,,False,Pratt & Whitney Stadium at Rentschler Field,585583,
2020-11-01,2020,MLS,True,Colorado Rapids,Seattle Sounders FC,3,1,,,False,,False,Dick's Sporting Goods Park,585584,
2020-11-01,2020,MLS,True,Portland Timbers,Vancouver Whitecaps,1,0,,,False,,False,Providence Park,585585,
2020-11-01,2020,MLS,True,LA Galaxy,Real Salt Lake,2,1,,,False,,False,Dignity Health Sports Park,585586,
2020-11-04,2020,MLS,True,Orlando City SC,Columbus Crew,2,1,,,False,,False,Inter&Co Stadium,585546,
2020-11-04,2020,MLS,True,Minnesota United FC,Chicago Fire FC,2,2,,,False,,False,Allianz Field,585556,
2020-11-04,2020,MLS,True,Nashville SC,FC Dallas,0,1,,,False,,False,"Nissan Stadium, Nashville",586118,
2020-11-04,2020,MLS,True,Portland Timbers,Colorado Rapids,0,1,,,False,,False,Providence Park,585505,
2020-11-04,2020,MLS,True,LA Galaxy,Seattle Sounders FC,1,1,,,False,,False,Dignity Health Sports Park,585855,
2020-11-04,2020,MLS,True,San Jose Earthquakes,LAFC,3,2,,,False,,False,PayPal Park,585590,
2020-11-08,2020,MLS,True,Chicago Fire FC,New York City FC,3,4,,,False,,False,Soldier Field,585605,
2020-11-08,2020,MLS,True,Columbus Crew,Atlanta United FC,2,1,,,False,,False,Historic Crew Stadium,585604,
2020-11-08,2020,MLS,True,D.C. United,CF Montréal,2,3,,,False,,False,Audi Field,585593,
2020-11-08,2020,MLS,True,Inter Miami CF,FC Cincinnati,2,1,,,False,,False,Chase Stadium,585592,
2020-11-08,2020,MLS,True,Orlando City SC,Nashville SC,2,3,,,False,,False,Inter&Co Stadium,585606,
2020-11-08,2020,MLS,True,Philadelphia Union,New England Revolution,2,0,,,False,,False,Subaru Park,585591,
2020-11-08,2020,MLS,True,Red Bull New York,Toronto FC,2,1,,,False,,False,Sports Illustrated Stadium,585607,
2020-11-08,2020,MLS,True,Houston Dynamo FC,Colorado Rapids,1,2,,,False,,False,Shell Energy Stadium,585608,
2020-11-08,2020,MLS,True,LAFC,Portland Timbers,1,1,,,False,,False,BMO Stadium,585612,
2020-11-08,2020,MLS,True,Minnesota United FC,FC Dallas,3,0,,,False,,False,Allianz Field,585613,
2020-11-08,2020,MLS,True,Real Salt Lake,Sporting Kansas City,0,2,,,False,,False,America First Field,585611,
2020-11-08,2020,MLS,True,Seattle Sounders FC,San Jose Earthquakes,4,1,,,False,,False,Lumen Field,585610,
2020-11-08,2020,MLS,True,Vancouver Whitecaps,LA Galaxy,3,0,,,False,,False,Providence Park,585609,
2020-11-20,2020,MLS,True,New England Revolution,CF Montréal,2,1,,,False,,False,Gillette Stadium,588159,
2020-11-20,2020,MLS,True,Nashville SC,Inter Miami CF,3,0,,,False,,False,"Nissan Stadium, Nashville",588158,
2020-11-21,2020,MLS,True,Orlando City SC,New York City FC,1,1,6.0,5.0,True,Orlando City SC,False,Inter&Co Stadium,588157,
2020-11-21,2020,MLS,True,Columbus Crew,Red Bull New York,3,2,,,False,,False,Historic Crew Stadium,588166,
2020-11-22,2020,MLS,True,Sporting Kansas City,San Jose Earthquakes,3,3,3.0,0.0,True,Sporting Kansas City,False,Children's Mercy Park,588156,
2020-11-22,2020,MLS,True,Minnesota United FC,Colorado Rapids,3,0,,,False,,False,Allianz Field,588167,
2020-11-22,2020,MLS,True,Portland Timbers,FC Dallas,1,1,7.0,8.0,True,FC Dallas,False,Providence Park,588168,
2020-11-24,2020,MLS,True,Toronto FC,Nashville SC,0,1,,,False,,False,Pratt & Whitney Stadium at Rentschler Field,588155,
2020-11-24,2020,MLS,True,Philadelphia Union,New England Revolution,0,2,,,False,,False,Subaru Park,588169,
2020-11-24,2020,MLS,True,Seattle Sounders FC,LAFC,3,1,,,False,,False,Lumen Field,588170,
2020-11-29,2020,MLS,True,Orlando City SC,New England Revolution,1,3,,,False,,False,Inter&Co Stadium,588154,
2020-11-29,2020,MLS,True,Columbus Crew,Nashville SC,2,0,,,False,,False,Historic Crew Stadium,588171,
2020-12-01,2020,MLS,True,Seattle Sounders FC,FC Dallas,1,0,,,False,,False,Lumen Field,588153,
2020-12-03,2020,MLS,True,Sporting Kansas City,Minnesota United FC,0,3,,,False,,False,Children's Mercy Park,588152,
2020-12-06,2020,MLS,True,Columbus Crew,New England Revolution,1,0,,,False,,False,Historic Crew Stadium,588151,
2020-12-07,2020,MLS,True,Seattle Sounders FC,Minnesota United FC,3,2,,,False,,False,Lumen Field,588172,
2020-12-12,2020,MLS,True,Columbus Crew,Seattle Sounders FC,3,0,,,False,,False,Historic Crew Stadium,588150,
2021-04-16,2021,MLS,True,Houston Dynamo FC,San Jose Earthquakes,2,1,,,False,,False,Shell Energy Stadium,596676,
2021-04-16,2021,MLS,True,Seattle Sounders FC,Minnesota United FC,4,0,,,False,,False,Lumen Field,596675,
2021-04-17,2021,MLS,True,CF Montréal,Toronto FC,4,2,,,False,,False,Chase Stadium,596673,
2021-04-17,2021,MLS,True,Orlando City SC,Atlanta United FC,0,0,,,False,,False,Inter&Co Stadium,596672,
2021-04-17,2021,MLS,True,LAFC,Austin FC,2,0,,,False,,False,BMO Stadium,596671,
2021-04-17,2021,MLS,True,D.C. United,New York City FC,2,1,,,False,,False,Audi Field,596670,
2021-04-17,2021,MLS,True,FC Dallas,Colorado Rapids,0,0,,,False,,False,Toyota Stadium,596669,
2021-04-17,2021,MLS,True,Red Bull New York,Sporting Kansas City,1,2,,,False,,False,Sports Illustrated Stadium,596674,
2021-04-17,2021,MLS,True,Chicago Fire FC,New England Revolution,2,2,,,False,,False,Soldier Field,596668,
2021-04-17,2021,MLS,True,Nashville SC,FC Cincinnati,2,2,,,False,,False,"Nissan Stadium, Nashville",596667,
2021-04-18,2021,MLS,True,Inter Miami CF,LA Galaxy,2,3,,,False,,False,Chase Stadium,596666,
2021-04-18,2021,MLS,True,Columbus Crew,Philadelphia Union,0,0,,,False,,False,Historic Crew Stadium,596665,
2021-04-18,2021,MLS,True,Vancouver Whitecaps,Portland Timbers,1,0,,,False,,False,America First Field,596664,
2021-04-23,2021,MLS,True,Sporting Kansas City,Orlando City SC,1,1,,,False,,False,Children's Mercy Park,596663,
2021-04-24,2021,MLS,True,New York City FC,FC Cincinnati,5,0,,,False,,False,Yankee Stadium,596662,
2021-04-24,2021,MLS,True,Nashville SC,CF Montréal,2,2,,,False,,False,"Nissan Stadium, Nashville",597715,
2021-04-24,2021,MLS,True,Toronto FC,Vancouver Whitecaps,2,2,,,False,,False,Inter&Co Stadium,596661,
2021-04-24,2021,MLS,True,San Jose Earthquakes,FC Dallas,3,1,,,False,,False,PayPal Park,596660,
2021-04-24,2021,MLS,True,LAFC,Seattle Sounders FC,1,1,,,False,,False,BMO Stadium,597716,
2021-04-24,2021,MLS,True,Atlanta United FC,Chicago Fire FC,3,1,,,False,,False,Mercedes-Benz Stadium,596656,
2021-04-24,2021,MLS,True,Minnesota United FC,Real Salt Lake,1,2,,,False,,False,Allianz Field,596659,
2021-04-24,2021,MLS,True,New England Revolution,D.C. United,1,0,,,False,,False,Gillette Stadium,596657,
2021-04-24,2021,MLS,True,Philadelphia Union,Inter Miami CF,1,2,,,False,,False,Subaru Park,596658,
2021-04-24,2021,MLS,True,Colorado Rapids,Austin FC,1,3,,,False,,False,Dick's Sporting Goods Park,596655,
2021-04-24,2021,MLS,True,Portland Timbers,Houston Dynamo FC,2,1,,,False,,False,Providence Park,596654,
2021-04-25,2021,MLS,True,LA Galaxy,Red Bull New York,3,2,,,False,,False,Dignity Health Sports Park,596653,
2021-05-01,2021,MLS,True,Red Bull New York,Chicago Fire FC,2,0,,,False,,False,Sports Illustrated Stadium,597717,
2021-05-01,2021,MLS,True,Real Salt Lake,Sporting Kansas City,3,1,,,False,,False,America First Field,596652,
2021-05-01,2021,MLS,True,CF Montréal,Columbus Crew,0,0,,,False,,False,Chase Stadium,597718,
2021-05-01,2021,MLS,True,Houston Dynamo FC,LAFC,1,1,,,False,,False,Shell Energy Stadium,597719,
2021-05-01,2021,MLS,True,New England Revolution,Atlanta United FC,2,1,,,False,,False,Gillette Stadium,597720,
2021-05-01,2021,MLS,True,Orlando City SC,FC Cincinnati,3,0,,,False,,False,Inter&Co Stadium,597722,
2021-05-01,2021,MLS,True,Philadelphia Union,New York City FC,0,2,,,False,,False,Subaru Park,597721,
2021-05-01,2021,MLS,True,FC Dallas,Portland Timbers,4,1,,,False,,False,Toyota Stadium,597724,
2021-05-01,2021,MLS,True,Minnesota United FC,Austin FC,0,1,,,False,,False,Allianz Field,597723,
2021-05-01,2021,MLS,True,San Jose Earthquakes,D.C. United,4,1,,,False,,False,PayPal Park,597725,
2021-05-02,2021,MLS,True,Nashville SC,Inter Miami CF,0,0,,,False,,False,"Nissan Stadium, Nashville",597726,
2021-05-02,2021,MLS,True,Seattle Sounders FC,LA Galaxy,3,0,,,False,,False,Lumen Field,597727,
2021-05-02,2021,MLS,True,Vancouver Whitecaps,Colorado Rapids,0,1,,,False,,False,America First Field,597728,
2021-05-07,2021,MLS,True,Real Salt Lake,San Jose Earthquakes,1,2,,,False,,False,America First Field,597729,
2021-05-08,2021,MLS,True,Chicago Fire FC,Philadelphia Union,0,2,,,False,,False,Soldier Field,597730,
2021-05-08,2021,MLS,True,Red Bull New York,Toronto FC,2,0,,,False,,False,Sports Illustrated Stadium,597731,
2021-05-08,2021,MLS,True,Columbus Crew,D.C. United,3,1,,,False,,False,Historic Crew Stadium,597732,
2021-05-08,2021,MLS,True,Nashville SC,New England Revolution,2,0,,,False,,False,"Nissan Stadium, Nashville",597737,
2021-05-08,2021,MLS,True,Vancouver Whitecaps,CF Montréal,2,0,,,False,,False,America First Field,597733,
2021-05-08,2021,MLS,True,FC Dallas,Houston Dynamo FC,1,1,,,False,,False,Toyota Stadium,597734,
2021-05-08,2021,MLS,True,Orlando City SC,New York City FC,1,1,,,False,,False,Inter&Co Stadium,597735,
2021-05-08,2021,MLS,True,LA Galaxy,LAFC,2,1,,,False,,False,Dignity Health Sports Park,597736,
2021-05-08,2021,MLS,True,Colorado Rapids,Minnesota United FC,3,2,,,False,,False,Dick's Sporting Goods Park,597738,
2021-05-09,2021,MLS,True,Inter Miami CF,Atlanta United FC,1,1,,,False,,False,Chase Stadium,597739,
2021-05-09,2021,MLS,True,Portland Timbers,Seattle Sounders FC,1,2,,,False,,False,Providence Park,597740,
2021-05-09,2021,MLS,True,Sporting Kansas City,Austin FC,2,1,,,False,,False,Children's Mercy Park,597741,
2021-05-12,2021,MLS,True,Toronto FC,Columbus Crew,2,0,,,False,,False,Inter&Co Stadium,597743,
2021-05-12,2021,MLS,True,Inter Miami CF,CF Montréal,0,2,,,False,,False,Chase Stadium,597742,
2021-05-12,2021,MLS,True,Philadelphia Union,New England Revolution,1,1,,,False,,False,Subaru Park,597744,
2021-05-12,2021,MLS,True,Houston Dynamo FC,Sporting Kansas City,1,0,,,False,,False,Shell Energy Stadium,597746,
2021-05-12,2021,MLS,True,Minnesota United FC,Vancouver Whitecaps,1,0,,,False,,False,Allianz Field,597745,
2021-05-12,2021,MLS,True,San Jose Earthquakes,Seattle Sounders FC,0,1,,,False,,False,PayPal Park,597747,
2021-05-13,2021,MLS,True,D.C. United,Chicago Fire FC,1,0,,,False,,False,Audi Field,597748,
2021-05-15,2021,MLS,True,New York City FC,Toronto FC,1,1,,,False,,False,Yankee Stadium,597750,
2021-05-15,2021,MLS,True,LA Galaxy,Austin FC,2,0,,,False,,False,Dignity Health Sports Park,597751,
2021-05-15,2021,MLS,True,Atlanta United FC,CF Montréal,1,0,,,False,,False,Mercedes-Benz Stadium,597749,
2021-05-15,2021,MLS,True,Philadelphia Union,Red Bull New York,1,0,,,False,,False,Subaru Park,597752,
2021-05-15,2021,MLS,True,Minnesota United FC,FC Dallas,1,0,,,False,,False,Allianz Field,597753,
2021-05-15,2021,MLS,True,Colorado Rapids,Houston Dynamo FC,3,1,,,False,,False,Dick's Sporting Goods Park,597754,
2021-05-15,2021,MLS,True,Real Salt Lake,Nashville SC,0,0,,,False,,False,America First Field,597755,
2021-05-15,2021,MLS,True,San Jose Earthquakes,Portland Timbers,0,2,,,False,,False,PayPal Park,597756,
2021-05-16,2021,MLS,True,Sporting Kansas City,Vancouver Whitecaps,3,0,,,False,,False,Children's Mercy Park,597757,
2021-05-16,2021,MLS,True,FC Cincinnati,Inter Miami CF,2,3,,,False,,False,TQL Stadium,596651,
2021-05-16,2021,MLS,True,New England Revolution,Columbus Crew,1,0,,,False,,False,Gillette Stadium,597758,
2021-05-16,2021,MLS,True,D.C. United,Orlando City SC,0,1,,,False,,False,Audi Field,597759,
2021-05-16,2021,MLS,True,Seattle Sounders FC,LAFC,2,0,,,False,,False,Lumen Field,597760,
2021-05-22,2021,MLS,True,CF Montréal,FC Cincinnati,1,2,,,False,,False,Chase Stadium,597761,
2021-05-22,2021,MLS,True,Portland Timbers,LA Galaxy,3,0,,,False,,False,Providence Park,597762,
2021-05-22,2021,MLS,True,Chicago Fire FC,Inter Miami CF,1,0,,,False,,False,Soldier Field,597763,
2021-05-22,2021,MLS,True,Orlando City SC,Toronto FC,1,0,,,False,,False,Inter&Co Stadium,597764,
2021-05-22,2021,MLS,True,New York City FC,Columbus Crew,1,2,,,False,,False,Sports Illustrated Stadium,597765,
2021-05-22,2021,MLS,True,FC Dallas,Real Salt Lake,2,2,,,False,,False,Toyota Stadium,597766,
2021-05-22,2021,MLS,True,New England Revolution,Red Bull New York,3,1,,,False,,False,Gillette Stadium,597767,
2021-05-22,2021,MLS,True,Houston Dynamo FC,Vancouver Whitecaps,2,1,,,False,,False,Shell Energy Stadium,597768,
2021-05-22,2021,MLS,True,San Jose Earthquakes,Sporting Kansas City,1,3,,,False,,False,PayPal Park,597769,
2021-05-22,2021,MLS,True,LAFC,Colorado Rapids,2,1,,,False,,False,BMO Stadium,597770,
2021-05-23,2021,MLS,True,Seattle Sounders FC,Atlanta United FC,1,1,,,False,,False,Lumen Field,597771,
2021-05-23,2021,MLS,True,D.C. United,Philadelphia Union,0,1,,,False,,False,Audi Field,597772,
2021-05-23,2021,MLS,True,Nashville SC,Austin FC,1,0,,,False,,False,"Nissan Stadium, Nashville",597773,
2021-05-29,2021,MLS,True,Chicago Fire FC,CF Montréal,0,1,,,False,,False,Soldier Field,597777,
2021-05-29,2021,MLS,True,Red Bull New York,Orlando City SC,2,1,,,False,,False,Sports Illustrated Stadium,597776,
2021-05-29,2021,MLS,True,Columbus Crew,Toronto FC,2,1,,,False,,False,Historic Crew Stadium,597778,
2021-05-29,2021,MLS,True,FC Cincinnati,New England Revolution,0,1,,,False,,False,TQL Stadium,597779,
2021-05-29,2021,MLS,True,Atlanta United FC,Nashville SC,2,2,,,False,,False,Mercedes-Benz Stadium,597774,
2021-05-29,2021,MLS,True,LAFC,New York City FC,1,2,,,False,,False,BMO Stadium,597781,
2021-05-29,2021,MLS,True,LA Galaxy,San Jose Earthquakes,1,0,,,False,,False,Dignity Health Sports Park,597782,
2021-05-29,2021,MLS,True,Inter Miami CF,D.C. United,0,3,,,False,,False,Chase Stadium,597775,
2021-05-29,2021,MLS,True,Sporting Kansas City,Houston Dynamo FC,3,2,,,False,,False,Children's Mercy Park,597783,
2021-05-29,2021,MLS,True,Colorado Rapids,FC Dallas,3,0,,,False,,False,Dick's Sporting Goods Park,597784,
2021-05-29,2021,MLS,True,Real Salt Lake,Minnesota United FC,1,1,,,False,,False,America First Field,597785,
2021-05-30,2021,MLS,True,Philadelphia Union,Portland Timbers,3,0,,,False,,False,Subaru Park,597786,
2021-05-30,2021,MLS,True,Seattle Sounders FC,Austin FC,0,0,,,False,,False,Lumen Field,597780,
2021-06-12,2021,MLS,True,Sporting Kansas City,Austin FC,1,1,,,False,,False,Children's Mercy Park,597856,
2021-06-18,2021,MLS,True,Red Bull New York,Nashville SC,2,0,,,False,,False,Sports Illustrated Stadium,597789,
2021-06-18,2021,MLS,True,Real Salt Lake,Vancouver Whitecaps,3,1,,,False,,False,America First Field,597787,
2021-06-19,2021,MLS,True,Columbus Crew,Chicago Fire FC,2,0,,,False,,False,Historic Crew Stadium,597791,
2021-06-19,2021,MLS,True,FC Cincinnati,Colorado Rapids,0,2,,,False,,False,TQL Stadium,597792,
2021-06-19,2021,MLS,True,New York City FC,New England Revolution,2,3,,,False,,False,Sports Illustrated Stadium,597798,
2021-06-19,2021,MLS,True,Toronto FC,Orlando City SC,2,3,,,False,,False,Inter&Co Stadium,597790,
2021-06-19,2021,MLS,True,D.C. United,Inter Miami CF,1,0,,,False,,False,Audi Field,597793,
2021-06-19,2021,MLS,True,FC Dallas,Minnesota United FC,1,1,,,False,,False,Toyota Stadium,597794,
2021-06-19,2021,MLS,True,Austin FC,San Jose Earthquakes,0,0,,,False,,False,Q2 Stadium,596650,
2021-06-19,2021,MLS,True,LA Galaxy,Seattle Sounders FC,1,2,,,False,,False,Dignity Health Sports Park,597795,
2021-06-19,2021,MLS,True,Portland Timbers,Sporting Kansas City,2,1,,,False,,False,Providence Park,597796,
2021-06-19,2021,MLS,True,LAFC,Houston Dynamo FC,1,1,,,False,,False,BMO Stadium,597788,
2021-06-20,2021,MLS,True,Atlanta United FC,Philadelphia Union,2,2,,,False,,False,Mercedes-Benz Stadium,597797,
2021-06-22,2021,MLS,True,Orlando City SC,San Jose Earthquakes,5,0,,,False,,False,Inter&Co Stadium,597799,
2021-06-23,2021,MLS,True,New England Revolution,Red Bull New York,3,2,,,False,,False,Gillette Stadium,597800,
2021-06-23,2021,MLS,True,New York City FC,Atlanta United FC,1,0,,,False,,False,Sports Illustrated Stadium,597802,
2021-06-23,2021,MLS,True,Philadelphia Union,Columbus Crew,1,0,,,False,,False,Subaru Park,597801,
2021-06-23,2021,MLS,True,CF Montréal,D.C. United,0,0,,,False,,False,Chase Stadium,597803,
2021-06-23,2021,MLS,True,Chicago Fire FC,FC Cincinnati,0,1,,,False,,False,Soldier Field,597805,
2021-06-23,2021,MLS,True,Minnesota United FC,Austin FC,2,0,,,False,,False,Allianz Field,597804,
2021-06-23,2021,MLS,True,Houston Dynamo FC,Portland Timbers,2,2,,,False,,False,Shell Energy Stadium,597806,
2021-06-23,2021,MLS,True,Nashville SC,Toronto FC,3,2,,,False,,False,"Nissan Stadium, Nashville",597807,
2021-06-23,2021,MLS,True,Sporting Kansas City,Colorado Rapids,3,1,,,False,,False,Children's Mercy Park,597808,
2021-06-23,2021,MLS,True,Seattle Sounders FC,Real Salt Lake,2,1,,,False,,False,Lumen Field,597809,
2021-06-23,2021,MLS,True,LAFC,FC Dallas,2,0,,,False,,False,BMO Stadium,597810,
2021-06-23,2021,MLS,True,Vancouver Whitecaps,LA Galaxy,1,2,,,False,,False,America First Field,597811,
2021-06-25,2021,MLS,True,Inter Miami CF,Orlando City SC,1,2,,,False,,False,Chase Stadium,597812,
2021-06-26,2021,MLS,True,Sporting Kansas City,LAFC,2,1,,,False,,False,Children's Mercy Park,597813,
2021-06-26,2021,MLS,True,Toronto FC,FC Cincinnati,0,2,,,False,,False,Inter&Co Stadium,597814,
2021-06-26,2021,MLS,True,Chicago Fire FC,Philadelphia Union,3,3,,,False,,False,Soldier Field,597815,
2021-06-26,2021,MLS,True,Real Salt Lake,Houston Dynamo FC,1,1,,,False,,False,America First Field,597816,
2021-06-26,2021,MLS,True,Nashville SC,CF Montréal,1,1,,,False,,False,"Nissan Stadium, Nashville",597817,
2021-06-26,2021,MLS,True,Seattle Sounders FC,Vancouver Whitecaps,2,2,,,False,,False,Lumen Field,597818,
2021-06-26,2021,MLS,True,San Jose Earthquakes,LA Galaxy,1,3,,,False,,False,PayPal Park,597819,
2021-06-26,2021,MLS,True,Portland Timbers,Minnesota United FC,0,1,,,False,,False,Providence Park,597820,
2021-06-27,2021,MLS,True,Atlanta United FC,Red Bull New York,0,0,,,False,,False,Mercedes-Benz Stadium,597821,
2021-06-27,2021,MLS,True,New York City FC,D.C. United,2,1,,,False,,False,Sports Illustrated Stadium,597822,
2021-06-27,2021,MLS,True,Austin FC,Columbus Crew,0,0,,,False,,False,Q2 Stadium,597823,
2021-06-27,2021,MLS,True,FC Dallas,New England Revolution,2,1,,,False,,False,Toyota Stadium,597824,
2021-07-01,2021,MLS,True,Austin FC,Portland Timbers,4,1,,,False,,False,Q2 Stadium,597832,
2021-07-03,2021,MLS,True,Columbus Crew,New England Revolution,2,2,,,False,,False,ScottsMiracle-Gro Field,597825,
2021-07-03,2021,MLS,True,D.C. United,Toronto FC,7,1,,,False,,False,Audi Field,597826,
2021-07-03,2021,MLS,True,CF Montréal,Inter Miami CF,1,0,,,False,,False,Sports Illustrated Stadium,597828,
2021-07-03,2021,MLS,True,Orlando City SC,Red Bull New York,1,2,,,False,,False,Inter&Co Stadium,597827,
2021-07-03,2021,MLS,True,Chicago Fire FC,Atlanta United FC,3,0,,,False,,False,Soldier Field,597829,
2021-07-03,2021,MLS,True,Minnesota United FC,San Jose Earthquakes,2,2,,,False,,False,Allianz Field,597830,
2021-07-03,2021,MLS,True,Nashville SC,Philadelphia Union,1,0,,,False,,False,"Nissan Stadium, Nashville",597837,
2021-07-03,2021,MLS,True,Houston Dynamo FC,FC Cincinnati,1,1,,,False,,False,Shell Energy Stadium,597831,
2021-07-03,2021,MLS,True,Real Salt Lake,LAFC,0,1,,,False,,False,America First Field,597833,
2021-07-04,2021,MLS,True,FC Dallas,Vancouver Whitecaps,2,2,,,False,,False,Toyota Stadium,597834,
2021-07-04,2021,MLS,True,Colorado Rapids,Seattle Sounders FC,1,1,,,False,,False,Dick's Sporting Goods Park,597835,
2021-07-04,2021,MLS,True,LA Galaxy,Sporting Kansas City,0,2,,,False,,False,Dignity Health Sports Park,597836,
2021-07-07,2021,MLS,True,New England Revolution,Toronto FC,2,3,,,False,,False,Gillette Stadium,597838,
2021-07-07,2021,MLS,True,CF Montréal,New York City FC,2,1,,,False,,False,Inter&Co Stadium,597839,
2021-07-07,2021,MLS,True,Chicago Fire FC,Orlando City SC,3,1,,,False,,False,Soldier Field,597841,
2021-07-07,2021,MLS,True,Austin FC,LAFC,0,2,,,False,,False,Q2 Stadium,597842,
2021-07-07,2021,MLS,True,Colorado Rapids,Minnesota United FC,2,0,,,False,,False,Dick's Sporting Goods Park,597843,
2021-07-07,2021,MLS,True,Seattle Sounders FC,Houston Dynamo FC,2,0,,,False,,False,Lumen Field,597844,
2021-07-07,2021,MLS,True,Vancouver Whitecaps,Real Salt Lake,0,4,,,False,,False,America First Field,597845,
2021-07-07,2021,MLS,True,LA Galaxy,FC Dallas,3,1,,,False,,False,Dignity Health Sports Park,597846,
2021-07-08,2021,MLS,True,Nashville SC,Atlanta United FC,2,2,,,False,,False,"Nissan Stadium, Nashville",597848,
2021-07-08,2021,MLS,True,Red Bull New York,Philadelphia Union,1,1,,,False,,False,Sports Illustrated Stadium,597847,
2021-07-09,2021,MLS,True,FC Cincinnati,Columbus Crew,2,2,,,False,,False,TQL Stadium,597840,
2021-07-17,2021,MLS,True,Atlanta United FC,New England Revolution,0,1,,,False,,False,Mercedes-Benz Stadium,597849,
2021-07-17,2021,MLS,True,CF Montréal,FC Cincinnati,5,4,,,False,,False,Stade Saputo,597854,
2021-07-17,2021,MLS,True,Columbus Crew,New York City FC,2,1,,,False,,False,ScottsMiracle-Gro Field,597851,
2021-07-17,2021,MLS,True,Philadelphia Union,D.C. United,2,1,,,False,,False,Subaru Park,597853,
2021-07-17,2021,MLS,True,Toronto FC,Orlando City SC,1,1,,,False,,False,BMO Field,597852,
2021-07-17,2021,MLS,True,Nashville SC,Chicago Fire FC,5,1,,,False,,False,"Nissan Stadium, Nashville",597855,
2021-07-17,2021,MLS,True,Colorado Rapids,San Jose Earthquakes,1,1,,,False,,False,Dick's Sporting Goods Park,597857,
2021-07-17,2021,MLS,True,Vancouver Whitecaps,LA Galaxy,2,1,,,False,,False,America First Field,597858,
2021-07-17,2021,MLS,True,LAFC,Real Salt Lake,2,1,,,False,,False,BMO Stadium,597859,
2021-07-17,2021,MLS,True,Portland Timbers,FC Dallas,1,0,,,False,,False,Providence Park,597860,
2021-07-18,2021,MLS,True,Minnesota United FC,Seattle Sounders FC,1,0,,,False,,False,Allianz Field,597861,
2021-07-20,2021,MLS,True,Vancouver Whitecaps,Houston Dynamo FC,0,0,,,False,,False,America First Field,597871,
2021-07-21,2021,MLS,True,Columbus Crew,Nashville SC,0,0,,,False,,False,ScottsMiracle-Gro Field,597864,
2021-07-21,2021,MLS,True,Inter Miami CF,New England Revolution,0,5,,,False,,False,Chase Stadium,597862,
2021-07-21,2021,MLS,True,New York City FC,CF Montréal,1,0,,,False,,False,Sports Illustrated Stadium,597865,
2021-07-21,2021,MLS,True,Toronto FC,Red Bull New York,1,1,,,False,,False,BMO Field,597866,
2021-07-21,2021,MLS,True,Chicago Fire FC,D.C. United,2,2,,,False,,False,Soldier Field,597867,
2021-07-21,2021,MLS,True,FC Cincinnati,Atlanta United FC,1,1,,,False,,False,TQL Stadium,597863,
2021-07-21,2021,MLS,True,Sporting Kansas City,San Jose Earthquakes,1,1,,,False,,False,Children's Mercy Park,597868,
2021-07-21,2021,MLS,True,Colorado Rapids,FC Dallas,2,0,,,False,,False,Dick's Sporting Goods Park,597869,
2021-07-21,2021,MLS,True,Real Salt Lake,LA Galaxy,2,2,,,False,,False,America First Field,597870,
2021-07-21,2021,MLS,True,Portland Timbers,LAFC,2,1,,,False,,False,Providence Park,597872,
2021-07-22,2021,MLS,True,Orlando City SC,Philadelphia Union,2,1,,,False,,False,Inter&Co Stadium,597873,
2021-07-22,2021,MLS,True,Austin FC,Seattle Sounders FC,0,1,,,False,,False,Q2 Stadium,597874,
2021-07-24,2021,MLS,True,Atlanta United FC,Columbus Crew,0,1,,,False,,False,Mercedes-Benz Stadium,597875,
2021-07-24,2021,MLS,True,Chicago Fire FC,Toronto FC,1,2,,,False,,False,Soldier Field,597876,
2021-07-24,2021,MLS,True,Minnesota United FC,Portland Timbers,2,1,,,False,,False,Allianz Field,597877,
2021-07-24,2021,MLS,True,FC Dallas,LA Galaxy,4,0,,,False,,False,Toyota Stadium,597878,
2021-07-24,2021,MLS,True,Nashville SC,FC Cincinnati,3,0,,,False,,False,"Nissan Stadium, Nashville",597879,
2021-07-24,2021,MLS,True,Real Salt Lake,Colorado Rapids,3,0,,,False,,False,America First Field,597880,
2021-07-24,2021,MLS,True,San Jose Earthquakes,Houston Dynamo FC,1,1,,,False,,False,PayPal Park,597881,
2021-07-24,2021,MLS,True,LAFC,Vancouver Whitecaps,2,2,,,False,,False,BMO Stadium,597882,
2021-07-25,2021,MLS,True,New England Revolution,CF Montréal,2,1,,,False,,False,Gillette Stadium,597885,
2021-07-25,2021,MLS,True,New York City FC,Orlando City SC,5,0,,,False,,False,Yankee Stadium,597884,
2021-07-25,2021,MLS,True,Inter Miami CF,Philadelphia Union,1,1,,,False,,False,Chase Stadium,597883,
2021-07-25,2021,MLS,True,D.C. United,Red Bull New York,1,0,,,False,,False,Audi Field,597886,
2021-07-25,2021,MLS,True,Seattle Sounders FC,Sporting Kansas City,1,3,,,False,,False,Lumen Field,597887,
2021-07-28,2021,MLS,True,LAFC,Minnesota United FC,2,2,,,False,,False,BMO Stadium,597889,
2021-07-30,2021,MLS,True,New York City FC,Columbus Crew,4,1,,,False,,False,Yankee Stadium,597890,
2021-07-30,2021,MLS,True,Orlando City SC,Atlanta United FC,3,2,,,False,,False,Inter&Co Stadium,597891,
2021-07-30,2021,MLS,True,LA Galaxy,Portland Timbers,4,1,,,False,,False,Dignity Health Sports Park,597892,
2021-07-31,2021,MLS,True,Seattle Sounders FC,San Jose Earthquakes,0,1,,,False,,False,Lumen Field,597900,
2021-07-31,2021,MLS,True,Red Bull New York,New England Revolution,2,3,,,False,,False,Sports Illustrated Stadium,597894,
2021-07-31,2021,MLS,True,FC Cincinnati,D.C. United,0,0,,,False,,False,TQL Stadium,597895,
2021-07-31,2021,MLS,True,Inter Miami CF,CF Montréal,2,1,,,False,,False,Chase Stadium,597893,
2021-07-31,2021,MLS,True,Houston Dynamo FC,Real Salt Lake,0,0,,,False,,False,Shell Energy Stadium,597897,
2021-07-31,2021,MLS,True,Sporting Kansas City,FC Dallas,1,2,,,False,,False,Children's Mercy Park,597896,
2021-07-31,2021,MLS,True,Austin FC,Colorado Rapids,0,1,,,False,,False,Q2 Stadium,597898,
2021-07-31,2021,MLS,True,Vancouver Whitecaps,Minnesota United FC,2,2,,,False,,False,America First Field,597899,
2021-08-01,2021,MLS,True,Philadelphia Union,Chicago Fire FC,1,1,,,False,,False,Subaru Park,597901,
2021-08-01,2021,MLS,True,Toronto FC,Nashville SC,1,1,,,False,,False,BMO Field,597902,
2021-08-04,2021,MLS,True,New England Revolution,Nashville SC,0,0,,,False,,False,Gillette Stadium,597905,
2021-08-04,2021,MLS,True,CF Montréal,Atlanta United FC,2,2,,,False,,False,Stade Saputo,597908,
2021-08-04,2021,MLS,True,Columbus Crew,D.C. United,2,4,,,False,,False,ScottsMiracle-Gro Field,597904,
2021-08-04,2021,MLS,True,Philadelphia Union,Toronto FC,3,0,,,False,,False,Subaru Park,597906,
2021-08-04,2021,MLS,True,Chicago Fire FC,New York City FC,0,0,,,False,,False,Soldier Field,597909,
2021-08-04,2021,MLS,True,Orlando City SC,Inter Miami CF,1,1,,,False,,False,Inter&Co Stadium,597907,
2021-08-04,2021,MLS,True,Red Bull New York,FC Cincinnati,0,0,,,False,,False,Sports Illustrated Stadium,597903,
2021-08-04,2021,MLS,True,Austin FC,Houston Dynamo FC,3,2,,,False,,False,Q2 Stadium,597911,
2021-08-04,2021,MLS,True,Seattle Sounders FC,FC Dallas,1,1,,,False,,False,Lumen Field,597912,
2021-08-04,2021,MLS,True,LA Galaxy,Real Salt Lake,1,0,,,False,,False,Dignity Health Sports Park,597915,
2021-08-04,2021,MLS,True,LAFC,Sporting Kansas City,1,4,,,False,,False,BMO Stadium,597913,
2021-08-04,2021,MLS,True,Portland Timbers,San Jose Earthquakes,1,1,,,False,,False,Providence Park,597914,
2021-08-07,2021,MLS,True,Columbus Crew,Atlanta United FC,2,3,,,False,,False,ScottsMiracle-Gro Field,597916,
2021-08-07,2021,MLS,True,FC Cincinnati,Orlando City SC,1,1,,,False,,False,TQL Stadium,597917,
2021-08-07,2021,MLS,True,Minnesota United FC,Houston Dynamo FC,2,0,,,False,,False,Allianz Field,597919,
2021-08-07,2021,MLS,True,Toronto FC,New York City FC,2,2,,,False,,False,BMO Field,597918,
2021-08-07,2021,MLS,True,FC Dallas,Austin FC,2,0,,,False,,False,Toyota Stadium,597920,
2021-08-07,2021,MLS,True,Colorado Rapids,Sporting Kansas City,0,0,,,False,,False,Dick's Sporting Goods Park,597921,
2021-08-07,2021,MLS,True,Portland Timbers,Real Salt Lake,3,2,,,False,,False,Providence Park,597922,
2021-08-08,2021,MLS,True,Chicago Fire FC,Red Bull New York,2,1,,,False,,False,Soldier Field,597924,
2021-08-08,2021,MLS,True,Inter Miami CF,Nashville SC,2,1,,,False,,False,Chase Stadium,597923,
2021-08-08,2021,MLS,True,New England Revolution,Philadelphia Union,2,1,,,False,,False,Gillette Stadium,597925,
2021-08-08,2021,MLS,True,San Jose Earthquakes,LAFC,2,1,,,False,,False,PayPal Park,597926,
2021-08-08,2021,MLS,True,D.C. United,CF Montréal,2,1,,,False,,False,Audi Field,597927,
2021-08-08,2021,MLS,True,LA Galaxy,Vancouver Whitecaps,1,1,,,False,,False,Dignity Health Sports Park,597928,
2021-08-13,2021,MLS,True,San Jose Earthquakes,Vancouver Whitecaps,0,0,,,False,,False,PayPal Park,597929,
2021-08-14,2021,MLS,True,Minnesota United FC,LA Galaxy,0,1,,,False,,False,Allianz Field,597931,
2021-08-14,2021,MLS,True,CF Montréal,Red Bull New York,2,1,,,False,,False,Stade Saputo,597933,
2021-08-14,2021,MLS,True,New York City FC,Inter Miami CF,2,0,,,False,,False,Sports Illustrated Stadium,597930,
2021-08-14,2021,MLS,True,Toronto FC,New England Revolution,1,2,,,False,,False,BMO Field,597935,
2021-08-14,2021,MLS,True,FC Dallas,Sporting Kansas City,0,2,,,False,,False,Toyota Stadium,597936,
2021-08-14,2021,MLS,True,Houston Dynamo FC,Colorado Rapids,1,3,,,False,,False,Shell Energy Stadium,597937,
2021-08-14,2021,MLS,True,Real Salt Lake,Austin FC,1,0,,,False,,False,America First Field,597938,
2021-08-15,2021,MLS,True,Atlanta United FC,LAFC,1,0,,,False,,False,Mercedes-Benz Stadium,597939,
2021-08-15,2021,MLS,True,Chicago Fire FC,Columbus Crew,1,0,,,False,,False,Soldier Field,597934,
2021-08-15,2021,MLS,True,Nashville SC,D.C. United,5,2,,,False,,False,"Nissan Stadium, Nashville",597940,
2021-08-15,2021,MLS,True,Portland Timbers,Seattle Sounders FC,2,6,,,False,,False,Providence Park,597941,
2021-08-17,2021,MLS,True,LA Galaxy,Colorado Rapids,1,2,,,False,,False,Dignity Health Sports Park,597943,
2021-08-17,2021,MLS,True,San Jose Earthquakes,Minnesota United FC,1,1,,,False,,False,PayPal Park,597942,
2021-08-18,2021,MLS,True,Atlanta United FC,Toronto FC,1,0,,,False,,False,Mercedes-Benz Stadium,597944,
2021-08-18,2021,MLS,True,New England Revolution,D.C. United,3,2,,,False,,False,Gillette Stadium,597947,
2021-08-18,2021,MLS,True,FC Cincinnati,CF Montréal,0,0,,,False,,False,TQL Stadium,597949,
2021-08-18,2021,MLS,True,Inter Miami CF,Chicago Fire FC,3,2,,,False,,False,Chase Stadium,597946,
2021-08-18,2021,MLS,True,Philadelphia Union,New York City FC,1,0,,,False,,False,Subaru Park,597948,
2021-08-18,2021,MLS,True,Red Bull New York,Columbus Crew,1,0,,,False,,False,Sports Illustrated Stadium,597945,
2021-08-18,2021,MLS,True,FC Dallas,Seattle Sounders FC,0,1,,,False,,False,Toyota Stadium,597952,
2021-08-18,2021,MLS,True,Nashville SC,Orlando City SC,1,1,,,False,,False,"Nissan Stadium, Nashville",597950,
2021-08-18,2021,MLS,True,Sporting Kansas City,Portland Timbers,1,1,,,False,,False,Children's Mercy Park,597951,
2021-08-18,2021,MLS,True,Austin FC,Vancouver Whitecaps,1,2,,,False,,False,Q2 Stadium,597953,
2021-08-18,2021,MLS,True,Real Salt Lake,Houston Dynamo FC,2,1,,,False,,False,America First Field,597954,
2021-08-20,2021,MLS,True,LA Galaxy,San Jose Earthquakes,1,2,,,False,,False,Dignity Health Sports Park,597955,
2021-08-21,2021,MLS,True,Minnesota United FC,Sporting Kansas City,0,0,,,False,,False,Allianz Field,597957,
2021-08-21,2021,MLS,True,Columbus Crew,Seattle Sounders FC,1,2,,,False,,False,ScottsMiracle-Gro Field,597958,
2021-08-21,2021,MLS,True,D.C. United,Atlanta United FC,1,2,,,False,,False,Audi Field,597961,
2021-08-21,2021,MLS,True,Inter Miami CF,Toronto FC,3,1,,,False,,False,Chase Stadium,597956,
2021-08-21,2021,MLS,True,New England Revolution,FC Cincinnati,4,1,,,False,,False,Gillette Stadium,597962,
2021-08-21,2021,MLS,True,Philadelphia Union,CF Montréal,1,1,,,False,,False,Subaru Park,597959,
2021-08-21,2021,MLS,True,Houston Dynamo FC,FC Dallas,2,2,,,False,,False,Shell Energy Stadium,597964,
2021-08-21,2021,MLS,True,Orlando City SC,Chicago Fire FC,1,0,,,False,,False,Inter&Co Stadium,597960,
2021-08-21,2021,MLS,True,Austin FC,Portland Timbers,3,1,,,False,,False,Q2 Stadium,597966,
2021-08-21,2021,MLS,True,Colorado Rapids,Real Salt Lake,2,1,,,False,,False,Dick's Sporting Goods Park,597965,
2021-08-21,2021,MLS,True,Vancouver Whitecaps,LAFC,2,1,,,False,,False,BC Place,597967,
2021-08-25,2021,MLS,True,MLS All-Stars,Liga MX All-Stars,1,1,3.0,2.0,True,MLS All-Stars,False,BMO Stadium,606311,
2021-08-27,2021,MLS,True,Columbus Crew,FC Cincinnati,3,2,,,False,,False,ScottsMiracle-Gro Field,597968,
2021-08-27,2021,MLS,True,CF Montréal,Toronto FC,3,1,,,False,,False,Stade Saputo,597969,
2021-08-27,2021,MLS,True,Orlando City SC,Inter Miami CF,0,0,,,False,,False,Inter&Co Stadium,597970,
2021-08-28,2021,MLS,True,Atlanta United FC,Nashville SC,0,2,,,False,,False,Mercedes-Benz Stadium,597971,
2021-08-28,2021,MLS,True,Red Bull New York,Chicago Fire FC,0,1,,,False,,False,Sports Illustrated Stadium,597972,
2021-08-28,2021,MLS,True,LAFC,LA Galaxy,3,3,,,False,,False,BMO Stadium,597975,
2021-08-28,2021,MLS,True,New York City FC,New England Revolution,2,0,,,False,,False,Yankee Stadium,597973,
2021-08-28,2021,MLS,True,D.C. United,Philadelphia Union,3,1,,,False,,False,Audi Field,597974,
2021-08-28,2021,MLS,True,Houston Dynamo FC,Minnesota United FC,1,2,,,False,,False,Shell Energy Stadium,597977,
2021-08-28,2021,MLS,True,Sporting Kansas City,Colorado Rapids,1,1,,,False,,False,Children's Mercy Park,597976,
2021-08-29,2021,MLS,True,Austin FC,FC Dallas,3,5,,,False,,False,Q2 Stadium,597979,
2021-08-29,2021,MLS,True,Vancouver Whitecaps,Real Salt Lake,4,1,,,False,,False,BC Place,597978,
2021-08-29,2021,MLS,True,Seattle Sounders FC,Portland Timbers,0,2,,,False,,False,Lumen Field,597980,
2021-09-03,2021,MLS,True,Nashville SC,New York City FC,3,1,,,False,,False,"Nissan Stadium, Nashville",597986,
2021-09-03,2021,MLS,True,Philadelphia Union,New England Revolution,0,1,,,False,,False,Subaru Park,598006,
2021-09-03,2021,MLS,True,Houston Dynamo FC,Portland Timbers,0,2,,,False,,False,Shell Energy Stadium,597981,
2021-09-03,2021,MLS,True,LAFC,Sporting Kansas City,4,0,,,False,,False,BMO Stadium,597982,
2021-09-04,2021,MLS,True,Vancouver Whitecaps,Austin FC,2,1,,,False,,False,BC Place,597888,
2021-09-04,2021,MLS,True,Orlando City SC,Columbus Crew,3,2,,,False,,False,Inter&Co Stadium,597984,
2021-09-04,2021,MLS,True,FC Cincinnati,Inter Miami CF,0,1,,,False,,False,TQL Stadium,597983,
2021-09-04,2021,MLS,True,Real Salt Lake,FC Dallas,3,2,,,False,,False,America First Field,597985,
2021-09-04,2021,MLS,True,San Jose Earthquakes,Colorado Rapids,0,1,,,False,,False,PayPal Park,597987,
2021-09-10,2021,MLS,True,Atlanta United FC,Orlando City SC,3,0,,,False,,False,Mercedes-Benz Stadium,597988,
2021-09-10,2021,MLS,True,Vancouver Whitecaps,Portland Timbers,0,1,,,False,,False,BC Place,597989,
2021-09-11,2021,MLS,True,Colorado Rapids,LA Galaxy,1,1,,,False,,False,Dick's Sporting Goods Park,597991,
2021-09-11,2021,MLS,True,Seattle Sounders FC,Minnesota United FC,1,0,,,False,,False,Lumen Field,597992,
2021-09-11,2021,MLS,True,New England Revolution,New York City FC,2,1,,,False,,False,Gillette Stadium,597993,
2021-09-11,2021,MLS,True,Red Bull New York,D.C. United,1,1,,,False,,False,Sports Illustrated Stadium,597994,
2021-09-11,2021,MLS,True,CF Montréal,Nashville SC,0,1,,,False,,False,Stade Saputo,597999,
2021-09-11,2021,MLS,True,FC Cincinnati,Toronto FC,2,0,,,False,,False,TQL Stadium,597995,
2021-09-11,2021,MLS,True,Inter Miami CF,Columbus Crew,1,0,,,False,,False,Chase Stadium,597990,
2021-09-11,2021,MLS,True,FC Dallas,San Jose Earthquakes,1,1,,,False,,False,Toyota Stadium,597996,
2021-09-11,2021,MLS,True,Houston Dynamo FC,Austin FC,3,0,,,False,,False,Shell Energy Stadium,597998,
2021-09-11,2021,MLS,True,Sporting Kansas City,Chicago Fire FC,2,0,,,False,,False,Children's Mercy Park,597997,
2021-09-12,2021,MLS,True,LAFC,Real Salt Lake,3,2,,,False,,False,BMO Stadium,598000,
2021-09-14,2021,MLS,True,Columbus Crew,Red Bull New York,2,1,,,False,,False,ScottsMiracle-Gro Field,598003,
2021-09-14,2021,MLS,True,New York City FC,FC Dallas,3,3,,,False,,False,Sports Illustrated Stadium,598002,
2021-09-14,2021,MLS,True,Toronto FC,Inter Miami CF,0,1,,,False,,False,BMO Field,598001,
2021-09-15,2021,MLS,True,Atlanta United FC,FC Cincinnati,4,0,,,False,,False,Mercedes-Benz Stadium,598004,
2021-09-15,2021,MLS,True,D.C. United,Chicago Fire FC,3,0,,,False,,False,Audi Field,598007,
2021-09-15,2021,MLS,True,Orlando City SC,CF Montréal,2,4,,,False,,False,Inter&Co Stadium,598005,
2021-09-15,2021,MLS,True,Sporting Kansas City,Minnesota United FC,4,0,,,False,,False,Children's Mercy Park,598008,
2021-09-15,2021,MLS,True,Austin FC,LAFC,1,2,,,False,,False,Q2 Stadium,598009,
2021-09-15,2021,MLS,True,Portland Timbers,Colorado Rapids,2,2,,,False,,False,Providence Park,598010,
2021-09-15,2021,MLS,True,LA Galaxy,Houston Dynamo FC,1,1,,,False,,False,Dignity Health Sports Park,598012,
2021-09-15,2021,MLS,True,San Jose Earthquakes,Real Salt Lake,3,4,,,False,,False,PayPal Park,598013,
2021-09-17,2021,MLS,True,Inter Miami CF,Red Bull New York,0,4,,,False,,False,Chase Stadium,598014,
2021-09-18,2021,MLS,True,Atlanta United FC,D.C. United,3,2,,,False,,False,Mercedes-Benz Stadium,598015,
2021-09-18,2021,MLS,True,New England Revolution,Columbus Crew,1,1,,,False,,False,Gillette Stadium,598016,
2021-09-18,2021,MLS,True,FC Cincinnati,New York City FC,1,2,,,False,,False,TQL Stadium,598018,
2021-09-18,2021,MLS,True,Toronto FC,Nashville SC,2,1,,,False,,False,BMO Field,598017,
2021-09-18,2021,MLS,True,Austin FC,San Jose Earthquakes,3,4,,,False,,False,Q2 Stadium,598021,
2021-09-18,2021,MLS,True,Minnesota United FC,LA Galaxy,3,0,,,False,,False,Allianz Field,598019,
2021-09-18,2021,MLS,True,Houston Dynamo FC,FC Dallas,3,2,,,False,,False,Shell Energy Stadium,598020,
2021-09-18,2021,MLS,True,Real Salt Lake,Seattle Sounders FC,1,0,,,False,,False,America First Field,598022,
2021-09-19,2021,MLS,True,CF Montréal,Chicago Fire FC,2,0,,,False,,False,Stade Saputo,598023,
2021-09-19,2021,MLS,True,Philadelphia Union,Orlando City SC,3,1,,,False,,False,Subaru Park,598024,
2021-09-19,2021,MLS,True,Portland Timbers,LAFC,2,1,,,False,,False,Providence Park,598025,
2021-09-19,2021,MLS,True,Colorado Rapids,Vancouver Whitecaps,1,1,,,False,,False,Dick's Sporting Goods Park,598026,
2021-09-22,2021,MLS,True,Inter Miami CF,Nashville SC,1,5,,,False,,False,Chase Stadium,598027,
2021-09-22,2021,MLS,True,Chicago Fire FC,New England Revolution,2,3,,,False,,False,Soldier Field,598125,
2021-09-22,2021,MLS,True,Red Bull New York,New York City FC,1,1,,,False,,False,Sports Illustrated Stadium,597963,
2021-09-25,2021,MLS,True,Philadelphia Union,Atlanta United FC,1,0,,,False,,False,Subaru Park,598028,
2021-09-25,2021,MLS,True,New England Revolution,Orlando City SC,2,1,,,False,,False,Gillette Stadium,598029,
2021-09-25,2021,MLS,True,Columbus Crew,CF Montréal,2,1,,,False,,False,ScottsMiracle-Gro Field,598030,
2021-09-25,2021,MLS,True,D.C. United,FC Cincinnati,4,2,,,False,,False,Audi Field,598031,
2021-09-25,2021,MLS,True,Colorado Rapids,Toronto FC,0,0,,,False,,False,Dick's Sporting Goods Park,598034,
2021-09-25,2021,MLS,True,Minnesota United FC,Houston Dynamo FC,2,0,,,False,,False,Allianz Field,598033,
2021-09-25,2021,MLS,True,New York City FC,Red Bull New York,0,1,,,False,,False,Yankee Stadium,598032,
2021-09-25,2021,MLS,True,San Jose Earthquakes,LAFC,2,0,,,False,,False,PayPal Park,598036,
2021-09-25,2021,MLS,True,Vancouver Whitecaps,FC Dallas,1,0,,,False,,False,BC Place,598035,
2021-09-25,2021,MLS,True,Portland Timbers,Real Salt Lake,6,1,,,False,,False,Providence Park,598037,
2021-09-26,2021,MLS,True,Chicago Fire FC,Nashville SC,0,0,,,False,,False,Soldier Field,598039,
2021-09-26,2021,MLS,True,Sporting Kansas City,Seattle Sounders FC,1,2,,,False,,False,Children's Mercy Park,598040,
2021-09-26,2021,MLS,True,Austin FC,LA Galaxy,2,0,,,False,,False,Q2 Stadium,598038,
2021-09-29,2021,MLS,True,Atlanta United FC,Inter Miami CF,1,0,,,False,,False,Mercedes-Benz Stadium,598044,
2021-09-29,2021,MLS,True,Toronto FC,FC Cincinnati,3,2,,,False,,False,BMO Field,598042,
2021-09-29,2021,MLS,True,CF Montréal,New England Revolution,1,4,,,False,,False,Stade Saputo,598043,
2021-09-29,2021,MLS,True,D.C. United,Minnesota United FC,3,1,,,False,,False,Audi Field,598045,
2021-09-29,2021,MLS,True,Red Bull New York,Philadelphia Union,1,1,,,False,,False,Sports Illustrated Stadium,598041,
2021-09-29,2021,MLS,True,Chicago Fire FC,New York City FC,2,0,,,False,,False,SeatGeek Stadium,598047,
2021-09-29,2021,MLS,True,FC Dallas,Sporting Kansas City,1,3,,,False,,False,Toyota Stadium,598046,
2021-09-29,2021,MLS,True,Nashville SC,Orlando City SC,2,2,,,False,,False,"Nissan Stadium, Nashville",598049,
2021-09-29,2021,MLS,True,Colorado Rapids,Austin FC,3,0,,,False,,False,Dick's Sporting Goods Park,598050,
2021-09-29,2021,MLS,True,Houston Dynamo FC,Vancouver Whitecaps,0,0,,,False,,False,Shell Energy Stadium,598048,
2021-09-29,2021,MLS,True,Real Salt Lake,LA Galaxy,2,1,,,False,,False,America First Field,598051,
2021-09-29,2021,MLS,True,LAFC,Portland Timbers,1,2,,,False,,False,BMO Stadium,598052,
2021-09-29,2021,MLS,True,San Jose Earthquakes,Seattle Sounders FC,1,3,,,False,,False,PayPal Park,598053,
2021-10-02,2021,MLS,True,Austin FC,Real Salt Lake,2,1,,,False,,False,Q2 Stadium,598054,
2021-10-02,2021,MLS,True,CF Montréal,Atlanta United FC,2,1,,,False,,False,Stade Saputo,598055,
2021-10-02,2021,MLS,True,FC Cincinnati,Red Bull New York,0,1,,,False,,False,TQL Stadium,598056,
2021-10-02,2021,MLS,True,Orlando City SC,D.C. United,2,1,,,False,,False,Inter&Co Stadium,598057,
2021-10-02,2021,MLS,True,FC Dallas,Minnesota United FC,0,0,,,False,,False,Toyota Stadium,598059,
2021-10-02,2021,MLS,True,Vancouver Whitecaps,San Jose Earthquakes,3,0,,,False,,False,BC Place,598060,
2021-10-03,2021,MLS,True,New York City FC,Nashville SC,0,0,,,False,,False,Sports Illustrated Stadium,598064,
2021-10-03,2021,MLS,True,Philadelphia Union,Columbus Crew,3,0,,,False,,False,Subaru Park,598058,
2021-10-03,2021,MLS,True,Sporting Kansas City,Houston Dynamo FC,4,2,,,False,,False,Children's Mercy Park,598062,
2021-10-03,2021,MLS,True,Toronto FC,Chicago Fire FC,3,1,,,False,,False,BMO Field,598063,
2021-10-03,2021,MLS,True,Portland Timbers,Inter Miami CF,1,0,,,False,,False,Providence Park,598061,
2021-10-03,2021,MLS,True,LA Galaxy,LAFC,1,1,,,False,,False,Dignity Health Sports Park,598065,
2021-10-03,2021,MLS,True,Seattle Sounders FC,Colorado Rapids,3,0,,,False,,False,Lumen Field,598066,
2021-10-09,2021,MLS,True,Red Bull New York,Inter Miami CF,1,0,,,False,,False,Sports Illustrated Stadium,597850,
2021-10-09,2021,MLS,True,FC Cincinnati,Philadelphia Union,1,2,,,False,,False,TQL Stadium,597932,
2021-10-09,2021,MLS,True,Seattle Sounders FC,Vancouver Whitecaps,4,1,,,False,,False,Lumen Field,598011,
2021-10-10,2021,MLS,True,Minnesota United FC,Colorado Rapids,1,3,,,False,,False,Allianz Field,597910,
2021-10-16,2021,MLS,True,CF Montréal,Philadelphia Union,2,2,,,False,,False,Stade Saputo,598067,
2021-10-16,2021,MLS,True,LAFC,San Jose Earthquakes,3,1,,,False,,False,BMO Stadium,598068,
2021-10-16,2021,MLS,True,Columbus Crew,Inter Miami CF,4,0,,,False,,False,ScottsMiracle-Gro Field,598069,
2021-10-16,2021,MLS,True,New England Revolution,Chicago Fire FC,2,2,,,False,,False,Gillette Stadium,598070,
2021-10-16,2021,MLS,True,D.C. United,Nashville SC,0,0,,,False,,False,Audi Field,598071,
2021-10-16,2021,MLS,True,FC Cincinnati,Orlando City SC,0,1,,,False,,False,TQL Stadium,598072,
2021-10-16,2021,MLS,True,Toronto FC,Atlanta United FC,0,2,,,False,,False,BMO Field,598073,
2021-10-16,2021,MLS,True,Houston Dynamo FC,Seattle Sounders FC,2,1,,,False,,False,Shell Energy Stadium,598074,
2021-10-16,2021,MLS,True,Austin FC,Minnesota United FC,0,1,,,False,,False,Q2 Stadium,598075,
2021-10-16,2021,MLS,True,Real Salt Lake,Colorado Rapids,3,1,,,False,,False,America First Field,598076,
2021-10-16,2021,MLS,True,LA Galaxy,Portland Timbers,2,1,,,False,,False,Dignity Health Sports Park,598077,
2021-10-17,2021,MLS,True,Red Bull New York,New York City FC,1,0,,,False,,False,Sports Illustrated Stadium,598078,
2021-10-17,2021,MLS,True,Vancouver Whitecaps,Sporting Kansas City,2,1,,,False,,False,BC Place,598079,
2021-10-20,2021,MLS,True,Atlanta United FC,New York City FC,1,1,,,False,,False,Mercedes-Benz Stadium,598080,
2021-10-20,2021,MLS,True,D.C. United,New England Revolution,2,3,,,False,,False,Audi Field,598084,
2021-10-20,2021,MLS,True,FC Cincinnati,Chicago Fire FC,3,4,,,False,,False,TQL Stadium,598083,
2021-10-20,2021,MLS,True,Inter Miami CF,Toronto FC,3,0,,,False,,False,Chase Stadium,598081,
2021-10-20,2021,MLS,True,Orlando City SC,CF Montréal,1,1,,,False,,False,Inter&Co Stadium,598082,
2021-10-20,2021,MLS,True,FC Dallas,LAFC,2,3,,,False,,False,Toyota Stadium,598085,
2021-10-20,2021,MLS,True,Minnesota United FC,Philadelphia Union,3,2,,,False,,False,Allianz Field,598086,
2021-10-20,2021,MLS,True,Houston Dynamo FC,LA Galaxy,0,3,,,False,,False,Shell Energy Stadium,598088,
2021-10-20,2021,MLS,True,Nashville SC,Columbus Crew,1,1,,,False,,False,"Nissan Stadium, Nashville",598087,
2021-10-20,2021,MLS,True,Colorado Rapids,Seattle Sounders FC,1,1,,,False,,False,Dick's Sporting Goods Park,598089,
2021-10-20,2021,MLS,True,Portland Timbers,Vancouver Whitecaps,2,3,,,False,,False,Providence Park,598090,
2021-10-20,2021,MLS,True,San Jose Earthquakes,Austin FC,4,0,,,False,,False,PayPal Park,598091,
2021-10-23,2021,MLS,True,Seattle Sounders FC,Sporting Kansas City,1,2,,,False,,False,Lumen Field,598101,
2021-10-23,2021,MLS,True,Columbus Crew,Red Bull New York,1,2,,,False,,False,ScottsMiracle-Gro Field,598095,
2021-10-23,2021,MLS,True,New York City FC,D.C. United,6,0,,,False,,False,Yankee Stadium,598097,
2021-10-23,2021,MLS,True,Philadelphia Union,Nashville SC,1,0,,,False,,False,Subaru Park,598096,
2021-10-23,2021,MLS,True,Toronto FC,CF Montréal,1,1,,,False,,False,BMO Field,598093,
2021-10-23,2021,MLS,True,Chicago Fire FC,Real Salt Lake,1,0,,,False,,False,Soldier Field,598099,
2021-10-23,2021,MLS,True,Inter Miami CF,FC Cincinnati,5,1,,,False,,False,Chase Stadium,598092,
2021-10-23,2021,MLS,True,Minnesota United FC,LAFC,1,1,,,False,,False,Allianz Field,598098,
2021-10-23,2021,MLS,True,Colorado Rapids,Portland Timbers,2,0,,,False,,False,Dick's Sporting Goods Park,598100,
2021-10-23,2021,MLS,True,LA Galaxy,FC Dallas,2,2,,,False,,False,Dignity Health Sports Park,598094,
2021-10-23,2021,MLS,True,San Jose Earthquakes,Vancouver Whitecaps,1,1,,,False,,False,PayPal Park,598102,
2021-10-24,2021,MLS,True,Austin FC,Houston Dynamo FC,2,1,,,False,,False,Q2 Stadium,598104,
2021-10-24,2021,MLS,True,Orlando City SC,New England Revolution,2,2,,,False,,False,Inter&Co Stadium,598103,
2021-10-26,2021,MLS,True,LAFC,Seattle Sounders FC,3,0,,,False,,False,BMO Stadium,598105,
2021-10-27,2021,MLS,True,New England Revolution,Colorado Rapids,1,0,,,False,,False,Gillette Stadium,598107,
2021-10-27,2021,MLS,True,Atlanta United FC,Inter Miami CF,2,1,,,False,,False,Mercedes-Benz Stadium,598106,
2021-10-27,2021,MLS,True,Columbus Crew,Orlando City SC,3,2,,,False,,False,ScottsMiracle-Gro Field,598109,
2021-10-27,2021,MLS,True,D.C. United,Red Bull New York,1,0,,,False,,False,Audi Field,598112,
2021-10-27,2021,MLS,True,FC Cincinnati,Nashville SC,3,6,,,False,,False,TQL Stadium,598110,
2021-10-27,2021,MLS,True,New York City FC,Chicago Fire FC,1,0,,,False,,False,Yankee Stadium,598108,
2021-10-27,2021,MLS,True,Toronto FC,Philadelphia Union,2,2,,,False,,False,BMO Field,598111,
2021-10-27,2021,MLS,True,FC Dallas,Real Salt Lake,1,2,,,False,,False,Toyota Stadium,598113,
2021-10-27,2021,MLS,True,Sporting Kansas City,LA Galaxy,2,0,,,False,,False,Children's Mercy Park,598114,
2021-10-27,2021,MLS,True,Portland Timbers,San Jose Earthquakes,2,0,,,False,,False,Providence Park,598116,
2021-10-27,2021,MLS,True,Vancouver Whitecaps,Minnesota United FC,2,1,,,False,,False,BC Place,598115,
2021-10-30,2021,MLS,True,Inter Miami CF,New York City FC,1,3,,,False,,False,Chase Stadium,598119,
2021-10-30,2021,MLS,True,Real Salt Lake,San Jose Earthquakes,3,4,,,False,,False,America First Field,598123,
2021-10-30,2021,MLS,True,Red Bull New York,CF Montréal,1,0,,,False,,False,Sports Illustrated Stadium,598118,
2021-10-30,2021,MLS,True,Atlanta United FC,Toronto FC,1,1,,,False,,False,Mercedes-Benz Stadium,598117,
2021-10-30,2021,MLS,True,D.C. United,Columbus Crew,1,3,,,False,,False,Audi Field,598121,
2021-10-30,2021,MLS,True,FC Dallas,Austin FC,2,1,,,False,,False,Toyota Stadium,598122,
2021-10-31,2021,MLS,True,Minnesota United FC,Sporting Kansas City,2,1,,,False,,False,Allianz Field,598124,
2021-10-31,2021,MLS,True,Houston Dynamo FC,Colorado Rapids,0,1,,,False,,False,Shell Energy Stadium,598126,
2021-10-31,2021,MLS,True,Orlando City SC,Nashville SC,1,1,,,False,,False,Inter&Co Stadium,598127,
2021-10-31,2021,MLS,True,Philadelphia Union,FC Cincinnati,2,0,,,False,,False,Subaru Park,598120,
2021-11-01,2021,MLS,True,Seattle Sounders FC,LA Galaxy,1,1,,,False,,False,Lumen Field,598128,
2021-11-02,2021,MLS,True,LAFC,Vancouver Whitecaps,1,1,,,False,,False,BMO Stadium,598129,
2021-11-03,2021,MLS,True,CF Montréal,Houston Dynamo FC,2,0,,,False,,False,Stade Saputo,598131,
2021-11-03,2021,MLS,True,Red Bull New York,Atlanta United FC,0,0,,,False,,False,Sports Illustrated Stadium,598130,
2021-11-03,2021,MLS,True,Austin FC,Sporting Kansas City,3,1,,,False,,False,Q2 Stadium,598132,
2021-11-03,2021,MLS,True,Real Salt Lake,Portland Timbers,1,3,,,False,,False,America First Field,598133,
2021-11-07,2021,MLS,True,CF Montréal,Orlando City SC,0,2,,,False,,False,Stade Saputo,598134,
2021-11-07,2021,MLS,True,Columbus Crew,Chicago Fire FC,2,0,,,False,,False,ScottsMiracle-Gro Field,598140,
2021-11-07,2021,MLS,True,FC Cincinnati,Atlanta United FC,1,2,,,False,,False,TQL Stadium,598135,
2021-11-07,2021,MLS,True,Nashville SC,Red Bull New York,1,1,,,False,,False,"Nissan Stadium, Nashville",598139,
2021-11-07,2021,MLS,True,New England Revolution,Inter Miami CF,0,1,,,False,,False,Gillette Stadium,598138,
2021-11-07,2021,MLS,True,New York City FC,Philadelphia Union,1,1,,,False,,False,Yankee Stadium,598137,
2021-11-07,2021,MLS,True,Toronto FC,D.C. United,1,3,,,False,,False,BMO Field,598136,
2021-11-07,2021,MLS,True,Colorado Rapids,LAFC,5,2,,,False,,False,Dick's Sporting Goods Park,598146,
2021-11-07,2021,MLS,True,LA Galaxy,Minnesota United FC,3,3,,,False,,False,Dignity Health Sports Park,598143,
2021-11-07,2021,MLS,True,Portland Timbers,Austin FC,3,0,,,False,,False,Providence Park,598142,
2021-11-07,2021,MLS,True,San Jose Earthquakes,FC Dallas,1,1,,,False,,False,PayPal Park,598141,
2021-11-07,2021,MLS,True,Sporting Kansas City,Real Salt Lake,0,1,,,False,,False,Children's Mercy Park,598145,
2021-11-07,2021,MLS,True,Vancouver Whitecaps,Seattle Sounders FC,1,1,,,False,,False,BC Place,598144,
2021-11-20,2021,MLS,True,Philadelphia Union,Red Bull New York,1,0,,,False,,False,Subaru Park,621677,
2021-11-20,2021,MLS,True,Sporting Kansas City,Vancouver Whitecaps,3,1,,,False,,False,Children's Mercy Park,621676,
2021-11-21,2021,MLS,True,New York City FC,Atlanta United FC,2,0,,,False,,False,Yankee Stadium,621675,
2021-11-21,2021,MLS,True,Portland Timbers,Minnesota United FC,3,1,,,False,,False,Providence Park,621674,
2021-11-23,2021,MLS,True,Nashville SC,Orlando City SC,3,1,,,False,,False,"Nissan Stadium, Nashville",621673,
2021-11-23,2021,MLS,True,Seattle Sounders FC,Real Salt Lake,0,0,5.0,6.0,True,Real Salt Lake,False,Lumen Field,621672,
2021-11-25,2021,MLS,True,Colorado Rapids,Portland Timbers,0,1,,,False,,False,Dick's Sporting Goods Park,621671,
2021-11-28,2021,MLS,True,Sporting Kansas City,Real Salt Lake,1,2,,,False,,False,Children's Mercy Park,621978,
2021-11-28,2021,MLS,True,Philadelphia Union,Nashville SC,1,1,2.0,0.0,True,Philadelphia Union,False,Subaru Park,621977,
2021-11-30,2021,MLS,True,New England Revolution,New York City FC,2,2,3.0,5.0,True,New York City FC,False,Gillette Stadium,621670,
2021-12-04,2021,MLS,True,Portland Timbers,Real Salt Lake,2,0,,,False,,False,Providence Park,622134,
2021-12-05,2021,MLS,True,Philadelphia Union,New York City FC,1,2,,,False,,False,Subaru Park,622133,
2021-12-11,2021,MLS,True,Portland Timbers,New York City FC,1,1,2.0,4.0,True,New York City FC,False,Providence Park,622709,
2022-02-26,2022,MLS,True,Philadelphia Union,Minnesota United FC,1,1,,,False,,False,Subaru Park,622068,
2022-02-26,2022,MLS,True,Columbus Crew,Vancouver Whitecaps,4,0,,,False,,False,ScottsMiracle-Gro Field,622067,
2022-02-26,2022,MLS,True,LAFC,Colorado Rapids,3,0,,,False,,False,BMO Stadium,622066,
2022-02-26,2022,MLS,True,FC Dallas,Toronto FC,1,1,,,False,,False,Toyota Stadium,622065,
2022-02-26,2022,MLS,True,Austin FC,FC Cincinnati,5,0,,,False,,False,Q2 Stadium,622063,
2022-02-26,2022,MLS,True,D.C. United,Charlotte FC,3,0,,,False,,False,Audi Field,622061,
2022-02-26,2022,MLS,True,Inter Miami CF,Chicago Fire FC,0,0,,,False,,False,Chase Stadium,622062,
2022-02-26,2022,MLS,True,San Jose Earthquakes,Red Bull New York,1,3,,,False,,False,PayPal Park,622064,
2022-02-26,2022,MLS,True,Portland Timbers,New England Revolution,2,2,,,False,,False,Providence Park,622060,
2022-02-27,2022,MLS,True,Orlando City SC,CF Montréal,2,0,,,False,,False,Inter&Co Stadium,622059,
2022-02-27,2022,MLS,True,Atlanta United FC,Sporting Kansas City,3,1,,,False,,False,Mercedes-Benz Stadium,622058,
2022-02-27,2022,MLS,True,LA Galaxy,New York City FC,1,0,,,False,,False,Dignity Health Sports Park,622057,
2022-02-27,2022,MLS,True,Houston Dynamo FC,Real Salt Lake,0,0,,,False,,False,Shell Energy Stadium,622056,
2022-02-27,2022,MLS,True,Seattle Sounders FC,Nashville SC,0,1,,,False,,False,Lumen Field,622069,
2022-03-05,2022,MLS,True,New England Revolution,FC Dallas,1,0,,,False,,False,Gillette Stadium,622055,
2022-03-05,2022,MLS,True,Toronto FC,Red Bull New York,1,4,,,False,,False,BMO Field,622054,
2022-03-05,2022,MLS,True,Sporting Kansas City,Houston Dynamo FC,1,0,,,False,,False,Children's Mercy Park,622053,
2022-03-05,2022,MLS,True,CF Montréal,Philadelphia Union,1,2,,,False,,False,Stade Olympique (Montreal),622052,
2022-03-05,2022,MLS,True,San Jose Earthquakes,Columbus Crew,3,3,,,False,,False,PayPal Park,623191,
2022-03-05,2022,MLS,True,Chicago Fire FC,Orlando City SC,0,0,,,False,,False,Soldier Field,622050,
2022-03-05,2022,MLS,True,Colorado Rapids,Atlanta United FC,3,0,,,False,,False,Dick's Sporting Goods Park,622046,
2022-03-05,2022,MLS,True,FC Cincinnati,D.C. United,0,1,,,False,,False,TQL Stadium,622047,
2022-03-05,2022,MLS,True,Minnesota United FC,Nashville SC,1,1,,,False,,False,Allianz Field,622048,
2022-03-05,2022,MLS,True,Real Salt Lake,Seattle Sounders FC,1,0,,,False,,False,America First Field,622051,
2022-03-05,2022,MLS,True,Vancouver Whitecaps,New York City FC,0,0,,,False,,False,BC Place,622049,
2022-03-05,2022,MLS,True,Charlotte FC,LA Galaxy,0,1,,,False,,False,Bank of America Stadium,622045,
2022-03-06,2022,MLS,True,Austin FC,Inter Miami CF,5,1,,,False,,False,Q2 Stadium,623192,
2022-03-06,2022,MLS,True,LAFC,Portland Timbers,1,1,,,False,,False,BMO Stadium,623193,
2022-03-12,2022,MLS,True,New York City FC,CF Montréal,4,1,,,False,,False,Yankee Stadium,622044,
2022-03-12,2022,MLS,True,Columbus Crew,Toronto FC,2,1,,,False,,False,ScottsMiracle-Gro Field,623195,
2022-03-12,2022,MLS,True,Inter Miami CF,LAFC,0,2,,,False,,False,Chase Stadium,623194,
2022-03-12,2022,MLS,True,Seattle Sounders FC,LA Galaxy,3,2,,,False,,False,Lumen Field,623196,
2022-03-12,2022,MLS,True,Houston Dynamo FC,Vancouver Whitecaps,2,1,,,False,,False,Shell Energy Stadium,623197,
2022-03-12,2022,MLS,True,D.C. United,Chicago Fire FC,0,2,,,False,,False,Audi Field,623201,
2022-03-12,2022,MLS,True,New England Revolution,Real Salt Lake,2,3,,,False,,False,Gillette Stadium,623198,
2022-03-12,2022,MLS,True,Orlando City SC,FC Cincinnati,1,2,,,False,,False,Inter&Co Stadium,623200,
2022-03-12,2022,MLS,True,Philadelphia Union,San Jose Earthquakes,2,0,,,False,,False,Subaru Park,623199,
2022-03-12,2022,MLS,True,FC Dallas,Nashville SC,2,0,,,False,,False,Toyota Stadium,623202,
2022-03-12,2022,MLS,True,Colorado Rapids,Sporting Kansas City,2,0,,,False,,False,Dick's Sporting Goods Park,623203,
2022-03-12,2022,MLS,True,Portland Timbers,Austin FC,1,0,,,False,,False,Providence Park,623204,
2022-03-13,2022,MLS,True,Atlanta United FC,Charlotte FC,2,1,,,False,,False,Mercedes-Benz Stadium,623205,
2022-03-13,2022,MLS,True,Red Bull New York,Minnesota United FC,0,1,,,False,,False,Sports Illustrated Stadium,622043,
2022-03-19,2022,MLS,True,FC Cincinnati,Inter Miami CF,3,1,,,False,,False,TQL Stadium,623207,
2022-03-19,2022,MLS,True,New York City FC,Philadelphia Union,0,2,,,False,,False,Yankee Stadium,623206,
2022-03-19,2022,MLS,True,Toronto FC,D.C. United,2,1,,,False,,False,BMO Field,623209,
2022-03-19,2022,MLS,True,LA Galaxy,Orlando City SC,0,1,,,False,,False,Dignity Health Sports Park,623210,
2022-03-19,2022,MLS,True,Atlanta United FC,CF Montréal,3,3,,,False,,False,Mercedes-Benz Stadium,623211,
2022-03-19,2022,MLS,True,Chicago Fire FC,Sporting Kansas City,3,1,,,False,,False,Soldier Field,623212,
2022-03-19,2022,MLS,True,Charlotte FC,New England Revolution,3,1,,,False,,False,Bank of America Stadium,623213,
2022-03-19,2022,MLS,True,Minnesota United FC,San Jose Earthquakes,1,0,,,False,,False,Allianz Field,623214,
2022-03-19,2022,MLS,True,FC Dallas,Portland Timbers,4,1,,,False,,False,Toyota Stadium,623218,
2022-03-19,2022,MLS,True,Houston Dynamo FC,Colorado Rapids,1,1,,,False,,False,Shell Energy Stadium,623215,
2022-03-19,2022,MLS,True,Real Salt Lake,Nashville SC,2,1,,,False,,False,America First Field,623216,
2022-03-20,2022,MLS,True,Red Bull New York,Columbus Crew,1,1,,,False,,False,Sports Illustrated Stadium,623208,
2022-03-20,2022,MLS,True,Austin FC,Seattle Sounders FC,1,1,,,False,,False,Q2 Stadium,623217,
2022-03-20,2022,MLS,True,LAFC,Vancouver Whitecaps,3,1,,,False,,False,BMO Stadium,623219,
2022-03-26,2022,MLS,True,Charlotte FC,FC Cincinnati,2,0,,,False,,False,Bank of America Stadium,623220,
2022-03-26,2022,MLS,True,Sporting Kansas City,Real Salt Lake,1,0,,,False,,False,Children's Mercy Park,623221,
2022-03-27,2022,MLS,True,Portland Timbers,Orlando City SC,1,1,,,False,,False,Providence Park,623222,
2022-04-02,2022,MLS,True,Chicago Fire FC,FC Dallas,0,0,,,False,,False,Soldier Field,623224,
2022-04-02,2022,MLS,True,FC Cincinnati,CF Montréal,3,4,,,False,,False,TQL Stadium,623226,
2022-04-02,2022,MLS,True,Toronto FC,New York City FC,2,1,,,False,,False,BMO Field,623225,
2022-04-02,2022,MLS,True,Columbus Crew,Nashville SC,0,1,,,False,,False,ScottsMiracle-Gro Field,623227,
2022-04-02,2022,MLS,True,D.C. United,Atlanta United FC,0,1,,,False,,False,Audi Field,623230,
2022-04-02,2022,MLS,True,New England Revolution,Red Bull New York,0,1,,,False,,False,Gillette Stadium,623228,
2022-04-02,2022,MLS,True,Orlando City SC,LAFC,2,4,,,False,,False,Inter&Co Stadium,623231,
2022-04-02,2022,MLS,True,Philadelphia Union,Charlotte FC,2,0,,,False,,False,Subaru Park,623232,
2022-04-02,2022,MLS,True,San Jose Earthquakes,Austin FC,2,2,,,False,,False,PayPal Park,623229,
2022-04-02,2022,MLS,True,Minnesota United FC,Seattle Sounders FC,1,2,,,False,,False,Allianz Field,623233,
2022-04-02,2022,MLS,True,Vancouver Whitecaps,Sporting Kansas City,1,0,,,False,,False,BC Place,623235,
2022-04-02,2022,MLS,True,Colorado Rapids,Real Salt Lake,1,1,,,False,,False,Dick's Sporting Goods Park,623236,
2022-04-02,2022,MLS,True,Inter Miami CF,Houston Dynamo FC,1,3,,,False,,False,Chase Stadium,623234,
2022-04-03,2022,MLS,True,Portland Timbers,LA Galaxy,1,3,,,False,,False,Providence Park,623223,
2022-04-09,2022,MLS,True,Orlando City SC,Chicago Fire FC,1,0,,,False,,False,Inter&Co Stadium,623237,
2022-04-09,2022,MLS,True,Inter Miami CF,New England Revolution,3,2,,,False,,False,Chase Stadium,623240,
2022-04-09,2022,MLS,True,Red Bull New York,CF Montréal,1,2,,,False,,False,Sports Illustrated Stadium,623239,
2022-04-09,2022,MLS,True,Philadelphia Union,Columbus Crew,1,0,,,False,,False,Subaru Park,623243,
2022-04-09,2022,MLS,True,LA Galaxy,LAFC,2,1,,,False,,False,Dignity Health Sports Park,623242,
2022-04-09,2022,MLS,True,Real Salt Lake,Toronto FC,2,2,,,False,,False,America First Field,623244,
2022-04-09,2022,MLS,True,FC Dallas,Colorado Rapids,3,1,,,False,,False,Toyota Stadium,623245,
2022-04-09,2022,MLS,True,Houston Dynamo FC,San Jose Earthquakes,4,3,,,False,,False,Shell Energy Stadium,623246,
2022-04-09,2022,MLS,True,Sporting Kansas City,Nashville SC,1,2,,,False,,False,Children's Mercy Park,623247,
2022-04-09,2022,MLS,True,Vancouver Whitecaps,Portland Timbers,2,3,,,False,,False,BC Place,623248,
2022-04-10,2022,MLS,True,Charlotte FC,Atlanta United FC,1,0,,,False,,False,Bank of America Stadium,623238,
2022-04-10,2022,MLS,True,Austin FC,Minnesota United FC,1,0,,,False,,False,Q2 Stadium,623250,
2022-04-16,2022,MLS,True,CF Montréal,Vancouver Whitecaps,2,1,,,False,,False,Stade Saputo,623251,
2022-04-16,2022,MLS,True,San Jose Earthquakes,Nashville SC,2,2,,,False,,False,PayPal Park,623252,
2022-04-16,2022,MLS,True,Atlanta United FC,FC Cincinnati,0,0,,,False,,False,Mercedes-Benz Stadium,623253,
2022-04-16,2022,MLS,True,Houston Dynamo FC,Portland Timbers,0,0,,,False,,False,Shell Energy Stadium,623254,
2022-04-16,2022,MLS,True,Red Bull New York,FC Dallas,0,0,,,False,,False,Sports Illustrated Stadium,623255,
2022-04-16,2022,MLS,True,Columbus Crew,Orlando City SC,0,2,,,False,,False,ScottsMiracle-Gro Field,623256,
2022-04-16,2022,MLS,True,New England Revolution,Charlotte FC,2,1,,,False,,False,Gillette Stadium,623258,
2022-04-16,2022,MLS,True,Toronto FC,Philadelphia Union,2,1,,,False,,False,BMO Field,623259,
2022-04-16,2022,MLS,True,Chicago Fire FC,LA Galaxy,0,0,,,False,,False,Soldier Field,623260,
2022-04-16,2022,MLS,True,D.C. United,Austin FC,2,3,,,False,,False,Audi Field,623257,
2022-04-16,2022,MLS,True,Minnesota United FC,Colorado Rapids,3,1,,,False,,False,Allianz Field,623261,
2022-04-16,2022,MLS,True,Seattle Sounders FC,Inter Miami CF,0,1,,,False,,False,Lumen Field,623262,
2022-04-17,2022,MLS,True,New York City FC,Real Salt Lake,6,0,,,False,,False,Yankee Stadium,623263,
2022-04-17,2022,MLS,True,LAFC,Sporting Kansas City,3,1,,,False,,False,BMO Stadium,623264,
2022-04-23,2022,MLS,True,FC Dallas,Houston Dynamo FC,2,1,,,False,,False,Toyota Stadium,623265,
2022-04-23,2022,MLS,True,Philadelphia Union,CF Montréal,1,1,,,False,,False,Subaru Park,623266,
2022-04-23,2022,MLS,True,Minnesota United FC,Chicago Fire FC,3,0,,,False,,False,Allianz Field,623267,
2022-04-23,2022,MLS,True,D.C. United,New England Revolution,3,2,,,False,,False,Audi Field,623268,
2022-04-23,2022,MLS,True,Austin FC,Vancouver Whitecaps,3,0,,,False,,False,Q2 Stadium,623269,
2022-04-23,2022,MLS,True,Sporting Kansas City,Columbus Crew,0,0,,,False,,False,Children's Mercy Park,623270,
2022-04-23,2022,MLS,True,Colorado Rapids,Charlotte FC,0,0,,,False,,False,Dick's Sporting Goods Park,623271,
2022-04-23,2022,MLS,True,Portland Timbers,Real Salt Lake,0,0,,,False,,False,Providence Park,623272,
2022-04-23,2022,MLS,True,San Jose Earthquakes,Seattle Sounders FC,4,3,,,False,,False,PayPal Park,623274,
2022-04-23,2022,MLS,True,LA Galaxy,Nashville SC,1,0,,,False,,False,Dignity Health Sports Park,623273,
2022-04-24,2022,MLS,True,Inter Miami CF,Atlanta United FC,2,1,,,False,,False,Chase Stadium,623275,
2022-04-24,2022,MLS,True,Orlando City SC,Red Bull New York,0,3,,,False,,False,Inter&Co Stadium,623276,
2022-04-24,2022,MLS,True,FC Cincinnati,LAFC,1,2,,,False,,False,TQL Stadium,623277,
2022-04-24,2022,MLS,True,New York City FC,Toronto FC,5,4,,,False,,False,Citi Field,623278,
2022-04-30,2022,MLS,True,Houston Dynamo FC,Austin FC,1,2,,,False,,False,Shell Energy Stadium,623279,
2022-04-30,2022,MLS,True,Toronto FC,FC Cincinnati,1,2,,,False,,False,BMO Field,623280,
2022-04-30,2022,MLS,True,Real Salt Lake,LA Galaxy,1,0,,,False,,False,America First Field,623281,
2022-04-30,2022,MLS,True,CF Montréal,Atlanta United FC,2,1,,,False,,False,Stade Saputo,623282,
2022-04-30,2022,MLS,True,Columbus Crew,D.C. United,3,0,,,False,,False,ScottsMiracle-Gro Field,623283,
2022-04-30,2022,MLS,True,New England Revolution,Inter Miami CF,2,0,,,False,,False,Gillette Stadium,623285,
2022-04-30,2022,MLS,True,Orlando City SC,Charlotte FC,2,1,,,False,,False,Inter&Co Stadium,623284,
2022-04-30,2022,MLS,True,Chicago Fire FC,Red Bull New York,1,2,,,False,,False,Soldier Field,623286,
2022-04-30,2022,MLS,True,Sporting Kansas City,FC Dallas,2,2,,,False,,False,Children's Mercy Park,623287,
2022-04-30,2022,MLS,True,Colorado Rapids,Portland Timbers,2,0,,,False,,False,Dick's Sporting Goods Park,623288,
2022-05-01,2022,MLS,True,New York City FC,San Jose Earthquakes,3,0,,,False,,False,Yankee Stadium,623290,
2022-05-01,2022,MLS,True,Nashville SC,Philadelphia Union,1,1,,,False,,False,GEODIS Park,622042,
2022-05-01,2022,MLS,True,LAFC,Minnesota United FC,2,0,,,False,,False,BMO Stadium,623291,
2022-05-04,2022,MLS,True,FC Cincinnati,Toronto FC,2,0,,,False,,False,TQL Stadium,623321,
2022-05-07,2022,MLS,True,Charlotte FC,Inter Miami CF,1,0,,,False,,False,Bank of America Stadium,623293,
2022-05-07,2022,MLS,True,CF Montréal,Orlando City SC,4,1,,,False,,False,Stade Saputo,623294,
2022-05-07,2022,MLS,True,Atlanta United FC,Chicago Fire FC,4,1,,,False,,False,Mercedes-Benz Stadium,623295,
2022-05-07,2022,MLS,True,New York City FC,Sporting Kansas City,0,0,,,False,,False,Citi Field,623297,
2022-05-07,2022,MLS,True,Red Bull New York,Portland Timbers,1,1,,,False,,False,Sports Illustrated Stadium,623296,
2022-05-07,2022,MLS,True,D.C. United,Houston Dynamo FC,2,0,,,False,,False,Audi Field,623299,
2022-05-07,2022,MLS,True,New England Revolution,Columbus Crew,2,2,,,False,,False,Gillette Stadium,623298,
2022-05-07,2022,MLS,True,Minnesota United FC,FC Cincinnati,0,1,,,False,,False,Allianz Field,623300,
2022-05-07,2022,MLS,True,FC Dallas,Seattle Sounders FC,2,0,,,False,,False,Toyota Stadium,623301,
2022-05-07,2022,MLS,True,San Jose Earthquakes,Colorado Rapids,1,0,,,False,,False,PayPal Park,623292,
2022-05-07,2022,MLS,True,LAFC,Philadelphia Union,2,2,,,False,,False,BMO Stadium,623302,
2022-05-08,2022,MLS,True,Vancouver Whitecaps,Toronto FC,1,0,,,False,,False,BC Place,623303,
2022-05-08,2022,MLS,True,Nashville SC,Real Salt Lake,2,0,,,False,,False,GEODIS Park,623304,
2022-05-08,2022,MLS,True,Austin FC,LA Galaxy,0,1,,,False,,False,Q2 Stadium,623305,
2022-05-14,2022,MLS,True,Toronto FC,Orlando City SC,0,1,,,False,,False,BMO Field,623306,
2022-05-14,2022,MLS,True,Colorado Rapids,LAFC,2,0,,,False,,False,Dick's Sporting Goods Park,623307,
2022-05-14,2022,MLS,True,Charlotte FC,CF Montréal,0,2,,,False,,False,Bank of America Stadium,623310,
2022-05-14,2022,MLS,True,New York City FC,Columbus Crew,2,0,,,False,,False,Yankee Stadium,623309,
2022-05-14,2022,MLS,True,Vancouver Whitecaps,San Jose Earthquakes,3,3,,,False,,False,BC Place,623308,
2022-05-14,2022,MLS,True,Philadelphia Union,Red Bull New York,1,1,,,False,,False,Subaru Park,623311,
2022-05-14,2022,MLS,True,Chicago Fire FC,FC Cincinnati,1,2,,,False,,False,Soldier Field,623313,
2022-05-14,2022,MLS,True,Inter Miami CF,D.C. United,2,2,,,False,,False,Chase Stadium,623312,
2022-05-14,2022,MLS,True,Houston Dynamo FC,Nashville SC,2,0,,,False,,False,Shell Energy Stadium,623314,
2022-05-14,2022,MLS,True,Real Salt Lake,Austin FC,2,1,,,False,,False,America First Field,623315,
2022-05-14,2022,MLS,True,Portland Timbers,Sporting Kansas City,7,2,,,False,,False,Providence Park,623316,
2022-05-14,2022,MLS,True,LA Galaxy,FC Dallas,1,3,,,False,,False,Dignity Health Sports Park,623317,
2022-05-15,2022,MLS,True,Atlanta United FC,New England Revolution,2,2,,,False,,False,Mercedes-Benz Stadium,623318,
2022-05-15,2022,MLS,True,Seattle Sounders FC,Minnesota United FC,3,1,,,False,,False,Lumen Field,623319,
2022-05-18,2022,MLS,True,D.C. United,New York City FC,0,2,,,False,,False,Audi Field,623320,
2022-05-18,2022,MLS,True,Philadelphia Union,Inter Miami CF,0,0,,,False,,False,Subaru Park,623322,
2022-05-18,2022,MLS,True,Red Bull New York,Chicago Fire FC,3,3,,,False,,False,Sports Illustrated Stadium,623323,
2022-05-18,2022,MLS,True,Minnesota United FC,LA Galaxy,1,1,,,False,,False,Allianz Field,623324,
2022-05-18,2022,MLS,True,Houston Dynamo FC,Seattle Sounders FC,0,1,,,False,,False,Shell Energy Stadium,623326,
2022-05-18,2022,MLS,True,Nashville SC,CF Montréal,2,1,,,False,,False,GEODIS Park,623325,
2022-05-18,2022,MLS,True,Sporting Kansas City,Colorado Rapids,2,1,,,False,,False,Children's Mercy Park,623327,
2022-05-18,2022,MLS,True,Vancouver Whitecaps,FC Dallas,2,1,,,False,,False,BC Place,623328,
2022-05-18,2022,MLS,True,LAFC,Austin FC,1,2,,,False,,False,BMO Stadium,623329,
2022-05-18,2022,MLS,True,San Jose Earthquakes,Portland Timbers,3,2,,,False,,False,PayPal Park,623330,
2022-05-21,2022,MLS,True,Columbus Crew,LAFC,0,2,,,False,,False,ScottsMiracle-Gro Field,623331,
2022-05-21,2022,MLS,True,D.C. United,Toronto FC,2,2,,,False,,False,Audi Field,623333,
2022-05-21,2022,MLS,True,FC Cincinnati,New England Revolution,2,3,,,False,,False,TQL Stadium,623334,
2022-05-21,2022,MLS,True,Nashville SC,Atlanta United FC,2,2,,,False,,False,GEODIS Park,623336,
2022-05-22,2022,MLS,True,CF Montréal,Real Salt Lake,1,2,,,False,,False,Stade Saputo,623332,
2022-05-22,2022,MLS,True,Charlotte FC,Vancouver Whitecaps,2,1,,,False,,False,Bank of America Stadium,623338,
2022-05-22,2022,MLS,True,New York City FC,Chicago Fire FC,1,0,,,False,,False,Citi Field,623337,
2022-05-22,2022,MLS,True,Inter Miami CF,Red Bull New York,2,0,,,False,,False,Chase Stadium,623339,
2022-05-22,2022,MLS,True,FC Dallas,Minnesota United FC,1,2,,,False,,False,Toyota Stadium,623340,
2022-05-22,2022,MLS,True,San Jose Earthquakes,Sporting Kansas City,1,1,,,False,,False,PayPal Park,623335,
2022-05-22,2022,MLS,True,Austin FC,Orlando City SC,2,2,,,False,,False,Q2 Stadium,623342,
2022-05-22,2022,MLS,True,Colorado Rapids,Seattle Sounders FC,1,0,,,False,,False,Dick's Sporting Goods Park,623343,
2022-05-22,2022,MLS,True,LA Galaxy,Houston Dynamo FC,0,3,,,False,,False,Dignity Health Sports Park,623341,
2022-05-22,2022,MLS,True,Portland Timbers,Philadelphia Union,0,2,,,False,,False,Providence Park,623344,
2022-05-28,2022,MLS,True,LAFC,San Jose Earthquakes,3,2,,,False,,False,BMO Stadium,623345,
2022-05-28,2022,MLS,True,Atlanta United FC,Columbus Crew,1,2,,,False,,False,Mercedes-Benz Stadium,623347,
2022-05-28,2022,MLS,True,Red Bull New York,D.C. United,4,1,,,False,,False,Sports Illustrated Stadium,623346,
2022-05-28,2022,MLS,True,Toronto FC,Chicago Fire FC,3,2,,,False,,False,BMO Field,623348,
2022-05-28,2022,MLS,True,CF Montréal,FC Cincinnati,4,3,,,False,,False,Stade Saputo,623349,
2022-05-28,2022,MLS,True,New England Revolution,Philadelphia Union,1,1,,,False,,False,Gillette Stadium,623350,
2022-05-28,2022,MLS,True,Orlando City SC,FC Dallas,1,3,,,False,,False,Inter&Co Stadium,623351,
2022-05-28,2022,MLS,True,Inter Miami CF,Portland Timbers,2,1,,,False,,False,Chase Stadium,623352,
2022-05-28,2022,MLS,True,Minnesota United FC,New York City FC,0,1,,,False,,False,Allianz Field,623353,
2022-05-28,2022,MLS,True,Colorado Rapids,Nashville SC,1,3,,,False,,False,Dick's Sporting Goods Park,623354,
2022-05-28,2022,MLS,True,Sporting Kansas City,Vancouver Whitecaps,0,1,,,False,,False,Children's Mercy Park,623357,
2022-05-28,2022,MLS,True,Real Salt Lake,Houston Dynamo FC,3,0,,,False,,False,America First Field,623355,
2022-05-29,2022,MLS,True,LA Galaxy,Austin FC,4,1,,,False,,False,Dignity Health Sports Park,623356,
2022-05-29,2022,MLS,True,Seattle Sounders FC,Charlotte FC,2,1,,,False,,False,Lumen Field,623358,
2022-06-04,2022,MLS,True,Vancouver Whitecaps,Real Salt Lake,2,1,,,False,,False,BC Place,623359,
2022-06-11,2022,MLS,True,Charlotte FC,Red Bull New York,2,0,,,False,,False,Bank of America Stadium,623360,
2022-06-11,2022,MLS,True,Nashville SC,San Jose Earthquakes,0,0,,,False,,False,GEODIS Park,623361,
2022-06-12,2022,MLS,True,Sporting Kansas City,New England Revolution,1,2,,,False,,False,Children's Mercy Park,623362,
2022-06-14,2022,MLS,True,Seattle Sounders FC,Vancouver Whitecaps,4,0,,,False,,False,Lumen Field,623289,
2022-06-15,2022,MLS,True,New England Revolution,Orlando City SC,1,1,,,False,,False,Gillette Stadium,623393,
2022-06-18,2022,MLS,True,Seattle Sounders FC,LAFC,1,1,,,False,,False,Lumen Field,623363,
2022-06-18,2022,MLS,True,LA Galaxy,Portland Timbers,1,1,,,False,,False,Dignity Health Sports Park,623364,
2022-06-18,2022,MLS,True,Red Bull New York,Toronto FC,2,0,,,False,,False,Sports Illustrated Stadium,623365,
2022-06-18,2022,MLS,True,CF Montréal,Austin FC,0,1,,,False,,False,Stade Saputo,623366,
2022-06-18,2022,MLS,True,Columbus Crew,Charlotte FC,1,1,,,False,,False,ScottsMiracle-Gro Field,623370,
2022-06-18,2022,MLS,True,Orlando City SC,Houston Dynamo FC,2,1,,,False,,False,Inter&Co Stadium,623368,
2022-06-18,2022,MLS,True,Philadelphia Union,FC Cincinnati,1,1,,,False,,False,Subaru Park,623367,
2022-06-18,2022,MLS,True,Chicago Fire FC,D.C. United,1,0,,,False,,False,Soldier Field,623371,
2022-06-18,2022,MLS,True,FC Dallas,Vancouver Whitecaps,0,2,,,False,,False,Toyota Stadium,623372,
2022-06-18,2022,MLS,True,Real Salt Lake,San Jose Earthquakes,2,0,,,False,,False,America First Field,623373,
2022-06-19,2022,MLS,True,Atlanta United FC,Inter Miami CF,2,0,,,False,,False,Mercedes-Benz Stadium,623374,
2022-06-19,2022,MLS,True,New England Revolution,Minnesota United FC,2,1,,,False,,False,Gillette Stadium,623369,
2022-06-19,2022,MLS,True,New York City FC,Colorado Rapids,1,1,,,False,,False,Yankee Stadium,623375,
2022-06-19,2022,MLS,True,Nashville SC,Sporting Kansas City,1,2,,,False,,False,GEODIS Park,623376,
2022-06-24,2022,MLS,True,FC Cincinnati,Orlando City SC,1,0,,,False,,False,TQL Stadium,623381,
2022-06-25,2022,MLS,True,Seattle Sounders FC,Sporting Kansas City,3,0,,,False,,False,Lumen Field,623377,
2022-06-25,2022,MLS,True,D.C. United,Nashville SC,1,3,,,False,,False,Audi Field,623378,
2022-06-25,2022,MLS,True,CF Montréal,Charlotte FC,2,1,,,False,,False,Stade Saputo,623379,
2022-06-25,2022,MLS,True,Toronto FC,Atlanta United FC,2,1,,,False,,False,BMO Field,623380,
2022-06-25,2022,MLS,True,Houston Dynamo FC,Chicago Fire FC,2,0,,,False,,False,Shell Energy Stadium,623382,
2022-06-25,2022,MLS,True,Inter Miami CF,Minnesota United FC,2,1,,,False,,False,Chase Stadium,623383,
2022-06-25,2022,MLS,True,Austin FC,FC Dallas,2,2,,,False,,False,Q2 Stadium,623384,
2022-06-25,2022,MLS,True,Real Salt Lake,Columbus Crew,0,0,,,False,,False,America First Field,623386,
2022-06-25,2022,MLS,True,Portland Timbers,Colorado Rapids,3,0,,,False,,False,Providence Park,623387,
2022-06-26,2022,MLS,True,LAFC,Red Bull New York,2,0,,,False,,False,BMO Stadium,623388,
2022-06-26,2022,MLS,True,Philadelphia Union,New York City FC,2,1,,,False,,False,Subaru Park,623389,
2022-06-26,2022,MLS,True,Vancouver Whitecaps,New England Revolution,0,0,,,False,,False,BC Place,623390,
2022-06-29,2022,MLS,True,FC Cincinnati,New York City FC,4,4,,,False,,False,TQL Stadium,623392,
2022-06-29,2022,MLS,True,Toronto FC,Columbus Crew,1,2,,,False,,False,BMO Field,623394,
2022-06-29,2022,MLS,True,Chicago Fire FC,Philadelphia Union,1,0,,,False,,False,Soldier Field,623395,
2022-06-29,2022,MLS,True,Seattle Sounders FC,CF Montréal,1,2,,,False,,False,Lumen Field,623397,
2022-06-29,2022,MLS,True,LA Galaxy,Minnesota United FC,2,3,,,False,,False,Dignity Health Sports Park,623484,
2022-06-29,2022,MLS,True,LAFC,FC Dallas,3,1,,,False,,False,BMO Stadium,623399,
2022-06-29,2022,MLS,True,Portland Timbers,Houston Dynamo FC,2,1,,,False,,False,Providence Park,623398,
2022-06-30,2022,MLS,True,Charlotte FC,Austin FC,0,1,,,False,,False,Bank of America Stadium,623391,
2022-06-30,2022,MLS,True,Red Bull New York,Atlanta United FC,2,1,,,False,,False,Sports Illustrated Stadium,623396,
2022-07-02,2022,MLS,True,Toronto FC,Seattle Sounders FC,0,2,,,False,,False,BMO Field,623400,
2022-07-02,2022,MLS,True,Vancouver Whitecaps,LAFC,1,0,,,False,,False,BC Place,623403,
2022-07-03,2022,MLS,True,New York City FC,Atlanta United FC,2,2,,,False,,False,Yankee Stadium,623404,
2022-07-03,2022,MLS,True,Columbus Crew,Philadelphia Union,0,0,,,False,,False,ScottsMiracle-Gro Field,623406,
2022-07-03,2022,MLS,True,New England Revolution,FC Cincinnati,2,2,,,False,,False,Gillette Stadium,623405,
2022-07-03,2022,MLS,True,Minnesota United FC,Real Salt Lake,3,2,,,False,,False,Allianz Field,623401,
2022-07-03,2022,MLS,True,Sporting Kansas City,Red Bull New York,0,1,,,False,,False,Children's Mercy Park,623407,
2022-07-03,2022,MLS,True,Houston Dynamo FC,Charlotte FC,1,2,,,False,,False,Shell Energy Stadium,623408,
2022-07-03,2022,MLS,True,Nashville SC,Portland Timbers,2,2,,,False,,False,GEODIS Park,623409,
2022-07-03,2022,MLS,True,San Jose Earthquakes,Chicago Fire FC,2,1,,,False,,False,PayPal Park,623402,
2022-07-04,2022,MLS,True,Orlando City SC,D.C. United,3,5,,,False,,False,Inter&Co Stadium,623410,
2022-07-04,2022,MLS,True,Colorado Rapids,Austin FC,2,3,,,False,,False,Dick's Sporting Goods Park,623411,
2022-07-04,2022,MLS,True,FC Dallas,Inter Miami CF,1,1,,,False,,False,Toyota Stadium,623412,
2022-07-04,2022,MLS,True,LA Galaxy,CF Montréal,4,0,,,False,,False,Dignity Health Sports Park,623413,
2022-07-08,2022,MLS,True,Philadelphia Union,D.C. United,7,0,,,False,,False,Subaru Park,623414,
2022-07-08,2022,MLS,True,LAFC,LA Galaxy,3,2,,,False,,False,BMO Stadium,623415,
2022-07-08,2022,MLS,True,Vancouver Whitecaps,Minnesota United FC,1,3,,,False,,False,BC Place,623416,
2022-07-09,2022,MLS,True,New York City FC,New England Revolution,4,2,,,False,,False,Yankee Stadium,623417,
2022-07-09,2022,MLS,True,Seattle Sounders FC,Portland Timbers,0,3,,,False,,False,Lumen Field,623418,
2022-07-09,2022,MLS,True,Atlanta United FC,Austin FC,0,3,,,False,,False,Mercedes-Benz Stadium,623420,
2022-07-09,2022,MLS,True,Charlotte FC,Nashville SC,4,1,,,False,,False,Bank of America Stadium,623419,
2022-07-09,2022,MLS,True,CF Montréal,Sporting Kansas City,1,2,,,False,,False,Stade Saputo,623424,
2022-07-09,2022,MLS,True,FC Cincinnati,Red Bull New York,1,1,,,False,,False,TQL Stadium,623421,
2022-07-09,2022,MLS,True,Toronto FC,San Jose Earthquakes,2,2,,,False,,False,BMO Field,623423,
2022-07-09,2022,MLS,True,Chicago Fire FC,Columbus Crew,2,3,,,False,,False,Soldier Field,623425,
2022-07-09,2022,MLS,True,Houston Dynamo FC,FC Dallas,2,2,,,False,,False,Shell Energy Stadium,623426,
2022-07-09,2022,MLS,True,Real Salt Lake,Colorado Rapids,2,2,,,False,,False,America First Field,623427,
2022-07-09,2022,MLS,True,Orlando City SC,Inter Miami CF,1,0,,,False,,False,Inter&Co Stadium,623422,
2022-07-12,2022,MLS,True,Austin FC,Houston Dynamo FC,3,1,,,False,,False,Q2 Stadium,623428,
2022-07-13,2022,MLS,True,Atlanta United FC,Real Salt Lake,2,1,,,False,,False,Mercedes-Benz Stadium,623429,
2022-07-13,2022,MLS,True,Chicago Fire FC,Toronto FC,2,0,,,False,,False,Soldier Field,623430,
2022-07-13,2022,MLS,True,D.C. United,Columbus Crew,2,2,,,False,,False,Audi Field,623434,
2022-07-13,2022,MLS,True,FC Cincinnati,Vancouver Whitecaps,2,2,,,False,,False,TQL Stadium,623433,
2022-07-13,2022,MLS,True,Inter Miami CF,Philadelphia Union,1,2,,,False,,False,Chase Stadium,623431,
2022-07-13,2022,MLS,True,Minnesota United FC,Sporting Kansas City,1,1,,,False,,False,Allianz Field,623432,
2022-07-13,2022,MLS,True,Nashville SC,Seattle Sounders FC,1,0,,,False,,False,GEODIS Park,623435,
2022-07-13,2022,MLS,True,Colorado Rapids,Orlando City SC,1,1,,,False,,False,Dick's Sporting Goods Park,623437,
2022-07-13,2022,MLS,True,FC Dallas,New York City FC,0,1,,,False,,False,Toyota Stadium,623436,
2022-07-13,2022,MLS,True,LA Galaxy,San Jose Earthquakes,2,3,,,False,,False,Dignity Health Sports Park,623438,
2022-07-16,2022,MLS,True,CF Montréal,Toronto FC,1,0,,,False,,False,Stade Saputo,623439,
2022-07-16,2022,MLS,True,Philadelphia Union,New England Revolution,2,1,,,False,,False,Subaru Park,623440,
2022-07-16,2022,MLS,True,Chicago Fire FC,Seattle Sounders FC,1,0,,,False,,False,Soldier Field,623441,
2022-07-16,2022,MLS,True,Inter Miami CF,Charlotte FC,3,2,,,False,,False,Chase Stadium,623442,
2022-07-16,2022,MLS,True,Minnesota United FC,D.C. United,2,0,,,False,,False,Allianz Field,623443,
2022-07-16,2022,MLS,True,Colorado Rapids,LA Galaxy,2,0,,,False,,False,Dick's Sporting Goods Park,623445,
2022-07-16,2022,MLS,True,FC Dallas,Austin FC,1,1,,,False,,False,Toyota Stadium,623444,
2022-07-17,2022,MLS,True,Atlanta United FC,Orlando City SC,1,1,,,False,,False,Mercedes-Benz Stadium,623449,
2022-07-17,2022,MLS,True,Red Bull New York,New York City FC,0,1,,,False,,False,Sports Illustrated Stadium,623450,
2022-07-17,2022,MLS,True,Columbus Crew,FC Cincinnati,2,0,,,False,,False,ScottsMiracle-Gro Field,623451,
2022-07-17,2022,MLS,True,Nashville SC,LAFC,1,2,,,False,,False,GEODIS Park,623452,
2022-07-17,2022,MLS,True,Real Salt Lake,Sporting Kansas City,3,0,,,False,,False,America First Field,623446,
2022-07-17,2022,MLS,True,San Jose Earthquakes,Houston Dynamo FC,1,2,,,False,,False,PayPal Park,623447,
2022-07-17,2022,MLS,True,Portland Timbers,Vancouver Whitecaps,1,1,,,False,,False,Providence Park,623448,
2022-07-23,2022,MLS,True,New York City FC,Inter Miami CF,2,0,,,False,,False,Yankee Stadium,623453,
2022-07-23,2022,MLS,True,Columbus Crew,New England Revolution,0,0,,,False,,False,ScottsMiracle-Gro Field,623454,
2022-07-23,2022,MLS,True,FC Cincinnati,Nashville SC,1,1,,,False,,False,TQL Stadium,623455,
2022-07-23,2022,MLS,True,Orlando City SC,Philadelphia Union,0,1,,,False,,False,Inter&Co Stadium,623456,
2022-07-23,2022,MLS,True,Toronto FC,Charlotte FC,4,0,,,False,,False,BMO Field,623457,
2022-07-23,2022,MLS,True,D.C. United,CF Montréal,1,2,,,False,,False,Audi Field,623465,
2022-07-23,2022,MLS,True,Houston Dynamo FC,Minnesota United FC,1,2,,,False,,False,Shell Energy Stadium,623458,
2022-07-23,2022,MLS,True,Sporting Kansas City,LAFC,0,2,,,False,,False,Children's Mercy Park,623459,
2022-07-23,2022,MLS,True,Real Salt Lake,FC Dallas,0,1,,,False,,False,America First Field,623460,
2022-07-23,2022,MLS,True,Seattle Sounders FC,Colorado Rapids,2,1,,,False,,False,Lumen Field,623461,
2022-07-23,2022,MLS,True,Vancouver Whitecaps,Chicago Fire FC,1,3,,,False,,False,BC Place,623462,
2022-07-23,2022,MLS,True,Portland Timbers,San Jose Earthquakes,2,1,,,False,,False,Providence Park,623463,
2022-07-24,2022,MLS,True,Austin FC,Red Bull New York,3,4,,,False,,False,Q2 Stadium,623464,
2022-07-24,2022,MLS,True,LA Galaxy,Atlanta United FC,2,0,,,False,,False,Dignity Health Sports Park,623466,
2022-07-29,2022,MLS,True,LAFC,Seattle Sounders FC,2,1,,,False,,False,BMO Stadium,623467,
2022-07-30,2022,MLS,True,Minnesota United FC,Portland Timbers,4,4,,,False,,False,Allianz Field,623469,
2022-07-30,2022,MLS,True,Chicago Fire FC,Atlanta United FC,0,0,,,False,,False,Soldier Field,623470,
2022-07-30,2022,MLS,True,CF Montréal,New York City FC,0,0,,,False,,False,Stade Saputo,623474,
2022-07-30,2022,MLS,True,Philadelphia Union,Houston Dynamo FC,6,0,,,False,,False,Subaru Park,623473,
2022-07-30,2022,MLS,True,Inter Miami CF,FC Cincinnati,4,4,,,False,,False,Chase Stadium,623475,
2022-07-30,2022,MLS,True,Nashville SC,Vancouver Whitecaps,1,1,,,False,,False,GEODIS Park,623476,
2022-07-30,2022,MLS,True,New England Revolution,Toronto FC,0,0,,,False,,False,Gillette Stadium,623477,
2022-07-30,2022,MLS,True,Sporting Kansas City,Austin FC,0,2,,,False,,False,Children's Mercy Park,623478,
2022-07-30,2022,MLS,True,FC Dallas,LA Galaxy,1,0,,,False,,False,Toyota Stadium,623479,
2022-07-30,2022,MLS,True,San Jose Earthquakes,Real Salt Lake,2,2,,,False,,False,PayPal Park,623468,
2022-07-31,2022,MLS,True,D.C. United,Orlando City SC,2,1,,,False,,False,Audi Field,623480,
2022-08-02,2022,MLS,True,Red Bull New York,Colorado Rapids,4,5,,,False,,False,Sports Illustrated Stadium,623472,
2022-08-02,2022,MLS,True,Seattle Sounders FC,FC Dallas,1,0,,,False,,False,Lumen Field,623483,
2022-08-03,2022,MLS,True,Charlotte FC,D.C. United,3,0,,,False,,False,Bank of America Stadium,623481,
2022-08-03,2022,MLS,True,Columbus Crew,CF Montréal,1,2,,,False,,False,ScottsMiracle-Gro Field,623482,
2022-08-03,2022,MLS,True,Portland Timbers,Nashville SC,1,1,,,False,,False,Providence Park,623485,
2022-08-03,2022,MLS,True,San Jose Earthquakes,Inter Miami CF,0,1,,,False,,False,PayPal Park,623486,
2022-08-05,2022,MLS,True,Vancouver Whitecaps,Houston Dynamo FC,2,1,,,False,,False,BC Place,623487,
2022-08-06,2022,MLS,True,Atlanta United FC,Seattle Sounders FC,2,1,,,False,,False,Mercedes-Benz Stadium,623488,
2022-08-06,2022,MLS,True,Charlotte FC,Chicago Fire FC,2,3,,,False,,False,Bank of America Stadium,623489,
2022-08-06,2022,MLS,True,CF Montréal,Inter Miami CF,2,2,,,False,,False,Stade Saputo,623490,
2022-08-06,2022,MLS,True,Columbus Crew,New York City FC,3,2,,,False,,False,ScottsMiracle-Gro Field,623494,
2022-08-06,2022,MLS,True,D.C. United,Red Bull New York,0,0,,,False,,False,Audi Field,623493,
2022-08-06,2022,MLS,True,FC Cincinnati,Philadelphia Union,3,1,,,False,,False,TQL Stadium,623491,
2022-08-06,2022,MLS,True,Orlando City SC,New England Revolution,0,3,,,False,,False,Inter&Co Stadium,623492,
2022-08-06,2022,MLS,True,Nashville SC,Toronto FC,3,4,,,False,,False,GEODIS Park,623495,
2022-08-06,2022,MLS,True,Sporting Kansas City,LA Galaxy,4,2,,,False,,False,Children's Mercy Park,623496,
2022-08-06,2022,MLS,True,Austin FC,San Jose Earthquakes,3,3,,,False,,False,Q2 Stadium,623497,
2022-08-06,2022,MLS,True,Colorado Rapids,Minnesota United FC,4,3,,,False,,False,Dick's Sporting Goods Park,623498,
2022-08-06,2022,MLS,True,Real Salt Lake,LAFC,1,4,,,False,,False,America First Field,623499,
2022-08-06,2022,MLS,True,Portland Timbers,FC Dallas,1,1,,,False,,False,Providence Park,623500,
2022-08-10,2022,MLS,True,MLS All-Stars,Liga MX All-Stars,2,1,,,False,,False,Allianz Field,623639,
2022-08-13,2022,MLS,True,Red Bull New York,Orlando City SC,0,1,,,False,,False,Sports Illustrated Stadium,623501,
2022-08-13,2022,MLS,True,FC Cincinnati,Atlanta United FC,2,2,,,False,,False,TQL Stadium,623505,
2022-08-13,2022,MLS,True,New England Revolution,D.C. United,1,0,,,False,,False,Gillette Stadium,623502,
2022-08-13,2022,MLS,True,Philadelphia Union,Chicago Fire FC,4,1,,,False,,False,Subaru Park,623504,
2022-08-13,2022,MLS,True,Toronto FC,Portland Timbers,3,1,,,False,,False,BMO Field,623503,
2022-08-13,2022,MLS,True,Inter Miami CF,New York City FC,3,2,,,False,,False,Chase Stadium,623506,
2022-08-13,2022,MLS,True,Austin FC,Sporting Kansas City,4,3,,,False,,False,Q2 Stadium,623509,
2022-08-13,2022,MLS,True,Colorado Rapids,Columbus Crew,1,1,,,False,,False,Dick's Sporting Goods Park,623508,
2022-08-13,2022,MLS,True,FC Dallas,San Jose Earthquakes,4,1,,,False,,False,Toyota Stadium,623510,
2022-08-13,2022,MLS,True,Houston Dynamo FC,CF Montréal,2,3,,,False,,False,Shell Energy Stadium,623507,
2022-08-13,2022,MLS,True,LA Galaxy,Vancouver Whitecaps,5,2,,,False,,False,Dignity Health Sports Park,623511,
2022-08-13,2022,MLS,True,LAFC,Charlotte FC,5,0,,,False,,False,BMO Stadium,623512,
2022-08-14,2022,MLS,True,Nashville SC,Minnesota United FC,1,2,,,False,,False,GEODIS Park,623513,
2022-08-14,2022,MLS,True,Seattle Sounders FC,Real Salt Lake,1,2,,,False,,False,Lumen Field,623514,
2022-08-16,2022,MLS,True,LAFC,D.C. United,1,0,,,False,,False,BMO Stadium,623520,
2022-08-17,2022,MLS,True,Atlanta United FC,Red Bull New York,1,2,,,False,,False,Mercedes-Benz Stadium,623516,
2022-08-17,2022,MLS,True,Toronto FC,New England Revolution,2,2,,,False,,False,BMO Field,623517,
2022-08-17,2022,MLS,True,New York City FC,Charlotte FC,1,3,,,False,,False,Sports Illustrated Stadium,623515,
2022-08-17,2022,MLS,True,FC Dallas,Philadelphia Union,1,0,,,False,,False,Toyota Stadium,623518,
2022-08-17,2022,MLS,True,Vancouver Whitecaps,Colorado Rapids,2,1,,,False,,False,BC Place,623519,
2022-08-19,2022,MLS,True,LA Galaxy,Seattle Sounders FC,3,3,,,False,,False,Dignity Health Sports Park,623521,
2022-08-20,2022,MLS,True,Red Bull New York,FC Cincinnati,1,1,,,False,,False,Sports Illustrated Stadium,623522,
2022-08-20,2022,MLS,True,CF Montréal,New England Revolution,4,0,,,False,,False,Stade Saputo,623531,
2022-08-20,2022,MLS,True,D.C. United,Philadelphia Union,0,6,,,False,,False,Audi Field,623523,
2022-08-20,2022,MLS,True,Inter Miami CF,Toronto FC,2,1,,,False,,False,Chase Stadium,623532,
2022-08-20,2022,MLS,True,Minnesota United FC,Austin FC,2,1,,,False,,False,Allianz Field,623524,
2022-08-20,2022,MLS,True,Colorado Rapids,Houston Dynamo FC,1,1,,,False,,False,Dick's Sporting Goods Park,623525,
2022-08-20,2022,MLS,True,Real Salt Lake,Vancouver Whitecaps,1,1,,,False,,False,America First Field,623526,
2022-08-20,2022,MLS,True,San Jose Earthquakes,LAFC,2,1,,,False,,False,PayPal Park,623527,
2022-08-21,2022,MLS,True,Chicago Fire FC,New York City FC,0,2,,,False,,False,SeatGeek Stadium,623528,
2022-08-21,2022,MLS,True,Columbus Crew,Atlanta United FC,2,2,,,False,,False,ScottsMiracle-Gro Field,623529,
2022-08-21,2022,MLS,True,Charlotte FC,Orlando City SC,1,2,,,False,,False,Bank of America Stadium,623530,
2022-08-21,2022,MLS,True,Sporting Kansas City,Portland Timbers,4,1,,,False,,False,Children's Mercy Park,623533,
2022-08-21,2022,MLS,True,Nashville SC,FC Dallas,4,0,,,False,,False,GEODIS Park,623534,
2022-08-26,2022,MLS,True,Austin FC,LAFC,4,1,,,False,,False,Q2 Stadium,623535,
2022-08-26,2022,MLS,True,Portland Timbers,Seattle Sounders FC,2,1,,,False,,False,Providence Park,623536,
2022-08-27,2022,MLS,True,Minnesota United FC,Houston Dynamo FC,2,1,,,False,,False,Allianz Field,623538,
2022-08-27,2022,MLS,True,Red Bull New York,Inter Miami CF,3,1,,,False,,False,Sports Illustrated Stadium,623537,
2022-08-27,2022,MLS,True,FC Cincinnati,Columbus Crew,2,2,,,False,,False,TQL Stadium,623540,
2022-08-27,2022,MLS,True,Philadelphia Union,Colorado Rapids,6,0,,,False,,False,Subaru Park,623539,
2022-08-27,2022,MLS,True,Chicago Fire FC,CF Montréal,0,2,,,False,,False,Soldier Field,623545,
2022-08-27,2022,MLS,True,Charlotte FC,Toronto FC,0,2,,,False,,False,Bank of America Stadium,623546,
2022-08-27,2022,MLS,True,Sporting Kansas City,San Jose Earthquakes,1,0,,,False,,False,Children's Mercy Park,623541,
2022-08-27,2022,MLS,True,FC Dallas,Real Salt Lake,1,1,,,False,,False,Toyota Stadium,623542,
2022-08-27,2022,MLS,True,Vancouver Whitecaps,Nashville SC,0,3,,,False,,False,BC Place,623543,
2022-08-28,2022,MLS,True,Atlanta United FC,D.C. United,3,2,,,False,,False,Mercedes-Benz Stadium,623544,
2022-08-28,2022,MLS,True,Orlando City SC,New York City FC,2,1,,,False,,False,Inter&Co Stadium,623547,
2022-08-28,2022,MLS,True,New England Revolution,LA Galaxy,1,2,,,False,,False,Gillette Stadium,623548,
2022-08-31,2022,MLS,True,Philadelphia Union,Atlanta United FC,4,1,,,False,,False,Subaru Park,623551,
2022-08-31,2022,MLS,True,CF Montréal,Red Bull New York,0,1,,,False,,False,Stade Saputo,623549,
2022-08-31,2022,MLS,True,Columbus Crew,Inter Miami CF,1,0,,,False,,False,ScottsMiracle-Gro Field,623554,
2022-08-31,2022,MLS,True,New England Revolution,Chicago Fire FC,0,0,,,False,,False,Gillette Stadium,623553,
2022-08-31,2022,MLS,True,Toronto FC,LA Galaxy,2,2,,,False,,False,BMO Field,623550,
2022-08-31,2022,MLS,True,New York City FC,D.C. United,1,2,,,False,,False,Sports Illustrated Stadium,623241,
2022-08-31,2022,MLS,True,Houston Dynamo FC,LAFC,2,1,,,False,,False,Shell Energy Stadium,623555,
2022-08-31,2022,MLS,True,Nashville SC,Colorado Rapids,4,1,,,False,,False,GEODIS Park,623556,
2022-08-31,2022,MLS,True,Austin FC,Portland Timbers,1,2,,,False,,False,Q2 Stadium,623557,
2022-08-31,2022,MLS,True,Orlando City SC,Seattle Sounders FC,3,2,,,False,,False,Inter&Co Stadium,623552,
2022-08-31,2022,MLS,True,Real Salt Lake,Minnesota United FC,3,0,,,False,,False,America First Field,623558,
2022-09-03,2022,MLS,True,Minnesota United FC,FC Dallas,0,3,,,False,,False,Allianz Field,623560,
2022-09-03,2022,MLS,True,Columbus Crew,Chicago Fire FC,0,0,,,False,,False,ScottsMiracle-Gro Field,623562,
2022-09-03,2022,MLS,True,Red Bull New York,Philadelphia Union,0,2,,,False,,False,Sports Illustrated Stadium,623559,
2022-09-03,2022,MLS,True,FC Cincinnati,Charlotte FC,2,0,,,False,,False,TQL Stadium,623564,
2022-09-03,2022,MLS,True,Nashville SC,Austin FC,3,0,,,False,,False,GEODIS Park,623565,
2022-09-04,2022,MLS,True,Portland Timbers,Atlanta United FC,2,1,,,False,,False,Providence Park,623566,
2022-09-04,2022,MLS,True,D.C. United,Colorado Rapids,0,0,,,False,,False,Audi Field,623561,
2022-09-04,2022,MLS,True,Toronto FC,CF Montréal,3,4,,,False,,False,BMO Field,623563,
2022-09-04,2022,MLS,True,LA Galaxy,Sporting Kansas City,2,2,,,False,,False,Dignity Health Sports Park,623568,
2022-09-04,2022,MLS,True,New England Revolution,New York City FC,3,0,,,False,,False,Gillette Stadium,623569,
2022-09-04,2022,MLS,True,Seattle Sounders FC,Houston Dynamo FC,2,1,,,False,,False,Lumen Field,623570,
2022-09-04,2022,MLS,True,San Jose Earthquakes,Vancouver Whitecaps,2,0,,,False,,False,PayPal Park,623571,
2022-09-04,2022,MLS,True,LAFC,Real Salt Lake,2,0,,,False,,False,BMO Stadium,623572,
2022-09-07,2022,MLS,True,New York City FC,FC Cincinnati,1,1,,,False,,False,Citi Field,623573,
2022-09-09,2022,MLS,True,CF Montréal,Columbus Crew,2,2,,,False,,False,Stade Saputo,623574,
2022-09-10,2022,MLS,True,Charlotte FC,New York City FC,1,0,,,False,,False,Bank of America Stadium,623577,
2022-09-10,2022,MLS,True,Nashville SC,LA Galaxy,1,1,,,False,,False,GEODIS Park,623576,
2022-09-10,2022,MLS,True,Red Bull New York,New England Revolution,2,1,,,False,,False,Sports Illustrated Stadium,623575,
2022-09-10,2022,MLS,True,Atlanta United FC,Toronto FC,4,2,,,False,,False,Mercedes-Benz Stadium,623578,
2022-09-10,2022,MLS,True,FC Cincinnati,San Jose Earthquakes,6,0,,,False,,False,TQL Stadium,623580,
2022-09-10,2022,MLS,True,Philadelphia Union,Orlando City SC,5,1,,,False,,False,Subaru Park,623579,
2022-09-10,2022,MLS,True,Chicago Fire FC,Inter Miami CF,3,1,,,False,,False,SeatGeek Stadium,623581,
2022-09-10,2022,MLS,True,Seattle Sounders FC,Austin FC,3,0,,,False,,False,Lumen Field,623582,
2022-09-10,2022,MLS,True,FC Dallas,LAFC,2,1,,,False,,False,Toyota Stadium,623584,
2022-09-10,2022,MLS,True,Houston Dynamo FC,Sporting Kansas City,0,0,,,False,,False,Shell Energy Stadium,623583,
2022-09-10,2022,MLS,True,Colorado Rapids,Vancouver Whitecaps,3,1,,,False,,False,Dick's Sporting Goods Park,623585,
2022-09-10,2022,MLS,True,Real Salt Lake,D.C. United,0,0,,,False,,False,America First Field,623586,
2022-09-10,2022,MLS,True,Portland Timbers,Minnesota United FC,1,0,,,False,,False,Providence Park,623587,
2022-09-13,2022,MLS,True,CF Montréal,Chicago Fire FC,3,2,,,False,,False,Stade Saputo,623588,
2022-09-13,2022,MLS,True,Inter Miami CF,Columbus Crew,2,1,,,False,,False,Chase Stadium,623589,
2022-09-13,2022,MLS,True,Minnesota United FC,LAFC,1,1,,,False,,False,Allianz Field,623590,
2022-09-13,2022,MLS,True,Houston Dynamo FC,New England Revolution,3,1,,,False,,False,Shell Energy Stadium,623592,
2022-09-13,2022,MLS,True,Sporting Kansas City,D.C. United,3,0,,,False,,False,Children's Mercy Park,623591,
2022-09-14,2022,MLS,True,Orlando City SC,Atlanta United FC,0,1,,,False,,False,Inter&Co Stadium,623594,
2022-09-14,2022,MLS,True,Austin FC,Real Salt Lake,3,0,,,False,,False,Q2 Stadium,623593,
2022-09-14,2022,MLS,True,Colorado Rapids,San Jose Earthquakes,2,1,,,False,,False,Dick's Sporting Goods Park,623595,
2022-09-14,2022,MLS,True,Vancouver Whitecaps,LA Galaxy,3,0,,,False,,False,BC Place,623596,
2022-09-17,2022,MLS,True,New York City FC,Red Bull New York,2,0,,,False,,False,Yankee Stadium,623597,
2022-09-17,2022,MLS,True,Atlanta United FC,Philadelphia Union,0,0,,,False,,False,Mercedes-Benz Stadium,623599,
2022-09-17,2022,MLS,True,New England Revolution,CF Montréal,0,1,,,False,,False,Gillette Stadium,623601,
2022-09-17,2022,MLS,True,Orlando City SC,Toronto FC,4,0,,,False,,False,Inter&Co Stadium,623600,
2022-09-17,2022,MLS,True,Chicago Fire FC,Charlotte FC,2,3,,,False,,False,Soldier Field,623602,
2022-09-17,2022,MLS,True,Sporting Kansas City,Minnesota United FC,4,1,,,False,,False,Children's Mercy Park,623603,
2022-09-17,2022,MLS,True,Austin FC,Nashville SC,1,1,,,False,,False,Q2 Stadium,623604,
2022-09-17,2022,MLS,True,Real Salt Lake,FC Cincinnati,1,2,,,False,,False,America First Field,623605,
2022-09-17,2022,MLS,True,Vancouver Whitecaps,Seattle Sounders FC,2,1,,,False,,False,BC Place,623606,
2022-09-17,2022,MLS,True,LA Galaxy,Colorado Rapids,4,1,,,False,,False,Dignity Health Sports Park,623607,
2022-09-17,2022,MLS,True,San Jose Earthquakes,FC Dallas,1,1,,,False,,False,PayPal Park,623598,
2022-09-18,2022,MLS,True,Columbus Crew,Portland Timbers,1,1,,,False,,False,ScottsMiracle-Gro Field,623608,
2022-09-18,2022,MLS,True,D.C. United,Inter Miami CF,2,3,,,False,,False,Audi Field,623609,
2022-09-18,2022,MLS,True,LAFC,Houston Dynamo FC,3,1,,,False,,False,BMO Stadium,623610,
2022-09-24,2022,MLS,True,San Jose Earthquakes,LA Galaxy,2,3,,,False,,False,Stanford Stadium,623385,
2022-09-27,2022,MLS,True,Seattle Sounders FC,FC Cincinnati,1,1,,,False,,False,Lumen Field,623249,
2022-09-30,2022,MLS,True,Toronto FC,Inter Miami CF,0,1,,,False,,False,BMO Field,623611,
2022-10-01,2022,MLS,True,New England Revolution,Atlanta United FC,2,1,,,False,,False,Gillette Stadium,623613,
2022-10-01,2022,MLS,True,Colorado Rapids,FC Dallas,1,0,,,False,,False,Dick's Sporting Goods Park,623614,
2022-10-01,2022,MLS,True,Charlotte FC,Philadelphia Union,4,0,,,False,,False,Bank of America Stadium,623616,
2022-10-01,2022,MLS,True,CF Montréal,D.C. United,1,0,,,False,,False,Stade Saputo,623618,
2022-10-01,2022,MLS,True,Columbus Crew,Red Bull New York,2,1,,,False,,False,ScottsMiracle-Gro Field,623619,
2022-10-01,2022,MLS,True,FC Cincinnati,Chicago Fire FC,2,3,,,False,,False,TQL Stadium,623617,
2022-10-01,2022,MLS,True,San Jose Earthquakes,Minnesota United FC,2,0,,,False,,False,PayPal Park,623612,
2022-10-01,2022,MLS,True,Vancouver Whitecaps,Austin FC,2,0,,,False,,False,BC Place,623620,
2022-10-01,2022,MLS,True,LA Galaxy,Real Salt Lake,1,1,,,False,,False,Dignity Health Sports Park,623621,
2022-10-02,2022,MLS,True,New York City FC,Orlando City SC,2,1,,,False,,False,Sports Illustrated Stadium,623615,
2022-10-02,2022,MLS,True,Portland Timbers,LAFC,1,2,,,False,,False,Providence Park,623622,
2022-10-02,2022,MLS,True,Sporting Kansas City,Seattle Sounders FC,1,0,,,False,,False,Children's Mercy Park,623623,
2022-10-02,2022,MLS,True,Nashville SC,Houston Dynamo FC,1,2,,,False,,False,GEODIS Park,623624,
2022-10-05,2022,MLS,True,Charlotte FC,Columbus Crew,2,2,,,False,,False,Bank of America Stadium,623471,
2022-10-05,2022,MLS,True,Inter Miami CF,Orlando City SC,4,1,,,False,,False,Chase Stadium,623567,
2022-10-09,2022,MLS,True,Atlanta United FC,New York City FC,1,2,,,False,,False,Mercedes-Benz Stadium,623625,
2022-10-09,2022,MLS,True,Chicago Fire FC,New England Revolution,1,1,,,False,,False,SeatGeek Stadium,623631,
2022-10-09,2022,MLS,True,D.C. United,FC Cincinnati,2,5,,,False,,False,Audi Field,623630,
2022-10-09,2022,MLS,True,Inter Miami CF,CF Montréal,1,3,,,False,,False,Chase Stadium,623626,
2022-10-09,2022,MLS,True,Orlando City SC,Columbus Crew,2,1,,,False,,False,Inter&Co Stadium,623628,
2022-10-09,2022,MLS,True,Philadelphia Union,Toronto FC,4,0,,,False,,False,,623627,
2022-10-09,2022,MLS,True,Red Bull New York,Charlotte FC,2,0,,,False,,False,Sports Illustrated Stadium,623629,
2022-10-09,2022,MLS,True,Austin FC,Colorado Rapids,1,1,,,False,,False,Q2 Stadium,623638,
2022-10-09,2022,MLS,True,FC Dallas,Sporting Kansas City,2,1,,,False,,False,Toyota Stadium,623635,
2022-10-09,2022,MLS,True,Houston Dynamo FC,LA Galaxy,1,3,,,False,,False,Shell Energy Stadium,623634,
2022-10-09,2022,MLS,True,LAFC,Nashville SC,0,1,,,False,,False,BMO Stadium,623632,
2022-10-09,2022,MLS,True,Minnesota United FC,Vancouver Whitecaps,2,0,,,False,,False,Allianz Field,623637,
2022-10-09,2022,MLS,True,Real Salt Lake,Portland Timbers,3,1,,,False,,False,America First Field,623636,
2022-10-09,2022,MLS,True,Seattle Sounders FC,San Jose Earthquakes,2,2,,,False,,False,Lumen Field,623633,
2022-10-15,2022,MLS,True,Red Bull New York,FC Cincinnati,1,2,,,False,,False,Sports Illustrated Stadium,654604,
2022-10-15,2022,MLS,True,LA Galaxy,Nashville SC,1,0,,,False,,False,Dignity Health Sports Park,654605,
2022-10-16,2022,MLS,True,Austin FC,Real Salt Lake,2,2,3.0,1.0,True,Austin FC,False,Q2 Stadium,654606,
2022-10-16,2022,MLS,True,CF Montréal,Orlando City SC,2,0,,,False,,False,Stade Saputo,654607,
2022-10-17,2022,MLS,True,New York City FC,Inter Miami CF,3,0,,,False,,False,Citi Field,654608,
2022-10-17,2022,MLS,True,FC Dallas,Minnesota United FC,1,1,5.0,4.0,True,FC Dallas,False,Toyota Stadium,654609,
2022-10-20,2022,MLS,True,Philadelphia Union,FC Cincinnati,1,0,,,False,,False,Subaru Park,654692,
2022-10-20,2022,MLS,True,LAFC,LA Galaxy,3,2,,,False,,False,BMO Stadium,654693,
2022-10-23,2022,MLS,True,CF Montréal,New York City FC,1,3,,,False,,False,Stade Saputo,654711,
2022-10-23,2022,MLS,True,Austin FC,FC Dallas,2,1,,,False,,False,Q2 Stadium,654712,
2022-10-30,2022,MLS,True,LAFC,Austin FC,3,0,,,False,,False,BMO Stadium,655661,
2022-10-30,2022,MLS,True,Philadelphia Union,New York City FC,3,1,,,False,,False,Subaru Park,655662,
2022-11-05,2022,MLS,True,LAFC,Philadelphia Union,3,3,3.0,0.0,True,LAFC,False,BMO Stadium,655997,
2023-02-25,2023,MLS,True,Nashville SC,New York City FC,2,0,,,False,,False,GEODIS Park,659576,
2023-02-25,2023,MLS,True,Atlanta United FC,San Jose Earthquakes,2,1,,,False,,False,Mercedes-Benz Stadium,659582,
2023-02-25,2023,MLS,True,Charlotte FC,New England Revolution,0,1,,,False,,False,Bank of America Stadium,659581,
2023-02-25,2023,MLS,True,D.C. United,Toronto FC,3,2,,,False,,False,Audi Field,659580,
2023-02-25,2023,MLS,True,FC Cincinnati,Houston Dynamo FC,2,1,,,False,,False,TQL Stadium,659577,
2023-02-25,2023,MLS,True,Inter Miami CF,CF Montréal,2,0,,,False,,False,Chase Stadium,659578,
2023-02-25,2023,MLS,True,Orlando City SC,Red Bull New York,1,0,,,False,,False,Inter&Co Stadium,659583,
2023-02-25,2023,MLS,True,Philadelphia Union,Columbus Crew,4,1,,,False,,False,Subaru Park,659579,
2023-02-25,2023,MLS,True,Austin FC,St. Louis CITY SC,2,3,,,False,,False,Q2 Stadium,659585,
2023-02-25,2023,MLS,True,FC Dallas,Minnesota United FC,0,1,,,False,,False,Toyota Stadium,659584,
2023-02-25,2023,MLS,True,Vancouver Whitecaps,Real Salt Lake,1,2,,,False,,False,BC Place,659587,
2023-02-26,2023,MLS,True,Seattle Sounders FC,Colorado Rapids,4,0,,,False,,False,Lumen Field,659589,
2023-02-27,2023,MLS,True,Portland Timbers,Sporting Kansas City,1,0,,,False,,False,Providence Park,659588,
2023-03-04,2023,MLS,True,LAFC,Portland Timbers,3,2,,,False,,False,BMO Stadium,659590,
2023-03-04,2023,MLS,True,Atlanta United FC,Toronto FC,1,1,,,False,,False,Mercedes-Benz Stadium,659593,
2023-03-04,2023,MLS,True,Columbus Crew,D.C. United,2,0,,,False,,False,ScottsMiracle-Gro Field,659595,
2023-03-04,2023,MLS,True,Inter Miami CF,Philadelphia Union,2,0,,,False,,False,Chase Stadium,659594,
2023-03-04,2023,MLS,True,New England Revolution,Houston Dynamo FC,3,0,,,False,,False,Gillette Stadium,659596,
2023-03-04,2023,MLS,True,Orlando City SC,FC Cincinnati,0,0,,,False,,False,Inter&Co Stadium,659592,
2023-03-04,2023,MLS,True,Red Bull New York,Nashville SC,0,0,,,False,,False,Sports Illustrated Stadium,659591,
2023-03-04,2023,MLS,True,Austin FC,CF Montréal,1,0,,,False,,False,Q2 Stadium,659600,
2023-03-04,2023,MLS,True,Chicago Fire FC,New York City FC,1,1,,,False,,False,Soldier Field,659599,
2023-03-04,2023,MLS,True,FC Dallas,LA Galaxy,3,1,,,False,,False,Toyota Stadium,659598,
2023-03-04,2023,MLS,True,St. Louis CITY SC,Charlotte FC,3,1,,,False,,False,Energizer Park,659597,
2023-03-04,2023,MLS,True,Colorado Rapids,Sporting Kansas City,0,0,,,False,,False,Dick's Sporting Goods Park,659601,
2023-03-04,2023,MLS,True,San Jose Earthquakes,Vancouver Whitecaps,2,1,,,False,,False,PayPal Park,659602,
2023-03-04,2023,MLS,True,Seattle Sounders FC,Real Salt Lake,2,0,,,False,,False,Lumen Field,659603,
2023-03-11,2023,MLS,True,Charlotte FC,Atlanta United FC,0,3,,,False,,False,Bank of America Stadium,659604,
2023-03-11,2023,MLS,True,Vancouver Whitecaps,FC Dallas,1,1,,,False,,False,BC Place,659605,
2023-03-11,2023,MLS,True,D.C. United,Orlando City SC,1,1,,,False,,False,Audi Field,659610,
2023-03-11,2023,MLS,True,FC Cincinnati,Seattle Sounders FC,1,0,,,False,,False,TQL Stadium,659609,
2023-03-11,2023,MLS,True,New York City FC,Inter Miami CF,1,0,,,False,,False,Yankee Stadium,659606,
2023-03-11,2023,MLS,True,Philadelphia Union,Chicago Fire FC,1,0,,,False,,False,Subaru Park,659607,
2023-03-11,2023,MLS,True,Toronto FC,Columbus Crew,1,1,,,False,,False,BMO Field,659608,
2023-03-11,2023,MLS,True,Minnesota United FC,Red Bull New York,1,1,,,False,,False,Allianz Field,659613,
2023-03-11,2023,MLS,True,Nashville SC,CF Montréal,2,0,,,False,,False,GEODIS Park,659611,
2023-03-11,2023,MLS,True,Sporting Kansas City,LA Galaxy,0,0,,,False,,False,Children's Mercy Park,659612,
2023-03-11,2023,MLS,True,Real Salt Lake,Austin FC,1,2,,,False,,False,America First Field,659614,
2023-03-11,2023,MLS,True,Portland Timbers,St. Louis CITY SC,1,2,,,False,,False,Providence Park,659615,
2023-03-11,2023,MLS,True,San Jose Earthquakes,Colorado Rapids,1,0,,,False,,False,PayPal Park,659616,
2023-03-12,2023,MLS,True,LAFC,New England Revolution,4,0,,,False,,False,BMO Stadium,659617,
2023-03-18,2023,MLS,True,Seattle Sounders FC,LAFC,0,0,,,False,,False,Lumen Field,659618,
2023-03-18,2023,MLS,True,Atlanta United FC,Portland Timbers,5,1,,,False,,False,Mercedes-Benz Stadium,659623,
2023-03-18,2023,MLS,True,CF Montréal,Philadelphia Union,3,2,,,False,,False,Stade Olympique (Montreal),659620,
2023-03-18,2023,MLS,True,New England Revolution,Nashville SC,1,0,,,False,,False,Gillette Stadium,659621,
2023-03-18,2023,MLS,True,New York City FC,D.C. United,3,2,,,False,,False,Yankee Stadium,659622,
2023-03-18,2023,MLS,True,Orlando City SC,Charlotte FC,1,2,,,False,,False,Inter&Co Stadium,659619,
2023-03-18,2023,MLS,True,Red Bull New York,Columbus Crew,2,1,,,False,,False,Sports Illustrated Stadium,659625,
2023-03-18,2023,MLS,True,Toronto FC,Inter Miami CF,2,0,,,False,,False,BMO Field,659624,
2023-03-18,2023,MLS,True,Chicago Fire FC,FC Cincinnati,3,3,,,False,,False,Soldier Field,659626,
2023-03-18,2023,MLS,True,FC Dallas,Sporting Kansas City,2,1,,,False,,False,Toyota Stadium,659629,
2023-03-18,2023,MLS,True,Houston Dynamo FC,Austin FC,2,0,,,False,,False,Shell Energy Stadium,659627,
2023-03-18,2023,MLS,True,St. Louis CITY SC,San Jose Earthquakes,3,0,,,False,,False,Energizer Park,659628,
2023-03-18,2023,MLS,True,Colorado Rapids,Minnesota United FC,1,2,,,False,,False,Dick's Sporting Goods Park,659630,
2023-03-18,2023,MLS,True,LA Galaxy,Vancouver Whitecaps,1,1,,,False,,False,Dignity Health Sports Park,659631,
2023-03-25,2023,MLS,True,Portland Timbers,LA Galaxy,0,0,,,False,,False,Providence Park,659632,
2023-03-25,2023,MLS,True,Charlotte FC,Red Bull New York,1,1,,,False,,False,Bank of America Stadium,659633,
2023-03-25,2023,MLS,True,Columbus Crew,Atlanta United FC,6,1,,,False,,False,ScottsMiracle-Gro Field,659634,
2023-03-25,2023,MLS,True,D.C. United,New England Revolution,1,2,,,False,,False,Audi Field,659636,
2023-03-25,2023,MLS,True,Inter Miami CF,Chicago Fire FC,2,3,,,False,,False,Chase Stadium,659637,
2023-03-25,2023,MLS,True,Philadelphia Union,Orlando City SC,1,2,,,False,,False,Subaru Park,659635,
2023-03-25,2023,MLS,True,Austin FC,Colorado Rapids,1,1,,,False,,False,Q2 Stadium,659639,
2023-03-25,2023,MLS,True,Houston Dynamo FC,New York City FC,1,0,,,False,,False,Shell Energy Stadium,659638,
2023-03-25,2023,MLS,True,Minnesota United FC,Vancouver Whitecaps,1,1,,,False,,False,Allianz Field,659641,
2023-03-25,2023,MLS,True,Nashville SC,FC Cincinnati,0,1,,,False,,False,GEODIS Park,659640,
2023-03-25,2023,MLS,True,Sporting Kansas City,Seattle Sounders FC,1,4,,,False,,False,Children's Mercy Park,659642,
2023-03-25,2023,MLS,True,Real Salt Lake,St. Louis CITY SC,0,4,,,False,,False,America First Field,659643,
2023-03-25,2023,MLS,True,LAFC,FC Dallas,2,1,,,False,,False,BMO Stadium,659644,
2023-03-25,2023,MLS,True,San Jose Earthquakes,Toronto FC,0,0,,,False,,False,PayPal Park,659645,
2023-04-01,2023,MLS,True,Atlanta United FC,Red Bull New York,1,0,,,False,,False,Mercedes-Benz Stadium,659647,
2023-04-01,2023,MLS,True,Columbus Crew,Real Salt Lake,4,0,,,False,,False,ScottsMiracle-Gro Field,659649,
2023-04-01,2023,MLS,True,FC Cincinnati,Inter Miami CF,1,0,,,False,,False,TQL Stadium,659650,
2023-04-01,2023,MLS,True,LA Galaxy,Seattle Sounders FC,1,2,,,False,,False,Dignity Health Sports Park,659646,
2023-04-01,2023,MLS,True,New England Revolution,New York City FC,1,1,,,False,,False,Gillette Stadium,659651,
2023-04-01,2023,MLS,True,Orlando City SC,Nashville SC,0,2,,,False,,False,Inter&Co Stadium,659659,
2023-04-01,2023,MLS,True,Philadelphia Union,Sporting Kansas City,0,0,,,False,,False,Subaru Park,659658,
2023-04-01,2023,MLS,True,Toronto FC,Charlotte FC,2,2,,,False,,False,BMO Field,659648,
2023-04-01,2023,MLS,True,Chicago Fire FC,D.C. United,0,0,,,False,,False,Soldier Field,659653,
2023-04-01,2023,MLS,True,FC Dallas,Portland Timbers,1,1,,,False,,False,Toyota Stadium,659652,
2023-04-01,2023,MLS,True,St. Louis CITY SC,Minnesota United FC,0,1,,,False,,False,Energizer Park,659654,
2023-04-01,2023,MLS,True,Colorado Rapids,LAFC,0,0,,,False,,False,Dick's Sporting Goods Park,659655,
2023-04-01,2023,MLS,True,San Jose Earthquakes,Houston Dynamo FC,2,1,,,False,,False,PayPal Park,659657,
2023-04-01,2023,MLS,True,Vancouver Whitecaps,CF Montréal,5,0,,,False,,False,BC Place,659656,
2023-04-08,2023,MLS,True,D.C. United,Columbus Crew,0,2,,,False,,False,Audi Field,659666,
2023-04-08,2023,MLS,True,FC Cincinnati,Philadelphia Union,1,0,,,False,,False,TQL Stadium,659662,
2023-04-08,2023,MLS,True,Inter Miami CF,FC Dallas,0,1,,,False,,False,Chase Stadium,659664,
2023-04-08,2023,MLS,True,LAFC,Austin FC,3,0,,,False,,False,BMO Stadium,659663,
2023-04-08,2023,MLS,True,New England Revolution,CF Montréal,4,0,,,False,,False,Gillette Stadium,659665,
2023-04-08,2023,MLS,True,New York City FC,Atlanta United FC,1,1,,,False,,False,Yankee Stadium,659660,
2023-04-08,2023,MLS,True,Red Bull New York,San Jose Earthquakes,1,1,,,False,,False,Sports Illustrated Stadium,659661,
2023-04-08,2023,MLS,True,Chicago Fire FC,Minnesota United FC,2,1,,,False,,False,Soldier Field,659667,
2023-04-08,2023,MLS,True,Houston Dynamo FC,LA Galaxy,3,0,,,False,,False,Shell Energy Stadium,659669,
2023-04-08,2023,MLS,True,Nashville SC,Toronto FC,0,0,,,False,,False,GEODIS Park,659670,
2023-04-08,2023,MLS,True,Sporting Kansas City,Colorado Rapids,0,1,,,False,,False,Children's Mercy Park,659668,
2023-04-08,2023,MLS,True,Real Salt Lake,Charlotte FC,3,1,,,False,,False,America First Field,659671,
2023-04-08,2023,MLS,True,Seattle Sounders FC,St. Louis CITY SC,3,0,,,False,,False,Lumen Field,659672,
2023-04-08,2023,MLS,True,Vancouver Whitecaps,Portland Timbers,1,0,,,False,,False,BC Place,659673,
2023-04-15,2023,MLS,True,CF Montréal,D.C. United,0,1,,,False,,False,Stade Saputo,659677,
2023-04-15,2023,MLS,True,Charlotte FC,Colorado Rapids,2,2,,,False,,False,Bank of America Stadium,659678,
2023-04-15,2023,MLS,True,Columbus Crew,New England Revolution,1,1,,,False,,False,ScottsMiracle-Gro Field,659674,
2023-04-15,2023,MLS,True,New York City FC,Nashville SC,2,1,,,False,,False,Citi Field,659679,
2023-04-15,2023,MLS,True,Toronto FC,Atlanta United FC,2,2,,,False,,False,BMO Field,659675,
2023-04-15,2023,MLS,True,Red Bull New York,Houston Dynamo FC,1,1,,,False,,False,Sports Illustrated Stadium,659676,
2023-04-15,2023,MLS,True,Austin FC,Vancouver Whitecaps,0,0,,,False,,False,Q2 Stadium,659684,
2023-04-15,2023,MLS,True,Chicago Fire FC,Philadelphia Union,2,2,,,False,,False,Soldier Field,659683,
2023-04-15,2023,MLS,True,FC Dallas,Real Salt Lake,2,1,,,False,,False,Toyota Stadium,659682,
2023-04-15,2023,MLS,True,Minnesota United FC,Orlando City SC,1,2,,,False,,False,Allianz Field,659681,
2023-04-15,2023,MLS,True,Portland Timbers,Seattle Sounders FC,4,1,,,False,,False,Providence Park,659685,
2023-04-15,2023,MLS,True,San Jose Earthquakes,Sporting Kansas City,3,0,,,False,,False,PayPal Park,659686,
2023-04-15,2023,MLS,True,St. Louis CITY SC,FC Cincinnati,5,1,,,False,,False,Energizer Park,659680,
2023-04-16,2023,MLS,True,LA Galaxy,LAFC,2,3,,,False,,False,Dignity Health Sports Park,659687,
2023-04-22,2023,MLS,True,CF Montréal,Red Bull New York,2,0,,,False,,False,Stade Saputo,659689,
2023-04-22,2023,MLS,True,Charlotte FC,Columbus Crew,1,0,,,False,,False,Bank of America Stadium,659694,
2023-04-22,2023,MLS,True,FC Cincinnati,Portland Timbers,2,1,,,False,,False,TQL Stadium,659692,
2023-04-22,2023,MLS,True,New England Revolution,Sporting Kansas City,2,1,,,False,,False,Gillette Stadium,659691,
2023-04-22,2023,MLS,True,New York City FC,FC Dallas,3,1,,,False,,False,Citi Field,659693,
2023-04-22,2023,MLS,True,Orlando City SC,D.C. United,1,3,,,False,,False,Inter&Co Stadium,659688,
2023-04-22,2023,MLS,True,Philadelphia Union,Toronto FC,4,2,,,False,,False,Subaru Park,659690,
2023-04-22,2023,MLS,True,Houston Dynamo FC,Inter Miami CF,1,0,,,False,,False,Shell Energy Stadium,659695,
2023-04-22,2023,MLS,True,Nashville SC,LAFC,1,1,,,False,,False,GEODIS Park,659696,
2023-04-22,2023,MLS,True,Colorado Rapids,St. Louis CITY SC,1,1,,,False,,False,Dick's Sporting Goods Park,659698,
2023-04-22,2023,MLS,True,Real Salt Lake,San Jose Earthquakes,3,1,,,False,,False,America First Field,659697,
2023-04-22,2023,MLS,True,LA Galaxy,Austin FC,2,0,,,False,,False,Dignity Health Sports Park,659700,
2023-04-22,2023,MLS,True,Seattle Sounders FC,Minnesota United FC,1,0,,,False,,False,Lumen Field,659699,
2023-04-23,2023,MLS,True,Atlanta United FC,Chicago Fire FC,2,1,,,False,,False,Mercedes-Benz Stadium,659701,
2023-04-29,2023,MLS,True,Nashville SC,Atlanta United FC,3,1,,,False,,False,GEODIS Park,659702,
2023-04-29,2023,MLS,True,Columbus Crew,Inter Miami CF,1,2,,,False,,False,ScottsMiracle-Gro Field,659703,
2023-04-29,2023,MLS,True,D.C. United,Charlotte FC,3,0,,,False,,False,Audi Field,659706,
2023-04-29,2023,MLS,True,New England Revolution,FC Cincinnati,1,1,,,False,,False,Gillette Stadium,659705,
2023-04-29,2023,MLS,True,Orlando City SC,LA Galaxy,2,0,,,False,,False,Inter&Co Stadium,659707,
2023-04-29,2023,MLS,True,Toronto FC,New York City FC,1,0,,,False,,False,BMO Field,659704,
2023-04-29,2023,MLS,True,Austin FC,San Jose Earthquakes,2,2,,,False,,False,Q2 Stadium,659709,
2023-04-29,2023,MLS,True,Chicago Fire FC,Red Bull New York,1,1,,,False,,False,Soldier Field,659711,
2023-04-29,2023,MLS,True,Sporting Kansas City,CF Montréal,0,2,,,False,,False,Children's Mercy Park,659708,
2023-04-29,2023,MLS,True,St. Louis CITY SC,Portland Timbers,1,2,,,False,,False,Energizer Park,659710,
2023-04-29,2023,MLS,True,Real Salt Lake,Seattle Sounders FC,0,0,,,False,,False,America First Field,659712,
2023-04-29,2023,MLS,True,Vancouver Whitecaps,Colorado Rapids,0,0,,,False,,False,BC Place,659714,
2023-04-30,2023,MLS,True,Minnesota United FC,FC Dallas,0,0,,,False,,False,Allianz Field,659715,
2023-05-06,2023,MLS,True,CF Montréal,Orlando City SC,2,0,,,False,,False,Stade Saputo,659717,
2023-05-06,2023,MLS,True,Charlotte FC,New York City FC,3,2,,,False,,False,Bank of America Stadium,659718,
2023-05-06,2023,MLS,True,FC Cincinnati,D.C. United,2,1,,,False,,False,TQL Stadium,659719,
2023-05-06,2023,MLS,True,Inter Miami CF,Atlanta United FC,2,1,,,False,,False,Chase Stadium,659722,
2023-05-06,2023,MLS,True,Red Bull New York,Philadelphia Union,0,1,,,False,,False,Sports Illustrated Stadium,659716,
2023-05-06,2023,MLS,True,San Jose Earthquakes,LAFC,2,1,,,False,,False,Levi's Stadium,659720,
2023-05-06,2023,MLS,True,Toronto FC,New England Revolution,0,2,,,False,,False,BMO Field,659721,
2023-05-06,2023,MLS,True,Houston Dynamo FC,Real Salt Lake,0,0,,,False,,False,Shell Energy Stadium,659724,
2023-05-06,2023,MLS,True,Nashville SC,Chicago Fire FC,3,0,,,False,,False,GEODIS Park,659723,
2023-05-06,2023,MLS,True,LA Galaxy,Colorado Rapids,1,3,,,False,,False,Dignity Health Sports Park,659726,
2023-05-06,2023,MLS,True,Portland Timbers,Austin FC,2,2,,,False,,False,Providence Park,659727,
2023-05-06,2023,MLS,True,Vancouver Whitecaps,Minnesota United FC,3,2,,,False,,False,BC Place,659728,
2023-05-07,2023,MLS,True,Seattle Sounders FC,Sporting Kansas City,1,2,,,False,,False,Lumen Field,659729,
2023-05-13,2023,MLS,True,Chicago Fire FC,St. Louis CITY SC,1,0,,,False,,False,Soldier Field,659730,
2023-05-13,2023,MLS,True,Atlanta United FC,Charlotte FC,1,3,,,False,,False,Mercedes-Benz Stadium,659731,
2023-05-13,2023,MLS,True,CF Montréal,Toronto FC,2,0,,,False,,False,Stade Saputo,659734,
2023-05-13,2023,MLS,True,Columbus Crew,Orlando City SC,2,2,,,False,,False,ScottsMiracle-Gro Field,659732,
2023-05-13,2023,MLS,True,D.C. United,Nashville SC,1,1,,,False,,False,Audi Field,659736,
2023-05-13,2023,MLS,True,Inter Miami CF,New England Revolution,2,1,,,False,,False,Chase Stadium,659733,
2023-05-13,2023,MLS,True,Red Bull New York,New York City FC,1,0,,,False,,False,Sports Illustrated Stadium,659735,
2023-05-13,2023,MLS,True,Austin FC,FC Dallas,0,1,,,False,,False,Q2 Stadium,659738,
2023-05-13,2023,MLS,True,Houston Dynamo FC,Seattle Sounders FC,0,1,,,False,,False,Shell Energy Stadium,659739,
2023-05-13,2023,MLS,True,Sporting Kansas City,Minnesota United FC,3,0,,,False,,False,Children's Mercy Park,659737,
2023-05-13,2023,MLS,True,Colorado Rapids,Philadelphia Union,1,2,,,False,,False,Dick's Sporting Goods Park,659741,
2023-05-13,2023,MLS,True,Real Salt Lake,LAFC,0,3,,,False,,False,America First Field,659740,
2023-05-13,2023,MLS,True,Portland Timbers,Vancouver Whitecaps,3,1,,,False,,False,Providence Park,659742,
2023-05-14,2023,MLS,True,LA Galaxy,San Jose Earthquakes,2,1,,,False,,False,Dignity Health Sports Park,659743,
2023-05-17,2023,MLS,True,Atlanta United FC,Colorado Rapids,4,0,,,False,,False,Mercedes-Benz Stadium,659746,
2023-05-17,2023,MLS,True,Charlotte FC,Chicago Fire FC,2,1,,,False,,False,Bank of America Stadium,659745,
2023-05-17,2023,MLS,True,Columbus Crew,LA Galaxy,2,0,,,False,,False,ScottsMiracle-Gro Field,659744,
2023-05-17,2023,MLS,True,FC Cincinnati,CF Montréal,3,0,,,False,,False,TQL Stadium,659748,
2023-05-17,2023,MLS,True,Orlando City SC,New York City FC,1,1,,,False,,False,Inter&Co Stadium,659750,
2023-05-17,2023,MLS,True,Toronto FC,Red Bull New York,0,0,,,False,,False,BMO Field,659747,
2023-05-17,2023,MLS,True,Philadelphia Union,D.C. United,0,0,,,False,,False,Subaru Park,659749,
2023-05-17,2023,MLS,True,FC Dallas,Vancouver Whitecaps,2,1,,,False,,False,Toyota Stadium,659753,
2023-05-17,2023,MLS,True,Minnesota United FC,Houston Dynamo FC,1,0,,,False,,False,Allianz Field,659752,
2023-05-17,2023,MLS,True,Nashville SC,Inter Miami CF,2,1,,,False,,False,GEODIS Park,659751,
2023-05-17,2023,MLS,True,Real Salt Lake,Portland Timbers,0,0,,,False,,False,America First Field,659754,
2023-05-17,2023,MLS,True,LAFC,Sporting Kansas City,1,1,,,False,,False,BMO Stadium,659755,
2023-05-17,2023,MLS,True,Seattle Sounders FC,Austin FC,1,2,,,False,,False,Lumen Field,659756,
2023-05-20,2023,MLS,True,Charlotte FC,Nashville SC,1,2,,,False,,False,Bank of America Stadium,659759,
2023-05-20,2023,MLS,True,D.C. United,LA Galaxy,3,0,,,False,,False,Audi Field,659761,
2023-05-20,2023,MLS,True,FC Cincinnati,Columbus Crew,3,2,,,False,,False,TQL Stadium,659762,
2023-05-20,2023,MLS,True,Inter Miami CF,Orlando City SC,1,3,,,False,,False,Chase Stadium,659757,
2023-05-20,2023,MLS,True,Philadelphia Union,New England Revolution,3,0,,,False,,False,Subaru Park,659760,
2023-05-20,2023,MLS,True,Red Bull New York,CF Montréal,2,1,,,False,,False,Sports Illustrated Stadium,659758,
2023-05-20,2023,MLS,True,Austin FC,Toronto FC,1,0,,,False,,False,Q2 Stadium,659765,
2023-05-20,2023,MLS,True,Chicago Fire FC,Atlanta United FC,3,3,,,False,,False,Soldier Field,659763,
2023-05-20,2023,MLS,True,FC Dallas,Houston Dynamo FC,1,1,,,False,,False,Toyota Stadium,659764,
2023-05-20,2023,MLS,True,Colorado Rapids,Real Salt Lake,2,3,,,False,,False,Dick's Sporting Goods Park,659766,
2023-05-20,2023,MLS,True,St. Louis CITY SC,Sporting Kansas City,4,0,,,False,,False,Energizer Park,659767,
2023-05-20,2023,MLS,True,LAFC,San Jose Earthquakes,2,1,,,False,,False,BMO Stadium,659770,
2023-05-20,2023,MLS,True,Portland Timbers,Minnesota United FC,0,1,,,False,,False,Providence Park,659768,
2023-05-20,2023,MLS,True,Vancouver Whitecaps,Seattle Sounders FC,2,0,,,False,,False,BC Place,659769,
2023-05-27,2023,MLS,True,CF Montréal,Inter Miami CF,1,0,,,False,,False,Stade Saputo,659774,
2023-05-27,2023,MLS,True,New England Revolution,Chicago Fire FC,3,3,,,False,,False,Gillette Stadium,659773,
2023-05-27,2023,MLS,True,New York City FC,Philadelphia Union,1,3,,,False,,False,Citi Field,659772,
2023-05-27,2023,MLS,True,Orlando City SC,Atlanta United FC,1,1,,,False,,False,Inter&Co Stadium,659771,
2023-05-27,2023,MLS,True,Toronto FC,D.C. United,2,1,,,False,,False,BMO Field,659775,
2023-05-27,2023,MLS,True,Houston Dynamo FC,Austin FC,2,1,,,False,,False,Shell Energy Stadium,659777,
2023-05-27,2023,MLS,True,Minnesota United FC,Real Salt Lake,1,1,,,False,,False,Allianz Field,659776,
2023-05-27,2023,MLS,True,St. Louis CITY SC,Vancouver Whitecaps,3,1,,,False,,False,Energizer Park,659778,
2023-05-27,2023,MLS,True,Colorado Rapids,FC Cincinnati,0,1,,,False,,False,Dick's Sporting Goods Park,659779,
2023-05-27,2023,MLS,True,LA Galaxy,Charlotte FC,0,1,,,False,,False,Dignity Health Sports Park,659780,
2023-05-27,2023,MLS,True,San Jose Earthquakes,FC Dallas,1,1,,,False,,False,PayPal Park,659782,
2023-05-27,2023,MLS,True,Seattle Sounders FC,Red Bull New York,1,0,,,False,,False,Lumen Field,659781,
2023-05-28,2023,MLS,True,Sporting Kansas City,Portland Timbers,4,1,,,False,,False,Children's Mercy Park,659783,
2023-05-28,2023,MLS,True,Nashville SC,Columbus Crew,3,1,,,False,,False,GEODIS Park,659784,
2023-05-31,2023,MLS,True,Atlanta United FC,New England Revolution,3,3,,,False,,False,Mercedes-Benz Stadium,659787,
2023-05-31,2023,MLS,True,Columbus Crew,Colorado Rapids,3,2,,,False,,False,ScottsMiracle-Gro Field,659789,
2023-05-31,2023,MLS,True,D.C. United,CF Montréal,2,2,,,False,,False,Audi Field,659790,
2023-05-31,2023,MLS,True,New York City FC,FC Cincinnati,1,3,,,False,,False,Yankee Stadium,659786,
2023-05-31,2023,MLS,True,Philadelphia Union,Charlotte FC,1,0,,,False,,False,Subaru Park,659785,
2023-05-31,2023,MLS,True,Toronto FC,Chicago Fire FC,0,0,,,False,,False,BMO Field,659788,
2023-05-31,2023,MLS,True,Inter Miami CF,Red Bull New York,0,1,,,False,,False,Chase Stadium,659791,
2023-05-31,2023,MLS,True,Austin FC,Minnesota United FC,2,1,,,False,,False,Q2 Stadium,659793,
2023-05-31,2023,MLS,True,Real Salt Lake,LA Galaxy,2,3,,,False,,False,America First Field,659794,
2023-05-31,2023,MLS,True,Sporting Kansas City,FC Dallas,2,1,,,False,,False,Children's Mercy Park,659792,
2023-05-31,2023,MLS,True,Seattle Sounders FC,San Jose Earthquakes,0,1,,,False,,False,Lumen Field,659797,
2023-05-31,2023,MLS,True,Vancouver Whitecaps,Houston Dynamo FC,6,2,,,False,,False,BC Place,659796,
2023-06-03,2023,MLS,True,New York City FC,New England Revolution,0,0,,,False,,False,Yankee Stadium,659798,
2023-06-03,2023,MLS,True,Seattle Sounders FC,Portland Timbers,0,0,,,False,,False,Lumen Field,659799,
2023-06-03,2023,MLS,True,FC Cincinnati,Chicago Fire FC,1,0,,,False,,False,TQL Stadium,659802,
2023-06-03,2023,MLS,True,Inter Miami CF,D.C. United,1,2,,,False,,False,Chase Stadium,659803,
2023-06-03,2023,MLS,True,Philadelphia Union,CF Montréal,3,0,,,False,,False,Subaru Park,659804,
2023-06-03,2023,MLS,True,Red Bull New York,Orlando City SC,0,3,,,False,,False,Sports Illustrated Stadium,659800,
2023-06-03,2023,MLS,True,Columbus Crew,Charlotte FC,4,2,,,False,,False,ScottsMiracle-Gro Field,659801,
2023-06-03,2023,MLS,True,Austin FC,Real Salt Lake,1,2,,,False,,False,Q2 Stadium,659805,
2023-06-03,2023,MLS,True,FC Dallas,Nashville SC,1,2,,,False,,False,Toyota Stadium,659808,
2023-06-03,2023,MLS,True,Minnesota United FC,Toronto FC,1,1,,,False,,False,Allianz Field,659806,
2023-06-03,2023,MLS,True,St. Louis CITY SC,Houston Dynamo FC,3,0,,,False,,False,Energizer Park,659807,
2023-06-03,2023,MLS,True,Colorado Rapids,San Jose Earthquakes,0,0,,,False,,False,Dick's Sporting Goods Park,659809,
2023-06-03,2023,MLS,True,Vancouver Whitecaps,Sporting Kansas City,1,1,,,False,,False,BC Place,659810,
2023-06-07,2023,MLS,True,FC Dallas,St. Louis CITY SC,2,0,,,False,,False,Toyota Stadium,659725,
2023-06-07,2023,MLS,True,LAFC,Atlanta United FC,0,0,,,False,,False,BMO Stadium,659811,
2023-06-10,2023,MLS,True,Atlanta United FC,D.C. United,3,1,,,False,,False,Mercedes-Benz Stadium,659814,
2023-06-10,2023,MLS,True,CF Montréal,Minnesota United FC,4,0,,,False,,False,Stade Saputo,659815,
2023-06-10,2023,MLS,True,Charlotte FC,Seattle Sounders FC,3,3,,,False,,False,Bank of America Stadium,659813,
2023-06-10,2023,MLS,True,New England Revolution,Inter Miami CF,3,1,,,False,,False,Gillette Stadium,659817,
2023-06-10,2023,MLS,True,Toronto FC,Nashville SC,1,1,,,False,,False,BMO Field,659812,
2023-06-10,2023,MLS,True,Orlando City SC,Colorado Rapids,2,0,,,False,,False,Inter&Co Stadium,659816,
2023-06-10,2023,MLS,True,Chicago Fire FC,Columbus Crew,1,2,,,False,,False,Soldier Field,659818,
2023-06-10,2023,MLS,True,Houston Dynamo FC,LAFC,4,0,,,False,,False,Shell Energy Stadium,659820,
2023-06-10,2023,MLS,True,Sporting Kansas City,Austin FC,4,1,,,False,,False,Children's Mercy Park,659819,
2023-06-10,2023,MLS,True,Real Salt Lake,New York City FC,0,0,,,False,,False,America First Field,659821,
2023-06-10,2023,MLS,True,San Jose Earthquakes,Philadelphia Union,2,1,,,False,,False,PayPal Park,659823,
2023-06-10,2023,MLS,True,Vancouver Whitecaps,FC Cincinnati,1,1,,,False,,False,BC Place,659822,
2023-06-11,2023,MLS,True,St. Louis CITY SC,LA Galaxy,1,1,,,False,,False,Energizer Park,659824,
2023-06-11,2023,MLS,True,Portland Timbers,FC Dallas,1,0,,,False,,False,Providence Park,659825,
2023-06-14,2023,MLS,True,LAFC,Houston Dynamo FC,0,1,,,False,,False,BMO Stadium,659713,
2023-06-17,2023,MLS,True,New York City FC,Columbus Crew,1,1,,,False,,False,Yankee Stadium,659826,
2023-06-17,2023,MLS,True,D.C. United,Real Salt Lake,1,2,,,False,,False,Audi Field,659828,
2023-06-17,2023,MLS,True,New England Revolution,Orlando City SC,3,1,,,False,,False,Gillette Stadium,659827,
2023-06-17,2023,MLS,True,Nashville SC,St. Louis CITY SC,3,1,,,False,,False,GEODIS Park,659830,
2023-06-17,2023,MLS,True,Sporting Kansas City,LAFC,1,2,,,False,,False,Children's Mercy Park,659829,
2023-06-17,2023,MLS,True,San Jose Earthquakes,Portland Timbers,0,0,,,False,,False,PayPal Park,659831,
2023-06-21,2023,MLS,True,Atlanta United FC,New York City FC,2,2,,,False,,False,Mercedes-Benz Stadium,659836,
2023-06-21,2023,MLS,True,CF Montréal,Nashville SC,1,0,,,False,,False,Stade Saputo,659835,
2023-06-21,2023,MLS,True,FC Cincinnati,Toronto FC,3,0,,,False,,False,TQL Stadium,659832,
2023-06-21,2023,MLS,True,Orlando City SC,Philadelphia Union,2,2,,,False,,False,Inter&Co Stadium,659833,
2023-06-21,2023,MLS,True,Red Bull New York,Charlotte FC,2,2,,,False,,False,Sports Illustrated Stadium,659834,
2023-06-21,2023,MLS,True,Houston Dynamo FC,San Jose Earthquakes,4,1,,,False,,False,Shell Energy Stadium,659839,
2023-06-21,2023,MLS,True,St. Louis CITY SC,Real Salt Lake,1,3,,,False,,False,Energizer Park,659840,
2023-06-21,2023,MLS,True,LA Galaxy,Sporting Kansas City,2,2,,,False,,False,Dignity Health Sports Park,659844,
2023-06-21,2023,MLS,True,LAFC,Seattle Sounders FC,1,0,,,False,,False,BMO Stadium,659842,
2023-06-21,2023,MLS,True,Portland Timbers,Chicago Fire FC,1,2,,,False,,False,Providence Park,659843,
2023-06-21,2023,MLS,True,Austin FC,FC Dallas,3,0,,,False,,False,Q2 Stadium,659837,
2023-06-24,2023,MLS,True,Charlotte FC,CF Montréal,0,0,,,False,,False,Bank of America Stadium,659846,
2023-06-24,2023,MLS,True,Columbus Crew,Nashville SC,2,0,,,False,,False,ScottsMiracle-Gro Field,659850,
2023-06-24,2023,MLS,True,D.C. United,FC Cincinnati,3,0,,,False,,False,Audi Field,659849,
2023-06-24,2023,MLS,True,New England Revolution,Toronto FC,2,1,,,False,,False,Gillette Stadium,659845,
2023-06-24,2023,MLS,True,Philadelphia Union,Inter Miami CF,4,1,,,False,,False,Subaru Park,659848,
2023-06-24,2023,MLS,True,Red Bull New York,Atlanta United FC,4,0,,,False,,False,Sports Illustrated Stadium,659847,
2023-06-24,2023,MLS,True,Sporting Kansas City,Chicago Fire FC,0,1,,,False,,False,Children's Mercy Park,659852,
2023-06-24,2023,MLS,True,Austin FC,Houston Dynamo FC,3,0,,,False,,False,Q2 Stadium,659851,
2023-06-24,2023,MLS,True,Colorado Rapids,LA Galaxy,0,0,,,False,,False,Dick's Sporting Goods Park,659854,
2023-06-24,2023,MLS,True,Real Salt Lake,Minnesota United FC,2,2,,,False,,False,America First Field,659853,
2023-06-24,2023,MLS,True,LAFC,Vancouver Whitecaps,2,3,,,False,,False,BMO Stadium,659856,
2023-06-24,2023,MLS,True,Portland Timbers,New York City FC,1,1,,,False,,False,Providence Park,659855,
2023-06-24,2023,MLS,True,San Jose Earthquakes,St. Louis CITY SC,1,2,,,False,,False,PayPal Park,659858,
2023-06-24,2023,MLS,True,Seattle Sounders FC,Orlando City SC,0,0,,,False,,False,Lumen Field,659857,
2023-07-01,2023,MLS,True,Columbus Crew,Red Bull New York,2,1,,,False,,False,ScottsMiracle-Gro Field,659864,
2023-07-01,2023,MLS,True,FC Cincinnati,New England Revolution,2,2,,,False,,False,TQL Stadium,659860,
2023-07-01,2023,MLS,True,Inter Miami CF,Austin FC,1,1,,,False,,False,Chase Stadium,659859,
2023-07-01,2023,MLS,True,Orlando City SC,Chicago Fire FC,3,1,,,False,,False,Inter&Co Stadium,659862,
2023-07-01,2023,MLS,True,Toronto FC,Real Salt Lake,0,1,,,False,,False,BMO Field,659861,
2023-07-01,2023,MLS,True,FC Dallas,LAFC,2,0,,,False,,False,Toyota Stadium,659866,
2023-07-01,2023,MLS,True,Minnesota United FC,Portland Timbers,4,1,,,False,,False,Allianz Field,659865,
2023-07-01,2023,MLS,True,Nashville SC,D.C. United,2,0,,,False,,False,GEODIS Park,659868,
2023-07-01,2023,MLS,True,Sporting Kansas City,Vancouver Whitecaps,3,0,,,False,,False,Children's Mercy Park,659867,
2023-07-01,2023,MLS,True,St. Louis CITY SC,Colorado Rapids,2,0,,,False,,False,Energizer Park,659869,
2023-07-01,2023,MLS,True,CF Montréal,New York City FC,0,1,,,False,,False,Stade Saputo,659863,
2023-07-01,2023,MLS,True,San Jose Earthquakes,LA Galaxy,2,2,,,False,,False,Stanford Stadium,659870,
2023-07-01,2023,MLS,True,Seattle Sounders FC,Houston Dynamo FC,1,0,,,False,,False,Lumen Field,659871,
2023-07-02,2023,MLS,True,Atlanta United FC,Philadelphia Union,2,0,,,False,,False,Mercedes-Benz Stadium,659872,
2023-07-04,2023,MLS,True,Inter Miami CF,Columbus Crew,2,2,,,False,,False,Chase Stadium,659873,
2023-07-04,2023,MLS,True,Orlando City SC,Toronto FC,4,0,,,False,,False,Inter&Co Stadium,659874,
2023-07-04,2023,MLS,True,FC Dallas,D.C. United,0,1,,,False,,False,Toyota Stadium,659875,
2023-07-04,2023,MLS,True,LA Galaxy,LAFC,2,1,,,False,,False,Rose Bowl,659586,
2023-07-05,2023,MLS,True,New York City FC,Charlotte FC,1,1,,,False,,False,Citi Field,659878,
2023-07-08,2023,MLS,True,CF Montréal,Atlanta United FC,0,1,,,False,,False,Stade Saputo,659880,
2023-07-08,2023,MLS,True,Charlotte FC,FC Cincinnati,2,2,,,False,,False,Bank of America Stadium,659882,
2023-07-08,2023,MLS,True,Columbus Crew,New York City FC,1,1,,,False,,False,ScottsMiracle-Gro Field,659884,
2023-07-08,2023,MLS,True,D.C. United,Inter Miami CF,2,2,,,False,,False,Audi Field,659881,
2023-07-08,2023,MLS,True,Red Bull New York,New England Revolution,2,1,,,False,,False,Sports Illustrated Stadium,659883,
2023-07-08,2023,MLS,True,Toronto FC,St. Louis CITY SC,0,1,,,False,,False,BMO Field,659879,
2023-07-08,2023,MLS,True,Chicago Fire FC,Nashville SC,1,0,,,False,,False,Soldier Field,659886,
2023-07-08,2023,MLS,True,Houston Dynamo FC,Sporting Kansas City,2,2,,,False,,False,Shell Energy Stadium,659885,
2023-07-08,2023,MLS,True,Minnesota United FC,Austin FC,1,4,,,False,,False,Allianz Field,659887,
2023-07-08,2023,MLS,True,Colorado Rapids,FC Dallas,2,1,,,False,,False,Dick's Sporting Goods Park,659889,
2023-07-08,2023,MLS,True,Real Salt Lake,Orlando City SC,4,0,,,False,,False,America First Field,659888,
2023-07-08,2023,MLS,True,LA Galaxy,Philadelphia Union,3,1,,,False,,False,Dignity Health Sports Park,659890,
2023-07-08,2023,MLS,True,LAFC,San Jose Earthquakes,1,1,,,False,,False,BMO Stadium,659891,
2023-07-08,2023,MLS,True,Vancouver Whitecaps,Seattle Sounders FC,2,3,,,False,,False,BC Place,659892,
2023-07-12,2023,MLS,True,New England Revolution,Atlanta United FC,2,1,,,False,,False,Gillette Stadium,659894,
2023-07-12,2023,MLS,True,Red Bull New York,FC Cincinnati,1,2,,,False,,False,Sports Illustrated Stadium,659893,
2023-07-12,2023,MLS,True,Houston Dynamo FC,Minnesota United FC,0,3,,,False,,False,Shell Energy Stadium,659897,
2023-07-12,2023,MLS,True,Nashville SC,Philadelphia Union,0,2,,,False,,False,GEODIS Park,659898,
2023-07-12,2023,MLS,True,Sporting Kansas City,Real Salt Lake,2,2,,,False,,False,Children's Mercy Park,659895,
2023-07-12,2023,MLS,True,Colorado Rapids,Portland Timbers,0,0,,,False,,False,Dick's Sporting Goods Park,659876,
2023-07-12,2023,MLS,True,Chicago Fire FC,CF Montréal,3,0,,,False,,False,Soldier Field,659896,
2023-07-12,2023,MLS,True,LAFC,St. Louis CITY SC,3,0,,,False,,False,BMO Stadium,659795,
2023-07-12,2023,MLS,True,San Jose Earthquakes,Seattle Sounders FC,2,0,,,False,,False,PayPal Park,659900,
2023-07-12,2023,MLS,True,Vancouver Whitecaps,Austin FC,2,1,,,False,,False,BC Place,659899,
2023-07-15,2023,MLS,True,Atlanta United FC,Orlando City SC,1,2,,,False,,False,Mercedes-Benz Stadium,659901,
2023-07-15,2023,MLS,True,CF Montréal,Charlotte FC,2,0,,,False,,False,Stade Saputo,659905,
2023-07-15,2023,MLS,True,New England Revolution,D.C. United,4,0,,,False,,False,Gillette Stadium,659902,
2023-07-15,2023,MLS,True,Philadelphia Union,New York City FC,2,1,,,False,,False,Subaru Park,659903,
2023-07-15,2023,MLS,True,Chicago Fire FC,Toronto FC,1,0,,,False,,False,Soldier Field,659909,
2023-07-15,2023,MLS,True,Minnesota United FC,LAFC,1,1,,,False,,False,Allianz Field,659907,
2023-07-15,2023,MLS,True,FC Cincinnati,Nashville SC,3,1,,,False,,False,TQL Stadium,659904,
2023-07-15,2023,MLS,True,St. Louis CITY SC,Inter Miami CF,3,0,,,False,,False,Energizer Park,659906,
2023-07-15,2023,MLS,True,Austin FC,Sporting Kansas City,2,1,,,False,,False,Q2 Stadium,659908,
2023-07-15,2023,MLS,True,Colorado Rapids,Houston Dynamo FC,0,0,,,False,,False,Dick's Sporting Goods Park,659910,
2023-07-15,2023,MLS,True,Real Salt Lake,Red Bull New York,3,1,,,False,,False,America First Field,659911,
2023-07-15,2023,MLS,True,Portland Timbers,Columbus Crew,3,2,,,False,,False,Providence Park,659914,
2023-07-15,2023,MLS,True,Seattle Sounders FC,FC Dallas,1,1,,,False,,False,Lumen Field,659913,
2023-07-15,2023,MLS,True,Vancouver Whitecaps,LA Galaxy,4,2,,,False,,False,BC Place,659912,
2023-07-19,2023,MLS,True,MLS All-Stars,Arsenal,0,5,,,False,,False,Audi Field,660069,
2023-08-20,2023,MLS,True,Columbus Crew,FC Cincinnati,3,0,,,False,,False,ScottsMiracle-Gro Field,659916,
2023-08-20,2023,MLS,True,New York City FC,Minnesota United FC,0,2,,,False,,False,Citi Field,659920,
2023-08-20,2023,MLS,True,Red Bull New York,D.C. United,1,0,,,False,,False,Sports Illustrated Stadium,659918,
2023-08-20,2023,MLS,True,Toronto FC,CF Montréal,2,3,,,False,,False,BMO Field,659919,
2023-08-20,2023,MLS,True,Chicago Fire FC,Orlando City SC,1,3,,,False,,False,Soldier Field,659921,
2023-08-20,2023,MLS,True,Houston Dynamo FC,Portland Timbers,5,0,,,False,,False,Shell Energy Stadium,659922,
2023-08-20,2023,MLS,True,St. Louis CITY SC,Austin FC,6,3,,,False,,False,Energizer Park,659924,
2023-08-20,2023,MLS,True,Seattle Sounders FC,Atlanta United FC,0,2,,,False,,False,Lumen Field,659927,
2023-08-20,2023,MLS,True,Vancouver Whitecaps,San Jose Earthquakes,0,1,,,False,,False,BC Place,659928,
2023-08-23,2023,MLS,True,LAFC,Colorado Rapids,4,0,,,False,,False,BMO Stadium,659926,
2023-08-26,2023,MLS,True,Atlanta United FC,Nashville SC,4,0,,,False,,False,Mercedes-Benz Stadium,659936,
2023-08-26,2023,MLS,True,CF Montréal,New England Revolution,1,0,,,False,,False,Stade Saputo,659935,
2023-08-26,2023,MLS,True,Charlotte FC,LAFC,2,1,,,False,,False,Bank of America Stadium,659934,
2023-08-26,2023,MLS,True,Columbus Crew,Toronto FC,2,0,,,False,,False,ScottsMiracle-Gro Field,659933,
2023-08-26,2023,MLS,True,D.C. United,Philadelphia Union,1,3,,,False,,False,Audi Field,659932,
2023-08-26,2023,MLS,True,FC Cincinnati,New York City FC,3,0,,,False,,False,TQL Stadium,659931,
2023-08-26,2023,MLS,True,Orlando City SC,St. Louis CITY SC,2,1,,,False,,False,Inter&Co Stadium,659929,
2023-08-26,2023,MLS,True,Red Bull New York,Inter Miami CF,0,2,,,False,,False,Sports Illustrated Stadium,659930,
2023-08-26,2023,MLS,True,FC Dallas,Austin FC,1,0,,,False,,False,Toyota Stadium,659937,
2023-08-26,2023,MLS,True,Sporting Kansas City,San Jose Earthquakes,3,0,,,False,,False,Children's Mercy Park,659938,
2023-08-26,2023,MLS,True,Real Salt Lake,Houston Dynamo FC,0,3,,,False,,False,America First Field,659939,
2023-08-26,2023,MLS,True,LA Galaxy,Chicago Fire FC,3,0,,,False,,False,Dignity Health Sports Park,659941,
2023-08-26,2023,MLS,True,Portland Timbers,Vancouver Whitecaps,2,3,,,False,,False,Providence Park,659940,
2023-08-27,2023,MLS,True,Minnesota United FC,Seattle Sounders FC,1,1,,,False,,False,Allianz Field,659942,
2023-08-30,2023,MLS,True,Atlanta United FC,FC Cincinnati,1,2,,,False,,False,Mercedes-Benz Stadium,659948,
2023-08-30,2023,MLS,True,Charlotte FC,Orlando City SC,1,1,,,False,,False,Bank of America Stadium,659945,
2023-08-30,2023,MLS,True,Inter Miami CF,Nashville SC,0,0,,,False,,False,Chase Stadium,659947,
2023-08-30,2023,MLS,True,New England Revolution,Red Bull New York,1,0,,,False,,False,Gillette Stadium,659944,
2023-08-30,2023,MLS,True,New York City FC,CF Montréal,2,0,,,False,,False,Yankee Stadium,659946,
2023-08-30,2023,MLS,True,Toronto FC,Philadelphia Union,3,1,,,False,,False,BMO Field,659943,
2023-08-30,2023,MLS,True,Austin FC,Seattle Sounders FC,1,2,,,False,,False,Q2 Stadium,659950,
2023-08-30,2023,MLS,True,Chicago Fire FC,Vancouver Whitecaps,0,1,,,False,,False,Soldier Field,659949,
2023-08-30,2023,MLS,True,Houston Dynamo FC,Columbus Crew,2,0,,,False,,False,Shell Energy Stadium,659953,
2023-08-30,2023,MLS,True,Minnesota United FC,Colorado Rapids,3,0,,,False,,False,Allianz Field,659952,
2023-08-30,2023,MLS,True,St. Louis CITY SC,FC Dallas,2,1,,,False,,False,Energizer Park,659951,
2023-08-30,2023,MLS,True,Portland Timbers,Real Salt Lake,2,1,,,False,,False,Providence Park,659955,
2023-08-30,2023,MLS,True,San Jose Earthquakes,LA Galaxy,2,3,,,False,,False,PayPal Park,659954,
2023-09-02,2023,MLS,True,New York City FC,Vancouver Whitecaps,1,1,,,False,,False,Yankee Stadium,659956,
2023-09-02,2023,MLS,True,CF Montréal,Columbus Crew,2,4,,,False,,False,Stade Saputo,659957,
2023-09-02,2023,MLS,True,D.C. United,Chicago Fire FC,4,0,,,False,,False,Audi Field,659960,
2023-09-02,2023,MLS,True,FC Cincinnati,Orlando City SC,0,1,,,False,,False,TQL Stadium,659958,
2023-09-02,2023,MLS,True,New England Revolution,Austin FC,2,2,,,False,,False,Gillette Stadium,659959,
2023-09-02,2023,MLS,True,FC Dallas,Atlanta United FC,2,2,,,False,,False,Toyota Stadium,659962,
2023-09-02,2023,MLS,True,Nashville SC,Charlotte FC,1,1,,,False,,False,GEODIS Park,659961,
2023-09-02,2023,MLS,True,Sporting Kansas City,St. Louis CITY SC,2,1,,,False,,False,Children's Mercy Park,659963,
2023-09-02,2023,MLS,True,Real Salt Lake,Colorado Rapids,2,0,,,False,,False,America First Field,659964,
2023-09-02,2023,MLS,True,LA Galaxy,Houston Dynamo FC,0,0,,,False,,False,Dignity Health Sports Park,659967,
2023-09-02,2023,MLS,True,San Jose Earthquakes,Minnesota United FC,1,1,,,False,,False,PayPal Park,659965,
2023-09-02,2023,MLS,True,Seattle Sounders FC,Portland Timbers,2,2,,,False,,False,Lumen Field,659968,
2023-09-03,2023,MLS,True,Philadelphia Union,Red Bull New York,4,1,,,False,,False,Subaru Park,659969,
2023-09-03,2023,MLS,True,LAFC,Inter Miami CF,1,3,,,False,,False,BMO Stadium,659966,
2023-09-09,2023,MLS,True,D.C. United,San Jose Earthquakes,0,0,,,False,,False,Audi Field,659970,
2023-09-09,2023,MLS,True,Inter Miami CF,Sporting Kansas City,3,2,,,False,,False,Chase Stadium,659971,
2023-09-09,2023,MLS,True,Minnesota United FC,New England Revolution,1,1,,,False,,False,Allianz Field,659838,
2023-09-09,2023,MLS,True,Portland Timbers,LAFC,2,0,,,False,,False,Providence Park,659972,
2023-09-10,2023,MLS,True,LA Galaxy,St. Louis CITY SC,2,2,,,False,,False,Dignity Health Sports Park,659877,
2023-09-16,2023,MLS,True,New York City FC,Red Bull New York,0,0,,,False,,False,Yankee Stadium,659973,
2023-09-16,2023,MLS,True,Atlanta United FC,Inter Miami CF,5,2,,,False,,False,Mercedes-Benz Stadium,659979,
2023-09-16,2023,MLS,True,CF Montréal,Chicago Fire FC,0,0,,,False,,False,Stade Saputo,659978,
2023-09-16,2023,MLS,True,Charlotte FC,D.C. United,0,0,,,False,,False,Bank of America Stadium,659977,
2023-09-16,2023,MLS,True,Orlando City SC,Columbus Crew,4,3,,,False,,False,Inter&Co Stadium,659975,
2023-09-16,2023,MLS,True,Philadelphia Union,FC Cincinnati,2,2,,,False,,False,Subaru Park,659974,
2023-09-16,2023,MLS,True,Toronto FC,Vancouver Whitecaps,1,2,,,False,,False,BMO Field,659976,
2023-09-16,2023,MLS,True,FC Dallas,Seattle Sounders FC,1,1,,,False,,False,Toyota Stadium,659981,
2023-09-16,2023,MLS,True,Houston Dynamo FC,St. Louis CITY SC,1,1,,,False,,False,Shell Energy Stadium,659980,
2023-09-16,2023,MLS,True,Minnesota United FC,Sporting Kansas City,0,1,,,False,,False,Allianz Field,659982,
2023-09-16,2023,MLS,True,Colorado Rapids,New England Revolution,2,1,,,False,,False,Dick's Sporting Goods Park,659983,
2023-09-16,2023,MLS,True,LAFC,LA Galaxy,4,2,,,False,,False,BMO Stadium,659985,
2023-09-16,2023,MLS,True,San Jose Earthquakes,Real Salt Lake,2,1,,,False,,False,PayPal Park,659984,
2023-09-17,2023,MLS,True,Austin FC,Portland Timbers,1,2,,,False,,False,Q2 Stadium,659986,
2023-09-20,2023,MLS,True,CF Montréal,FC Cincinnati,1,1,,,False,,False,Stade Saputo,659992,
2023-09-20,2023,MLS,True,Charlotte FC,Philadelphia Union,2,2,,,False,,False,Bank of America Stadium,659991,
2023-09-20,2023,MLS,True,Columbus Crew,Chicago Fire FC,3,0,,,False,,False,ScottsMiracle-Gro Field,659990,
2023-09-20,2023,MLS,True,D.C. United,Atlanta United FC,1,1,,,False,,False,Audi Field,659989,
2023-09-20,2023,MLS,True,Inter Miami CF,Toronto FC,4,0,,,False,,False,Chase Stadium,659988,
2023-09-20,2023,MLS,True,New York City FC,Orlando City SC,2,0,,,False,,False,Citi Field,659993,
2023-09-20,2023,MLS,True,Red Bull New York,Austin FC,1,1,,,False,,False,Sports Illustrated Stadium,659987,
2023-09-20,2023,MLS,True,Houston Dynamo FC,Vancouver Whitecaps,4,1,,,False,,False,Shell Energy Stadium,659995,
2023-09-20,2023,MLS,True,Sporting Kansas City,Nashville SC,0,3,,,False,,False,Children's Mercy Park,659994,
2023-09-20,2023,MLS,True,St. Louis CITY SC,LAFC,0,0,,,False,,False,Energizer Park,659996,
2023-09-20,2023,MLS,True,Colorado Rapids,Seattle Sounders FC,1,2,,,False,,False,Dick's Sporting Goods Park,659997,
2023-09-20,2023,MLS,True,Real Salt Lake,FC Dallas,1,3,,,False,,False,America First Field,659998,
2023-09-20,2023,MLS,True,LA Galaxy,Minnesota United FC,4,3,,,False,,False,Dignity Health Sports Park,660000,
2023-09-20,2023,MLS,True,Portland Timbers,San Jose Earthquakes,2,1,,,False,,False,Providence Park,659999,
2023-09-23,2023,MLS,True,Atlanta United FC,CF Montréal,4,1,,,False,,False,Mercedes-Benz Stadium,660002,
2023-09-23,2023,MLS,True,D.C. United,Red Bull New York,3,5,,,False,,False,Audi Field,660001,
2023-09-23,2023,MLS,True,FC Cincinnati,Charlotte FC,3,0,,,False,,False,TQL Stadium,660004,
2023-09-23,2023,MLS,True,Philadelphia Union,LAFC,0,0,,,False,,False,Subaru Park,660005,
2023-09-23,2023,MLS,True,Chicago Fire FC,New England Revolution,2,2,,,False,,False,Soldier Field,660008,
2023-09-23,2023,MLS,True,FC Dallas,Columbus Crew,1,1,,,False,,False,Toyota Stadium,660009,
2023-09-23,2023,MLS,True,Minnesota United FC,St. Louis CITY SC,1,2,,,False,,False,Allianz Field,660006,
2023-09-23,2023,MLS,True,Sporting Kansas City,Houston Dynamo FC,2,1,,,False,,False,Children's Mercy Park,660007,
2023-09-23,2023,MLS,True,Real Salt Lake,Vancouver Whitecaps,2,1,,,False,,False,America First Field,660010,
2023-09-23,2023,MLS,True,Portland Timbers,Colorado Rapids,3,2,,,False,,False,Providence Park,660012,
2023-09-23,2023,MLS,True,San Jose Earthquakes,Nashville SC,1,1,,,False,,False,PayPal Park,660011,
2023-09-24,2023,MLS,True,New York City FC,Toronto FC,3,0,,,False,,False,Sports Illustrated Stadium,660003,
2023-09-24,2023,MLS,True,Orlando City SC,Inter Miami CF,1,1,,,False,,False,Inter&Co Stadium,660013,
2023-09-24,2023,MLS,True,Austin FC,LA Galaxy,3,3,,,False,,False,Q2 Stadium,660014,
2023-09-27,2023,MLS,True,Philadelphia Union,FC Dallas,1,1,,,False,,False,Subaru Park,659917,
2023-09-27,2023,MLS,True,Colorado Rapids,Vancouver Whitecaps,2,2,,,False,,False,Dick's Sporting Goods Park,659841,
2023-09-30,2023,MLS,True,Columbus Crew,Philadelphia Union,1,1,,,False,,False,ScottsMiracle-Gro Field,660016,
2023-09-30,2023,MLS,True,Inter Miami CF,New York City FC,1,1,,,False,,False,Chase Stadium,660020,
2023-09-30,2023,MLS,True,New England Revolution,Charlotte FC,2,1,,,False,,False,Gillette Stadium,660018,
2023-09-30,2023,MLS,True,Orlando City SC,CF Montréal,3,0,,,False,,False,Inter&Co Stadium,660015,
2023-09-30,2023,MLS,True,Red Bull New York,Chicago Fire FC,0,1,,,False,,False,Sports Illustrated Stadium,660017,
2023-09-30,2023,MLS,True,Toronto FC,FC Cincinnati,2,3,,,False,,False,BMO Field,660019,
2023-09-30,2023,MLS,True,Houston Dynamo FC,FC Dallas,0,0,,,False,,False,Shell Energy Stadium,660022,
2023-09-30,2023,MLS,True,Minnesota United FC,San Jose Earthquakes,1,1,,,False,,False,Allianz Field,660023,
2023-09-30,2023,MLS,True,Nashville SC,Seattle Sounders FC,0,0,,,False,,False,GEODIS Park,660021,
2023-09-30,2023,MLS,True,St. Louis CITY SC,Sporting Kansas City,4,1,,,False,,False,Energizer Park,660024,
2023-09-30,2023,MLS,True,Colorado Rapids,Austin FC,1,0,,,False,,False,Dick's Sporting Goods Park,660025,
2023-09-30,2023,MLS,True,LA Galaxy,Portland Timbers,3,3,,,False,,False,Dignity Health Sports Park,660027,
2023-09-30,2023,MLS,True,Vancouver Whitecaps,D.C. United,2,2,,,False,,False,BC Place,660026,
2023-10-01,2023,MLS,True,LAFC,Real Salt Lake,0,1,,,False,,False,BMO Stadium,660028,
2023-10-04,2023,MLS,True,CF Montréal,Houston Dynamo FC,1,1,,,False,,False,Stade Saputo,660030,
2023-10-04,2023,MLS,True,Charlotte FC,Toronto FC,3,0,,,False,,False,Bank of America Stadium,660029,
2023-10-04,2023,MLS,True,FC Cincinnati,Red Bull New York,1,2,,,False,,False,TQL Stadium,660032,
2023-10-04,2023,MLS,True,New England Revolution,Columbus Crew,1,2,,,False,,False,Gillette Stadium,660031,
2023-10-04,2023,MLS,True,Philadelphia Union,Atlanta United FC,3,2,,,False,,False,Subaru Park,660033,
2023-10-04,2023,MLS,True,Austin FC,D.C. United,3,0,,,False,,False,Q2 Stadium,660037,
2023-10-04,2023,MLS,True,Chicago Fire FC,Inter Miami CF,4,1,,,False,,False,Soldier Field,660036,
2023-10-04,2023,MLS,True,Nashville SC,Orlando City SC,0,1,,,False,,False,GEODIS Park,660035,
2023-10-04,2023,MLS,True,LAFC,Minnesota United FC,5,1,,,False,,False,BMO Stadium,660038,
2023-10-04,2023,MLS,True,Seattle Sounders FC,LA Galaxy,2,1,,,False,,False,Lumen Field,660040,
2023-10-04,2023,MLS,True,Vancouver Whitecaps,St. Louis CITY SC,3,0,,,False,,False,BC Place,660039,
2023-10-07,2023,MLS,True,Atlanta United FC,Columbus Crew,1,1,,,False,,False,Mercedes-Benz Stadium,660047,
2023-10-07,2023,MLS,True,CF Montréal,Portland Timbers,4,1,,,False,,False,Stade Saputo,660041,
2023-10-07,2023,MLS,True,D.C. United,New York City FC,2,0,,,False,,False,Audi Field,660042,
2023-10-07,2023,MLS,True,Inter Miami CF,FC Cincinnati,0,1,,,False,,False,Chase Stadium,660045,
2023-10-07,2023,MLS,True,Orlando City SC,New England Revolution,3,2,,,False,,False,Inter&Co Stadium,660043,
2023-10-07,2023,MLS,True,Philadelphia Union,Nashville SC,0,0,,,False,,False,Subaru Park,660046,
2023-10-07,2023,MLS,True,Red Bull New York,Toronto FC,3,0,,,False,,False,Sports Illustrated Stadium,660044,
2023-10-07,2023,MLS,True,Austin FC,LAFC,2,4,,,False,,False,Q2 Stadium,660049,
2023-10-07,2023,MLS,True,Chicago Fire FC,Charlotte FC,0,2,,,False,,False,Soldier Field,660050,
2023-10-07,2023,MLS,True,FC Dallas,San Jose Earthquakes,1,1,,,False,,False,Toyota Stadium,660051,
2023-10-07,2023,MLS,True,Houston Dynamo FC,Colorado Rapids,5,1,,,False,,False,Shell Energy Stadium,660052,
2023-10-07,2023,MLS,True,Minnesota United FC,LA Galaxy,5,2,,,False,,False,Allianz Field,660048,
2023-10-07,2023,MLS,True,Real Salt Lake,Sporting Kansas City,2,3,,,False,,False,America First Field,660053,
2023-10-07,2023,MLS,True,Seattle Sounders FC,Vancouver Whitecaps,0,0,,,False,,False,Lumen Field,660054,
2023-10-14,2023,MLS,True,FC Dallas,Colorado Rapids,1,1,,,False,,False,Toyota Stadium,660034,
2023-10-14,2023,MLS,True,Nashville SC,New England Revolution,3,2,,,False,,False,GEODIS Park,659923,
2023-10-14,2023,MLS,True,LA Galaxy,Real Salt Lake,2,2,,,False,,False,Dignity Health Sports Park,659925,
2023-10-18,2023,MLS,True,Inter Miami CF,Charlotte FC,2,2,,,False,,False,Chase Stadium,659915,
2023-10-21,2023,MLS,True,Charlotte FC,Inter Miami CF,1,0,,,False,,False,Bank of America Stadium,660065,
2023-10-21,2023,MLS,True,Columbus Crew,CF Montréal,2,1,,,False,,False,ScottsMiracle-Gro Field,660058,
2023-10-21,2023,MLS,True,FC Cincinnati,Atlanta United FC,2,2,,,False,,False,TQL Stadium,660057,
2023-10-21,2023,MLS,True,Nashville SC,Red Bull New York,0,1,,,False,,False,GEODIS Park,660064,
2023-10-21,2023,MLS,True,New England Revolution,Philadelphia Union,2,1,,,False,,False,Gillette Stadium,660061,
2023-10-21,2023,MLS,True,New York City FC,Chicago Fire FC,1,0,,,False,,False,Citi Field,660066,
2023-10-21,2023,MLS,True,Toronto FC,Orlando City SC,0,2,,,False,,False,BMO Field,660060,
2023-10-21,2023,MLS,True,Colorado Rapids,Real Salt Lake,0,1,,,False,,False,Dick's Sporting Goods Park,660068,
2023-10-21,2023,MLS,True,LA Galaxy,FC Dallas,1,4,,,False,,False,Dignity Health Sports Park,660056,
2023-10-21,2023,MLS,True,Portland Timbers,Houston Dynamo FC,1,3,,,False,,False,Providence Park,660063,
2023-10-21,2023,MLS,True,San Jose Earthquakes,Austin FC,1,1,,,False,,False,PayPal Park,660055,
2023-10-21,2023,MLS,True,Sporting Kansas City,Minnesota United FC,3,1,,,False,,False,Children's Mercy Park,660059,
2023-10-21,2023,MLS,True,St. Louis CITY SC,Seattle Sounders FC,0,2,,,False,,False,Energizer Park,660062,
2023-10-21,2023,MLS,True,Vancouver Whitecaps,LAFC,1,1,,,False,,False,BC Place,660067,
2023-10-25,2023,MLS,True,Red Bull New York,Charlotte FC,5,2,,,False,,False,Sports Illustrated Stadium,689566,
2023-10-25,2023,MLS,True,Sporting Kansas City,San Jose Earthquakes,0,0,4.0,2.0,True,Sporting Kansas City,False,Children's Mercy Park,689567,
2023-10-28,2023,MLS,True,Philadelphia Union,New England Revolution,3,1,,,False,,False,Subaru Park,689598,
2023-10-28,2023,MLS,True,LAFC,Vancouver Whitecaps,5,2,,,False,,False,BMO Stadium,689607,
2023-10-29,2023,MLS,True,Houston Dynamo FC,Real Salt Lake,2,1,,,False,,False,Shell Energy Stadium,689610,
2023-10-29,2023,MLS,True,FC Cincinnati,Red Bull New York,3,0,,,False,,False,TQL Stadium,689589,
2023-10-29,2023,MLS,True,St. Louis CITY SC,Sporting Kansas City,1,4,,,False,,False,Energizer Park,689601,
2023-10-30,2023,MLS,True,Orlando City SC,Nashville SC,1,0,,,False,,False,Inter&Co Stadium,689592,
2023-10-30,2023,MLS,True,Seattle Sounders FC,FC Dallas,2,0,,,False,,False,Lumen Field,689604,
2023-11-01,2023,MLS,True,Columbus Crew,Atlanta United FC,2,0,,,False,,False,ScottsMiracle-Gro Field,689595,
2023-11-04,2023,MLS,True,Red Bull New York,FC Cincinnati,1,1,7.0,8.0,True,FC Cincinnati,False,Sports Illustrated Stadium,689590,
2023-11-04,2023,MLS,True,FC Dallas,Seattle Sounders FC,3,1,,,False,,False,Toyota Stadium,689605,
2023-11-05,2023,MLS,True,Sporting Kansas City,St. Louis CITY SC,2,1,,,False,,False,Children's Mercy Park,689602,
2023-11-05,2023,MLS,True,Vancouver Whitecaps,LAFC,0,1,,,False,,False,BC Place,689608,
2023-11-06,2023,MLS,True,Real Salt Lake,Houston Dynamo FC,1,1,5.0,4.0,True,Real Salt Lake,False,America First Field,689611,
2023-11-07,2023,MLS,True,Atlanta United FC,Columbus Crew,4,2,,,False,,False,Mercedes-Benz Stadium,689596,
2023-11-07,2023,MLS,True,Nashville SC,Orlando City SC,0,1,,,False,,False,GEODIS Park,689593,
2023-11-08,2023,MLS,True,New England Revolution,Philadelphia Union,0,1,,,False,,False,Gillette Stadium,689599,
2023-11-10,2023,MLS,True,Seattle Sounders FC,FC Dallas,1,0,,,False,,False,Lumen Field,689606,
2023-11-11,2023,MLS,True,Houston Dynamo FC,Real Salt Lake,1,1,4.0,3.0,True,Houston Dynamo FC,False,Shell Energy Stadium,689612,
2023-11-12,2023,MLS,True,Columbus Crew,Atlanta United FC,4,2,,,False,,False,ScottsMiracle-Gro Field,689597,
2023-11-25,2023,MLS,True,Orlando City SC,Columbus Crew,0,2,,,False,,False,Inter&Co Stadium,690126,
2023-11-25,2023,MLS,True,FC Cincinnati,Philadelphia Union,1,0,,,False,,False,TQL Stadium,690127,
2023-11-26,2023,MLS,True,Houston Dynamo FC,Sporting Kansas City,1,0,,,False,,False,Shell Energy Stadium,690128,
2023-11-26,2023,MLS,True,Seattle Sounders FC,LAFC,0,1,,,False,,False,Lumen Field,690129,
2023-12-02,2023,MLS,True,FC Cincinnati,Columbus Crew,2,3,,,False,,False,TQL Stadium,690343,
2023-12-02,2023,MLS,True,LAFC,Houston Dynamo FC,2,0,,,False,,False,BMO Stadium,690411,
2023-12-09,2023,MLS,True,Columbus Crew,LAFC,2,1,,,False,,False,ScottsMiracle-Gro Field,690611,
2024-02-21,2024,MLS,True,Inter Miami CF,Real Salt Lake,2,0,,,False,,False,Chase Stadium,692604,
2024-02-24,2024,MLS,True,Columbus Crew,Atlanta United FC,1,0,,,False,,False,ScottsMiracle-Gro Field,692605,
2024-02-24,2024,MLS,True,LAFC,Seattle Sounders FC,2,1,,,False,,False,BMO Stadium,692606,
2024-02-24,2024,MLS,True,Charlotte FC,New York City FC,1,0,,,False,,False,Bank of America Stadium,692608,
2024-02-24,2024,MLS,True,D.C. United,New England Revolution,3,1,,,False,,False,Audi Field,692609,
2024-02-24,2024,MLS,True,Orlando City SC,CF Montréal,0,0,,,False,,False,Inter&Co Stadium,692607,
2024-02-24,2024,MLS,True,Philadelphia Union,Chicago Fire FC,2,2,,,False,,False,Subaru Park,692610,
2024-02-24,2024,MLS,True,Austin FC,Minnesota United FC,1,2,,,False,,False,Q2 Stadium,692614,
2024-02-24,2024,MLS,True,FC Dallas,San Jose Earthquakes,2,1,,,False,,False,Toyota Stadium,692613,
2024-02-24,2024,MLS,True,Houston Dynamo FC,Sporting Kansas City,1,1,,,False,,False,Shell Energy Stadium,692611,
2024-02-24,2024,MLS,True,St. Louis CITY SC,Real Salt Lake,1,1,,,False,,False,Energizer Park,692612,
2024-02-24,2024,MLS,True,Portland Timbers,Colorado Rapids,4,1,,,False,,False,Providence Park,692615,
2024-02-25,2024,MLS,True,FC Cincinnati,Toronto FC,0,0,,,False,,False,TQL Stadium,692616,
2024-02-25,2024,MLS,True,Nashville SC,Red Bull New York,0,0,,,False,,False,GEODIS Park,692617,
2024-02-25,2024,MLS,True,LA Galaxy,Inter Miami CF,1,1,,,False,,False,Dignity Health Sports Park,692618,
2024-03-02,2024,MLS,True,Minnesota United FC,Columbus Crew,1,1,,,False,,False,Allianz Field,692620,
2024-03-02,2024,MLS,True,Real Salt Lake,LAFC,3,0,,,False,,False,America First Field,692621,
2024-03-02,2024,MLS,True,Inter Miami CF,Orlando City SC,5,0,,,False,,False,Chase Stadium,692622,
2024-03-02,2024,MLS,True,Vancouver Whitecaps,Charlotte FC,1,1,,,False,,False,BC Place,692619,
2024-03-02,2024,MLS,True,Chicago Fire FC,FC Cincinnati,1,2,,,False,,False,Soldier Field,692624,
2024-03-02,2024,MLS,True,FC Dallas,CF Montréal,1,2,,,False,,False,Toyota Stadium,692625,
2024-03-02,2024,MLS,True,Houston Dynamo FC,Red Bull New York,1,2,,,False,,False,Shell Energy Stadium,692627,
2024-03-02,2024,MLS,True,Sporting Kansas City,Philadelphia Union,1,1,,,False,,False,Children's Mercy Park,692626,
2024-03-02,2024,MLS,True,St. Louis CITY SC,New York City FC,2,0,,,False,,False,Energizer Park,692623,
2024-03-02,2024,MLS,True,Colorado Rapids,Nashville SC,1,1,,,False,,False,Dick's Sporting Goods Park,692628,
2024-03-02,2024,MLS,True,Portland Timbers,D.C. United,2,2,,,False,,False,Providence Park,692630,
2024-03-02,2024,MLS,True,San Jose Earthquakes,LA Galaxy,1,3,,,False,,False,PayPal Park,692629,
2024-03-02,2024,MLS,True,Seattle Sounders FC,Austin FC,0,0,,,False,,False,Lumen Field,692631,
2024-03-03,2024,MLS,True,New England Revolution,Toronto FC,0,1,,,False,,False,Gillette Stadium,692632,
2024-03-09,2024,MLS,True,New York City FC,Portland Timbers,1,2,,,False,,False,Yankee Stadium,692633,
2024-03-09,2024,MLS,True,Toronto FC,Charlotte FC,1,0,,,False,,False,BMO Field,692634,
2024-03-09,2024,MLS,True,Atlanta United FC,New England Revolution,4,1,,,False,,False,Mercedes-Benz Stadium,692635,
2024-03-09,2024,MLS,True,Columbus Crew,Chicago Fire FC,2,1,,,False,,False,ScottsMiracle-Gro Field,692637,
2024-03-09,2024,MLS,True,Orlando City SC,Minnesota United FC,2,3,,,False,,False,Inter&Co Stadium,692638,
2024-03-09,2024,MLS,True,Red Bull New York,FC Dallas,2,1,,,False,,False,Sports Illustrated Stadium,692639,
2024-03-09,2024,MLS,True,Austin FC,St. Louis CITY SC,2,2,,,False,,False,Q2 Stadium,692640,
2024-03-09,2024,MLS,True,Real Salt Lake,Colorado Rapids,1,2,,,False,,False,America First Field,692641,
2024-03-09,2024,MLS,True,LAFC,Sporting Kansas City,0,0,,,False,,False,BMO Stadium,692642,
2024-03-09,2024,MLS,True,San Jose Earthquakes,Vancouver Whitecaps,0,2,,,False,,False,PayPal Park,692643,
2024-03-10,2024,MLS,True,FC Cincinnati,D.C. United,0,0,,,False,,False,TQL Stadium,692644,
2024-03-10,2024,MLS,True,Nashville SC,LA Galaxy,2,2,,,False,,False,GEODIS Park,692645,
2024-03-10,2024,MLS,True,Inter Miami CF,CF Montréal,2,3,,,False,,False,Chase Stadium,692646,
2024-03-16,2024,MLS,True,Chicago Fire FC,CF Montréal,4,3,,,False,,False,Soldier Field,692647,
2024-03-16,2024,MLS,True,D.C. United,Inter Miami CF,1,3,,,False,,False,Audi Field,692648,
2024-03-16,2024,MLS,True,Seattle Sounders FC,Colorado Rapids,1,1,,,False,,False,Lumen Field,692649,
2024-03-16,2024,MLS,True,Columbus Crew,Red Bull New York,3,0,,,False,,False,ScottsMiracle-Gro Field,692650,
2024-03-16,2024,MLS,True,New York City FC,Toronto FC,2,1,,,False,,False,Yankee Stadium,692651,
2024-03-16,2024,MLS,True,Austin FC,Philadelphia Union,2,2,,,False,,False,Q2 Stadium,692652,
2024-03-16,2024,MLS,True,FC Dallas,Vancouver Whitecaps,1,3,,,False,,False,Toyota Stadium,692657,
2024-03-16,2024,MLS,True,Houston Dynamo FC,Portland Timbers,1,0,,,False,,False,Shell Energy Stadium,692656,
2024-03-16,2024,MLS,True,Minnesota United FC,LAFC,2,0,,,False,,False,Allianz Field,692653,
2024-03-16,2024,MLS,True,Nashville SC,Charlotte FC,2,1,,,False,,False,GEODIS Park,692655,
2024-03-16,2024,MLS,True,Sporting Kansas City,San Jose Earthquakes,2,1,,,False,,False,Children's Mercy Park,692654,
2024-03-16,2024,MLS,True,LA Galaxy,St. Louis CITY SC,3,3,,,False,,False,Dignity Health Sports Park,692658,
2024-03-17,2024,MLS,True,New England Revolution,FC Cincinnati,1,2,,,False,,False,Gillette Stadium,692659,
2024-03-17,2024,MLS,True,Atlanta United FC,Orlando City SC,2,0,,,False,,False,Mercedes-Benz Stadium,692660,
2024-03-23,2024,MLS,True,New England Revolution,Chicago Fire FC,1,1,,,False,,False,Gillette Stadium,692662,
2024-03-23,2024,MLS,True,Red Bull New York,Inter Miami CF,4,0,,,False,,False,Sports Illustrated Stadium,692663,
2024-03-23,2024,MLS,True,Charlotte FC,Columbus Crew,2,0,,,False,,False,Bank of America Stadium,692666,
2024-03-23,2024,MLS,True,FC Cincinnati,New York City FC,1,0,,,False,,False,TQL Stadium,692664,
2024-03-23,2024,MLS,True,Orlando City SC,Austin FC,2,0,,,False,,False,Inter&Co Stadium,692665,
2024-03-23,2024,MLS,True,Toronto FC,Atlanta United FC,2,0,,,False,,False,BMO Field,692667,
2024-03-23,2024,MLS,True,Vancouver Whitecaps,Real Salt Lake,1,2,,,False,,False,BC Place,692661,
2024-03-23,2024,MLS,True,Sporting Kansas City,LA Galaxy,2,3,,,False,,False,Children's Mercy Park,692668,
2024-03-23,2024,MLS,True,St. Louis CITY SC,D.C. United,2,2,,,False,,False,Energizer Park,692669,
2024-03-23,2024,MLS,True,Colorado Rapids,Houston Dynamo FC,0,1,,,False,,False,Dick's Sporting Goods Park,692670,
2024-03-23,2024,MLS,True,LAFC,Nashville SC,5,0,,,False,,False,BMO Stadium,692672,
2024-03-23,2024,MLS,True,Portland Timbers,Philadelphia Union,1,3,,,False,,False,Providence Park,692671,
2024-03-23,2024,MLS,True,San Jose Earthquakes,Seattle Sounders FC,3,2,,,False,,False,PayPal Park,692673,
2024-03-30,2024,MLS,True,Philadelphia Union,Minnesota United FC,2,0,,,False,,False,Subaru Park,692675,
2024-03-30,2024,MLS,True,Colorado Rapids,LAFC,3,2,,,False,,False,Dick's Sporting Goods Park,692676,
2024-03-30,2024,MLS,True,Charlotte FC,FC Cincinnati,1,1,,,False,,False,Bank of America Stadium,692681,
2024-03-30,2024,MLS,True,D.C. United,CF Montréal,1,0,,,False,,False,Audi Field,692680,
2024-03-30,2024,MLS,True,Inter Miami CF,New York City FC,1,1,,,False,,False,Chase Stadium,692679,
2024-03-30,2024,MLS,True,Orlando City SC,Red Bull New York,1,1,,,False,,False,Inter&Co Stadium,692678,
2024-03-30,2024,MLS,True,Toronto FC,Sporting Kansas City,1,3,,,False,,False,BMO Field,692677,
2024-03-30,2024,MLS,True,Austin FC,FC Dallas,2,1,,,False,,False,Q2 Stadium,692684,
2024-03-30,2024,MLS,True,Houston Dynamo FC,San Jose Earthquakes,2,1,,,False,,False,Shell Energy Stadium,692682,
2024-03-30,2024,MLS,True,Nashville SC,Columbus Crew,2,2,,,False,,False,GEODIS Park,692683,
2024-03-30,2024,MLS,True,Real Salt Lake,St. Louis CITY SC,3,1,,,False,,False,America First Field,692685,
2024-03-30,2024,MLS,True,LA Galaxy,Seattle Sounders FC,1,0,,,False,,False,Dignity Health Sports Park,692686,
2024-03-30,2024,MLS,True,Vancouver Whitecaps,Portland Timbers,3,2,,,False,,False,BC Place,692674,
2024-03-31,2024,MLS,True,Atlanta United FC,Chicago Fire FC,3,0,,,False,,False,Mercedes-Benz Stadium,692687,
2024-04-06,2024,MLS,True,Columbus Crew,D.C. United,1,1,,,False,,False,ScottsMiracle-Gro Field,692690,
2024-04-06,2024,MLS,True,FC Cincinnati,Red Bull New York,1,2,,,False,,False,TQL Stadium,692691,
2024-04-06,2024,MLS,True,Inter Miami CF,Colorado Rapids,2,2,,,False,,False,Chase Stadium,692692,
2024-04-06,2024,MLS,True,New England Revolution,Charlotte FC,1,0,,,False,,False,Gillette Stadium,692693,
2024-04-06,2024,MLS,True,New York City FC,Atlanta United FC,1,1,,,False,,False,Citi Field,692689,
2024-04-06,2024,MLS,True,Vancouver Whitecaps,Toronto FC,4,0,,,False,,False,BC Place,692688,
2024-04-06,2024,MLS,True,LAFC,LA Galaxy,2,1,,,False,,False,BMO Stadium,692694,
2024-04-06,2024,MLS,True,Austin FC,San Jose Earthquakes,4,3,,,False,,False,Q2 Stadium,692698,
2024-04-06,2024,MLS,True,Chicago Fire FC,Houston Dynamo FC,2,1,,,False,,False,Soldier Field,692697,
2024-04-06,2024,MLS,True,Minnesota United FC,Real Salt Lake,1,1,,,False,,False,Allianz Field,692696,
2024-04-06,2024,MLS,True,Nashville SC,Philadelphia Union,1,2,,,False,,False,GEODIS Park,692695,
2024-04-06,2024,MLS,True,St. Louis CITY SC,FC Dallas,0,0,,,False,,False,Energizer Park,692699,
2024-04-06,2024,MLS,True,Seattle Sounders FC,CF Montréal,5,0,,,False,,False,Lumen Field,692700,
2024-04-07,2024,MLS,True,Sporting Kansas City,Portland Timbers,3,3,,,False,,False,Children's Mercy Park,692701,
2024-04-13,2024,MLS,True,Portland Timbers,LAFC,2,2,,,False,,False,Providence Park,692703,
2024-04-13,2024,MLS,True,CF Montréal,FC Cincinnati,2,1,,,False,,False,Stade Saputo,692708,
2024-04-13,2024,MLS,True,Charlotte FC,Toronto FC,3,2,,,False,,False,Bank of America Stadium,692705,
2024-04-13,2024,MLS,True,D.C. United,Orlando City SC,2,3,,,False,,False,Audi Field,692707,
2024-04-13,2024,MLS,True,New York City FC,New England Revolution,2,0,,,False,,False,Yankee Stadium,692704,
2024-04-13,2024,MLS,True,Red Bull New York,Chicago Fire FC,0,0,,,False,,False,Sports Illustrated Stadium,692706,
2024-04-13,2024,MLS,True,FC Dallas,Seattle Sounders FC,0,0,,,False,,False,Toyota Stadium,692710,
2024-04-13,2024,MLS,True,Minnesota United FC,Houston Dynamo FC,1,2,,,False,,False,Allianz Field,692709,
2024-04-13,2024,MLS,True,Sporting Kansas City,Inter Miami CF,2,3,,,False,,False,Arrowhead Stadium,692711,
2024-04-13,2024,MLS,True,Real Salt Lake,Columbus Crew,0,0,,,False,,False,America First Field,692712,
2024-04-13,2024,MLS,True,San Jose Earthquakes,Colorado Rapids,0,3,,,False,,False,PayPal Park,692713,
2024-04-13,2024,MLS,True,Vancouver Whitecaps,LA Galaxy,1,3,,,False,,False,BC Place,692702,
2024-04-14,2024,MLS,True,Atlanta United FC,Philadelphia Union,2,2,,,False,,False,Mercedes-Benz Stadium,692714,
2024-04-14,2024,MLS,True,St. Louis CITY SC,Austin FC,1,0,,,False,,False,Energizer Park,692715,
2024-04-20,2024,MLS,True,Atlanta United FC,FC Cincinnati,1,2,,,False,,False,Mercedes-Benz Stadium,692719,
2024-04-20,2024,MLS,True,CF Montréal,Orlando City SC,2,2,,,False,,False,Stade Saputo,692717,
2024-04-20,2024,MLS,True,Columbus Crew,Portland Timbers,2,2,,,False,,False,ScottsMiracle-Gro Field,692721,
2024-04-20,2024,MLS,True,Inter Miami CF,Nashville SC,3,1,,,False,,False,Chase Stadium,692716,
2024-04-20,2024,MLS,True,New York City FC,D.C. United,2,0,,,False,,False,Citi Field,692720,
2024-04-20,2024,MLS,True,Toronto FC,New England Revolution,1,0,,,False,,False,BMO Field,692722,
2024-04-20,2024,MLS,True,Chicago Fire FC,Real Salt Lake,0,4,,,False,,False,Soldier Field,692723,
2024-04-20,2024,MLS,True,Houston Dynamo FC,Austin FC,0,1,,,False,,False,Shell Energy Stadium,692724,
2024-04-20,2024,MLS,True,Sporting Kansas City,St. Louis CITY SC,3,3,,,False,,False,Children's Mercy Park,692725,
2024-04-20,2024,MLS,True,Colorado Rapids,FC Dallas,2,1,,,False,,False,Dick's Sporting Goods Park,692726,
2024-04-20,2024,MLS,True,LAFC,Red Bull New York,2,2,,,False,,False,BMO Stadium,692728,
2024-04-20,2024,MLS,True,Seattle Sounders FC,Vancouver Whitecaps,0,2,,,False,,False,Lumen Field,692727,
2024-04-21,2024,MLS,True,Charlotte FC,Minnesota United FC,0,3,,,False,,False,Bank of America Stadium,692718,
2024-04-21,2024,MLS,True,LA Galaxy,San Jose Earthquakes,4,3,,,False,,False,Dignity Health Sports Park,692729,
2024-04-27,2024,MLS,True,Austin FC,LA Galaxy,2,0,,,False,,False,Q2 Stadium,692730,
2024-04-27,2024,MLS,True,Columbus Crew,CF Montréal,0,0,,,False,,False,ScottsMiracle-Gro Field,692734,
2024-04-27,2024,MLS,True,D.C. United,Seattle Sounders FC,2,1,,,False,,False,Audi Field,692736,
2024-04-27,2024,MLS,True,FC Cincinnati,Colorado Rapids,2,1,,,False,,False,TQL Stadium,692738,
2024-04-27,2024,MLS,True,New England Revolution,Inter Miami CF,1,4,,,False,,False,Gillette Stadium,692733,
2024-04-27,2024,MLS,True,New York City FC,Charlotte FC,2,1,,,False,,False,Yankee Stadium,692732,
2024-04-27,2024,MLS,True,Orlando City SC,Toronto FC,1,2,,,False,,False,Inter&Co Stadium,692737,
2024-04-27,2024,MLS,True,Philadelphia Union,Real Salt Lake,1,2,,,False,,False,Subaru Park,692735,
2024-04-27,2024,MLS,True,Red Bull New York,Vancouver Whitecaps,1,1,,,False,,False,Sports Illustrated Stadium,692731,
2024-04-27,2024,MLS,True,Chicago Fire FC,Atlanta United FC,0,0,,,False,,False,Soldier Field,692741,
2024-04-27,2024,MLS,True,FC Dallas,Houston Dynamo FC,2,0,,,False,,False,Toyota Stadium,692742,
2024-04-27,2024,MLS,True,Minnesota United FC,Sporting Kansas City,2,1,,,False,,False,Allianz Field,692739,
2024-04-27,2024,MLS,True,Nashville SC,San Jose Earthquakes,1,1,,,False,,False,GEODIS Park,692740,
2024-04-27,2024,MLS,True,LAFC,Portland Timbers,3,2,,,False,,False,BMO Stadium,692743,
2024-04-30,2024,MLS,True,Philadelphia Union,Seattle Sounders FC,2,3,,,False,,False,Subaru Park,692636,
2024-05-04,2024,MLS,True,Atlanta United FC,Minnesota United FC,1,2,,,False,,False,Mercedes-Benz Stadium,692745,
2024-05-04,2024,MLS,True,Charlotte FC,Portland Timbers,2,0,,,False,,False,Bank of America Stadium,692749,
2024-05-04,2024,MLS,True,D.C. United,Philadelphia Union,2,2,,,False,,False,Audi Field,692751,
2024-05-04,2024,MLS,True,Inter Miami CF,Red Bull New York,6,2,,,False,,False,Chase Stadium,692746,
2024-05-04,2024,MLS,True,Orlando City SC,FC Cincinnati,0,1,,,False,,False,Inter&Co Stadium,692748,
2024-05-04,2024,MLS,True,San Jose Earthquakes,LAFC,3,1,,,False,,False,Levi's Stadium,692747,
2024-05-04,2024,MLS,True,Toronto FC,FC Dallas,3,1,,,False,,False,BMO Field,692750,
2024-05-04,2024,MLS,True,Houston Dynamo FC,St. Louis CITY SC,0,0,,,False,,False,Shell Energy Stadium,692753,
2024-05-04,2024,MLS,True,Nashville SC,CF Montréal,4,1,,,False,,False,GEODIS Park,692752,
2024-05-04,2024,MLS,True,Chicago Fire FC,New England Revolution,0,1,,,False,,False,Soldier Field,692754,
2024-05-04,2024,MLS,True,Real Salt Lake,Sporting Kansas City,1,0,,,False,,False,America First Field,692755,
2024-05-04,2024,MLS,True,Vancouver Whitecaps,Austin FC,0,0,,,False,,False,BC Place,692744,
2024-05-05,2024,MLS,True,New York City FC,Colorado Rapids,0,2,,,False,,False,Citi Field,692756,
2024-05-05,2024,MLS,True,Seattle Sounders FC,LA Galaxy,0,0,,,False,,False,Lumen Field,692757,
2024-05-11,2024,MLS,True,Atlanta United FC,D.C. United,2,3,,,False,,False,Mercedes-Benz Stadium,692760,
2024-05-11,2024,MLS,True,CF Montréal,Inter Miami CF,2,3,,,False,,False,Stade Saputo,692759,
2024-05-11,2024,MLS,True,Charlotte FC,Nashville SC,1,0,,,False,,False,Bank of America Stadium,692758,
2024-05-11,2024,MLS,True,Philadelphia Union,Orlando City SC,2,3,,,False,,False,Subaru Park,692762,
2024-05-11,2024,MLS,True,Red Bull New York,New England Revolution,4,2,,,False,,False,Sports Illustrated Stadium,692763,
2024-05-11,2024,MLS,True,Toronto FC,New York City FC,2,3,,,False,,False,BMO Field,692761,
2024-05-11,2024,MLS,True,Columbus Crew,FC Cincinnati,1,2,,,False,,False,ScottsMiracle-Gro Field,692764,
2024-05-11,2024,MLS,True,FC Dallas,Austin FC,2,1,,,False,,False,Toyota Stadium,692767,
2024-05-11,2024,MLS,True,Sporting Kansas City,Houston Dynamo FC,1,2,,,False,,False,Children's Mercy Park,692765,
2024-05-11,2024,MLS,True,St. Louis CITY SC,Chicago Fire FC,3,1,,,False,,False,Energizer Park,692766,
2024-05-11,2024,MLS,True,Colorado Rapids,San Jose Earthquakes,2,3,,,False,,False,Dick's Sporting Goods Park,692768,
2024-05-11,2024,MLS,True,LA Galaxy,Real Salt Lake,2,2,,,False,,False,Dignity Health Sports Park,692770,
2024-05-11,2024,MLS,True,LAFC,Vancouver Whitecaps,3,0,,,False,,False,BMO Stadium,692769,
2024-05-12,2024,MLS,True,Portland Timbers,Seattle Sounders FC,1,2,,,False,,False,Providence Park,692771,
2024-05-15,2024,MLS,True,CF Montréal,Columbus Crew,1,3,,,False,,False,Stade Saputo,692776,
2024-05-15,2024,MLS,True,D.C. United,Red Bull New York,1,4,,,False,,False,Audi Field,692775,
2024-05-15,2024,MLS,True,FC Cincinnati,Atlanta United FC,1,0,,,False,,False,TQL Stadium,692772,
2024-05-15,2024,MLS,True,Orlando City SC,Inter Miami CF,0,0,,,False,,False,Inter&Co Stadium,692774,
2024-05-15,2024,MLS,True,Philadelphia Union,New York City FC,1,2,,,False,,False,Subaru Park,692773,
2024-05-15,2024,MLS,True,Austin FC,Houston Dynamo FC,1,0,,,False,,False,Q2 Stadium,692779,
2024-05-15,2024,MLS,True,Chicago Fire FC,Charlotte FC,0,1,,,False,,False,Soldier Field,692778,
2024-05-15,2024,MLS,True,Minnesota United FC,LA Galaxy,2,2,,,False,,False,Allianz Field,692780,
2024-05-15,2024,MLS,True,Nashville SC,Toronto FC,2,0,,,False,,False,GEODIS Park,692777,
2024-05-15,2024,MLS,True,St. Louis CITY SC,LAFC,0,2,,,False,,False,Energizer Park,692781,
2024-05-15,2024,MLS,True,Colorado Rapids,Vancouver Whitecaps,1,0,,,False,,False,Dick's Sporting Goods Park,692782,
2024-05-15,2024,MLS,True,Real Salt Lake,Seattle Sounders FC,2,0,,,False,,False,America First Field,692783,
2024-05-15,2024,MLS,True,Portland Timbers,San Jose Earthquakes,4,2,,,False,,False,Providence Park,692784,
2024-05-18,2024,MLS,True,Nashville SC,Atlanta United FC,1,1,,,False,,False,GEODIS Park,692785,
2024-05-18,2024,MLS,True,Charlotte FC,LA Galaxy,0,0,,,False,,False,Bank of America Stadium,692789,
2024-05-18,2024,MLS,True,FC Cincinnati,St. Louis CITY SC,3,1,,,False,,False,TQL Stadium,692791,
2024-05-18,2024,MLS,True,New England Revolution,Philadelphia Union,0,3,,,False,,False,Gillette Stadium,692790,
2024-05-18,2024,MLS,True,New York City FC,Red Bull New York,2,1,,,False,,False,Citi Field,692787,
2024-05-18,2024,MLS,True,Toronto FC,CF Montréal,5,1,,,False,,False,BMO Field,692788,
2024-05-18,2024,MLS,True,Inter Miami CF,D.C. United,1,0,,,False,,False,Chase Stadium,692786,
2024-05-18,2024,MLS,True,Austin FC,Sporting Kansas City,3,2,,,False,,False,Q2 Stadium,692794,
2024-05-18,2024,MLS,True,Chicago Fire FC,Columbus Crew,1,3,,,False,,False,Soldier Field,692793,
2024-05-18,2024,MLS,True,Houston Dynamo FC,FC Dallas,1,1,,,False,,False,Shell Energy Stadium,692792,
2024-05-18,2024,MLS,True,Minnesota United FC,Portland Timbers,2,1,,,False,,False,Allianz Field,692795,
2024-05-18,2024,MLS,True,Real Salt Lake,Colorado Rapids,5,3,,,False,,False,America First Field,692796,
2024-05-18,2024,MLS,True,San Jose Earthquakes,Orlando City SC,0,1,,,False,,False,PayPal Park,692798,
2024-05-18,2024,MLS,True,Seattle Sounders FC,Vancouver Whitecaps,1,1,,,False,,False,Lumen Field,692797,
2024-05-25,2024,MLS,True,Atlanta United FC,LAFC,0,1,,,False,,False,Mercedes-Benz Stadium,692802,
2024-05-25,2024,MLS,True,CF Montréal,Nashville SC,0,0,,,False,,False,Stade Saputo,692803,
2024-05-25,2024,MLS,True,Charlotte FC,Philadelphia Union,0,0,,,False,,False,Bank of America Stadium,692804,
2024-05-25,2024,MLS,True,D.C. United,Chicago Fire FC,1,1,,,False,,False,Audi Field,692805,
2024-05-25,2024,MLS,True,New England Revolution,New York City FC,0,1,,,False,,False,Gillette Stadium,692806,
2024-05-25,2024,MLS,True,Orlando City SC,Columbus Crew,0,2,,,False,,False,Inter&Co Stadium,692800,
2024-05-25,2024,MLS,True,Toronto FC,FC Cincinnati,3,4,,,False,,False,BMO Field,692801,
2024-05-25,2024,MLS,True,FC Dallas,Real Salt Lake,3,3,,,False,,False,Toyota Stadium,692808,
2024-05-25,2024,MLS,True,St. Louis CITY SC,Seattle Sounders FC,1,2,,,False,,False,Energizer Park,692807,
2024-05-25,2024,MLS,True,Colorado Rapids,Minnesota United FC,3,3,,,False,,False,Dick's Sporting Goods Park,692809,
2024-05-25,2024,MLS,True,LA Galaxy,Houston Dynamo FC,2,1,,,False,,False,Dignity Health Sports Park,692812,
2024-05-25,2024,MLS,True,Portland Timbers,Sporting Kansas City,2,1,,,False,,False,Providence Park,692811,
2024-05-25,2024,MLS,True,San Jose Earthquakes,Austin FC,1,1,,,False,,False,PayPal Park,692810,
2024-05-25,2024,MLS,True,Vancouver Whitecaps,Inter Miami CF,1,2,,,False,,False,BC Place,692799,
2024-05-29,2024,MLS,True,CF Montréal,D.C. United,4,2,,,False,,False,Stade Saputo,692813,
2024-05-29,2024,MLS,True,FC Cincinnati,Nashville SC,0,2,,,False,,False,TQL Stadium,692815,
2024-05-29,2024,MLS,True,Inter Miami CF,Atlanta United FC,1,3,,,False,,False,Chase Stadium,692818,
2024-05-29,2024,MLS,True,Philadelphia Union,Toronto FC,0,0,,,False,,False,Subaru Park,692817,
2024-05-29,2024,MLS,True,Red Bull New York,Charlotte FC,3,1,,,False,,False,Sports Illustrated Stadium,692814,
2024-05-29,2024,MLS,True,Austin FC,Portland Timbers,0,2,,,False,,False,Q2 Stadium,692820,
2024-05-29,2024,MLS,True,Chicago Fire FC,Orlando City SC,1,1,,,False,,False,Soldier Field,692819,
2024-05-29,2024,MLS,True,Houston Dynamo FC,Colorado Rapids,3,1,,,False,,False,Shell Energy Stadium,692822,
2024-05-29,2024,MLS,True,Sporting Kansas City,Vancouver Whitecaps,1,2,,,False,,False,Children's Mercy Park,692821,
2024-05-29,2024,MLS,True,LA Galaxy,FC Dallas,3,1,,,False,,False,Dignity Health Sports Park,692825,
2024-05-29,2024,MLS,True,Seattle Sounders FC,Real Salt Lake,1,1,,,False,,False,Lumen Field,692823,
2024-05-29,2024,MLS,True,LAFC,Minnesota United FC,2,0,,,False,,False,BMO Stadium,692824,
2024-05-31,2024,MLS,True,New York City FC,San Jose Earthquakes,5,1,,,False,,False,Yankee Stadium,692826,
2024-06-01,2024,MLS,True,D.C. United,Toronto FC,2,2,,,False,,False,Audi Field,692832,
2024-06-01,2024,MLS,True,Inter Miami CF,St. Louis CITY SC,3,3,,,False,,False,Chase Stadium,692831,
2024-06-01,2024,MLS,True,Philadelphia Union,CF Montréal,2,2,,,False,,False,Subaru Park,692828,
2024-06-01,2024,MLS,True,Red Bull New York,Orlando City SC,1,0,,,False,,False,Sports Illustrated Stadium,692830,
2024-06-01,2024,MLS,True,Chicago Fire FC,LA Galaxy,2,1,,,False,,False,Soldier Field,692835,
2024-06-01,2024,MLS,True,Minnesota United FC,Sporting Kansas City,3,1,,,False,,False,Allianz Field,692834,
2024-06-01,2024,MLS,True,Nashville SC,New England Revolution,1,2,,,False,,False,GEODIS Park,692833,
2024-06-01,2024,MLS,True,Real Salt Lake,Austin FC,5,1,,,False,,False,America First Field,692836,
2024-06-01,2024,MLS,True,LAFC,FC Dallas,1,0,,,False,,False,BMO Stadium,692838,
2024-06-01,2024,MLS,True,Portland Timbers,Houston Dynamo FC,2,2,,,False,,False,Providence Park,692837,
2024-06-01,2024,MLS,True,Vancouver Whitecaps,Colorado Rapids,2,1,,,False,,False,BC Place,692827,
2024-06-02,2024,MLS,True,Atlanta United FC,Charlotte FC,2,3,,,False,,False,Mercedes-Benz Stadium,692839,
2024-06-08,2024,MLS,True,New England Revolution,Red Bull New York,1,0,,,False,,False,Gillette Stadium,692840,
2024-06-08,2024,MLS,True,Minnesota United FC,FC Dallas,1,1,,,False,,False,Allianz Field,692841,
2024-06-08,2024,MLS,True,Sporting Kansas City,Seattle Sounders FC,2,1,,,False,,False,Children's Mercy Park,692842,
2024-06-08,2024,MLS,True,St. Louis CITY SC,Portland Timbers,0,0,,,False,,False,Energizer Park,692843,
2024-06-14,2024,MLS,True,New York City FC,Columbus Crew,2,3,,,False,,False,Yankee Stadium,692844,
2024-06-15,2024,MLS,True,Atlanta United FC,Houston Dynamo FC,2,2,,,False,,False,Mercedes-Benz Stadium,692848,
2024-06-15,2024,MLS,True,CF Montréal,Real Salt Lake,0,0,,,False,,False,Stade Saputo,692846,
2024-06-15,2024,MLS,True,Charlotte FC,D.C. United,1,0,,,False,,False,Bank of America Stadium,692845,
2024-06-15,2024,MLS,True,New England Revolution,Vancouver Whitecaps,3,2,,,False,,False,Gillette Stadium,692849,
2024-06-15,2024,MLS,True,Orlando City SC,LAFC,1,3,,,False,,False,Inter&Co Stadium,692851,
2024-06-15,2024,MLS,True,Philadelphia Union,Inter Miami CF,1,2,,,False,,False,Subaru Park,692852,
2024-06-15,2024,MLS,True,Red Bull New York,Nashville SC,0,0,,,False,,False,Sports Illustrated Stadium,692850,
2024-06-15,2024,MLS,True,Toronto FC,Chicago Fire FC,1,4,,,False,,False,BMO Field,692847,
2024-06-15,2024,MLS,True,FC Dallas,St. Louis CITY SC,2,0,,,False,,False,Toyota Stadium,692853,
2024-06-15,2024,MLS,True,Colorado Rapids,Austin FC,2,0,,,False,,False,Dick's Sporting Goods Park,692854,
2024-06-15,2024,MLS,True,LA Galaxy,Sporting Kansas City,4,2,,,False,,False,Dignity Health Sports Park,692855,
2024-06-15,2024,MLS,True,San Jose Earthquakes,FC Cincinnati,2,4,,,False,,False,PayPal Park,692856,
2024-06-15,2024,MLS,True,Seattle Sounders FC,Minnesota United FC,2,0,,,False,,False,Lumen Field,692857,
2024-06-19,2024,MLS,True,CF Montréal,Red Bull New York,2,2,,,False,,False,Stade Saputo,692862,
2024-06-19,2024,MLS,True,Charlotte FC,Orlando City SC,2,2,,,False,,False,Bank of America Stadium,692863,
2024-06-19,2024,MLS,True,D.C. United,Atlanta United FC,0,1,,,False,,False,Audi Field,692861,
2024-06-19,2024,MLS,True,Inter Miami CF,Columbus Crew,2,1,,,False,,False,Chase Stadium,692860,
2024-06-19,2024,MLS,True,Toronto FC,Nashville SC,1,2,,,False,,False,BMO Field,692859,
2024-06-19,2024,MLS,True,FC Cincinnati,Philadelphia Union,4,3,,,False,,False,TQL Stadium,692858,
2024-06-19,2024,MLS,True,Austin FC,LAFC,1,1,,,False,,False,Q2 Stadium,692868,
2024-06-19,2024,MLS,True,FC Dallas,Minnesota United FC,5,3,,,False,,False,Toyota Stadium,692866,
2024-06-19,2024,MLS,True,Houston Dynamo FC,Seattle Sounders FC,2,2,,,False,,False,Shell Energy Stadium,692865,
2024-06-19,2024,MLS,True,Sporting Kansas City,Real Salt Lake,3,4,,,False,,False,Children's Mercy Park,692864,
2024-06-19,2024,MLS,True,St. Louis CITY SC,Colorado Rapids,0,3,,,False,,False,Energizer Park,692867,
2024-06-19,2024,MLS,True,LA Galaxy,New York City FC,2,0,,,False,,False,Dignity Health Sports Park,692870,
2024-06-19,2024,MLS,True,San Jose Earthquakes,Portland Timbers,1,2,,,False,,False,PayPal Park,692869,
2024-06-22,2024,MLS,True,Columbus Crew,Sporting Kansas City,4,0,,,False,,False,ScottsMiracle-Gro Field,692873,
2024-06-22,2024,MLS,True,D.C. United,Houston Dynamo FC,1,4,,,False,,False,Audi Field,692872,
2024-06-22,2024,MLS,True,FC Cincinnati,New England Revolution,1,2,,,False,,False,TQL Stadium,692871,
2024-06-22,2024,MLS,True,Orlando City SC,Chicago Fire FC,4,2,,,False,,False,Inter&Co Stadium,692876,
2024-06-22,2024,MLS,True,Philadelphia Union,Charlotte FC,0,2,,,False,,False,Subaru Park,692874,
2024-06-22,2024,MLS,True,Red Bull New York,Toronto FC,3,0,,,False,,False,Sports Illustrated Stadium,692875,
2024-06-22,2024,MLS,True,Minnesota United FC,Austin FC,0,1,,,False,,False,Allianz Field,692878,
2024-06-22,2024,MLS,True,Nashville SC,New York City FC,1,0,,,False,,False,GEODIS Park,692877,
2024-06-22,2024,MLS,True,St. Louis CITY SC,Atlanta United FC,1,1,,,False,,False,Energizer Park,692879,
2024-06-22,2024,MLS,True,Colorado Rapids,CF Montréal,4,1,,,False,,False,Dick's Sporting Goods Park,692880,
2024-06-22,2024,MLS,True,Real Salt Lake,LA Galaxy,0,1,,,False,,False,America First Field,692881,
2024-06-22,2024,MLS,True,LAFC,San Jose Earthquakes,6,2,,,False,,False,BMO Stadium,692883,
2024-06-22,2024,MLS,True,Portland Timbers,Vancouver Whitecaps,2,0,,,False,,False,Providence Park,692882,
2024-06-22,2024,MLS,True,Seattle Sounders FC,FC Dallas,3,2,,,False,,False,Lumen Field,692884,
2024-06-28,2024,MLS,True,New York City FC,Orlando City SC,4,2,,,False,,False,Yankee Stadium,692885,
2024-06-29,2024,MLS,True,Atlanta United FC,Toronto FC,2,1,,,False,,False,Mercedes-Benz Stadium,692888,
2024-06-29,2024,MLS,True,CF Montréal,Philadelphia Union,4,2,,,False,,False,Stade Saputo,692890,
2024-06-29,2024,MLS,True,New England Revolution,Columbus Crew,1,5,,,False,,False,Gillette Stadium,692887,
2024-06-29,2024,MLS,True,Red Bull New York,D.C. United,2,2,,,False,,False,Sports Illustrated Stadium,692889,
2024-06-29,2024,MLS,True,FC Dallas,FC Cincinnati,0,1,,,False,,False,Toyota Stadium,692894,
2024-06-29,2024,MLS,True,Houston Dynamo FC,Charlotte FC,1,0,,,False,,False,Shell Energy Stadium,692893,
2024-06-29,2024,MLS,True,Nashville SC,Inter Miami CF,1,2,,,False,,False,GEODIS Park,692891,
2024-06-29,2024,MLS,True,Sporting Kansas City,Austin FC,2,0,,,False,,False,Children's Mercy Park,692892,
2024-06-29,2024,MLS,True,LAFC,Colorado Rapids,3,0,,,False,,False,BMO Stadium,692898,
2024-06-29,2024,MLS,True,Portland Timbers,Minnesota United FC,3,2,,,False,,False,Providence Park,692895,
2024-06-29,2024,MLS,True,San Jose Earthquakes,LA Galaxy,0,3,,,False,,False,Stanford Stadium,692897,
2024-06-29,2024,MLS,True,Seattle Sounders FC,Chicago Fire FC,2,1,,,False,,False,Lumen Field,692896,
2024-06-29,2024,MLS,True,Vancouver Whitecaps,St. Louis CITY SC,4,3,,,False,,False,BC Place,692886,
2024-07-03,2024,MLS,True,Charlotte FC,Inter Miami CF,1,2,,,False,,False,Bank of America Stadium,692904,
2024-07-03,2024,MLS,True,D.C. United,FC Cincinnati,2,3,,,False,,False,Audi Field,692903,
2024-07-03,2024,MLS,True,New York City FC,CF Montréal,2,0,,,False,,False,Citi Field,692901,
2024-07-03,2024,MLS,True,Toronto FC,Orlando City SC,1,2,,,False,,False,BMO Field,692900,
2024-07-03,2024,MLS,True,New England Revolution,Atlanta United FC,2,1,,,False,,False,Gillette Stadium,692899,
2024-07-03,2024,MLS,True,Chicago Fire FC,Philadelphia Union,4,3,,,False,,False,Soldier Field,692906,
2024-07-03,2024,MLS,True,Minnesota United FC,Vancouver Whitecaps,1,3,,,False,,False,Allianz Field,692905,
2024-07-03,2024,MLS,True,St. Louis CITY SC,San Jose Earthquakes,2,0,,,False,,False,Energizer Park,692907,
2024-07-03,2024,MLS,True,Columbus Crew,Nashville SC,2,0,,,False,,False,ScottsMiracle-Gro Field,692902,
2024-07-03,2024,MLS,True,Real Salt Lake,Houston Dynamo FC,3,2,,,False,,False,America First Field,692908,
2024-07-04,2024,MLS,True,FC Dallas,Portland Timbers,3,2,,,False,,False,Toyota Stadium,692909,
2024-07-04,2024,MLS,True,Colorado Rapids,Sporting Kansas City,2,1,,,False,,False,Dick's Sporting Goods Park,692910,
2024-07-04,2024,MLS,True,LA Galaxy,LAFC,1,2,,,False,,False,Rose Bowl,692911,
2024-07-06,2024,MLS,True,CF Montréal,Vancouver Whitecaps,1,1,,,False,,False,Stade Saputo,692913,
2024-07-06,2024,MLS,True,Columbus Crew,Toronto FC,4,0,,,False,,False,ScottsMiracle-Gro Field,692912,
2024-07-06,2024,MLS,True,FC Cincinnati,Inter Miami CF,6,1,,,False,,False,TQL Stadium,692914,
2024-07-06,2024,MLS,True,Orlando City SC,D.C. United,5,0,,,False,,False,Inter&Co Stadium,692915,
2024-07-06,2024,MLS,True,Philadelphia Union,Red Bull New York,0,0,,,False,,False,Subaru Park,692916,
2024-07-06,2024,MLS,True,Real Salt Lake,Atlanta United FC,5,2,,,False,,False,America First Field,692918,
2024-07-06,2024,MLS,True,Austin FC,New York City FC,2,1,,,False,,False,Q2 Stadium,692917,
2024-07-06,2024,MLS,True,Seattle Sounders FC,New England Revolution,2,0,,,False,,False,Lumen Field,692919,
2024-07-07,2024,MLS,True,San Jose Earthquakes,Chicago Fire FC,1,0,,,False,,False,PayPal Park,692920,
2024-07-07,2024,MLS,True,Sporting Kansas City,FC Dallas,3,2,,,False,,False,Children's Mercy Park,692922,
2024-07-07,2024,MLS,True,Colorado Rapids,St. Louis CITY SC,4,1,,,False,,False,Dick's Sporting Goods Park,692923,
2024-07-07,2024,MLS,True,LA Galaxy,Minnesota United FC,2,1,,,False,,False,Dignity Health Sports Park,692925,
2024-07-07,2024,MLS,True,Portland Timbers,Nashville SC,4,1,,,False,,False,Providence Park,692924,
2024-07-13,2024,MLS,True,CF Montréal,Atlanta United FC,1,0,,,False,,False,Stade Saputo,692928,
2024-07-13,2024,MLS,True,D.C. United,Nashville SC,2,1,,,False,,False,Audi Field,692927,
2024-07-13,2024,MLS,True,FC Cincinnati,Charlotte FC,1,3,,,False,,False,TQL Stadium,692929,
2024-07-13,2024,MLS,True,New England Revolution,Orlando City SC,1,3,,,False,,False,Gillette Stadium,692930,
2024-07-13,2024,MLS,True,Toronto FC,Philadelphia Union,2,1,,,False,,False,BMO Field,692926,
2024-07-13,2024,MLS,True,Austin FC,Seattle Sounders FC,0,1,,,False,,False,Q2 Stadium,692934,
2024-07-13,2024,MLS,True,Chicago Fire FC,New York City FC,0,0,,,False,,False,Soldier Field,692933,
2024-07-13,2024,MLS,True,FC Dallas,LA Galaxy,2,0,,,False,,False,Toyota Stadium,692932,
2024-07-13,2024,MLS,True,St. Louis CITY SC,Vancouver Whitecaps,1,4,,,False,,False,Energizer Park,692935,
2024-07-13,2024,MLS,True,Houston Dynamo FC,Minnesota United FC,1,1,,,False,,False,Shell Energy Stadium,692931,
2024-07-13,2024,MLS,True,Colorado Rapids,Red Bull New York,1,1,,,False,,False,Dick's Sporting Goods Park,692936,
2024-07-13,2024,MLS,True,Portland Timbers,Real Salt Lake,3,0,,,False,,False,Providence Park,692938,
2024-07-13,2024,MLS,True,LAFC,Columbus Crew,1,5,,,False,,False,BMO Stadium,692937,
2024-07-13,2024,MLS,True,San Jose Earthquakes,Sporting Kansas City,1,2,,,False,,False,PayPal Park,692939,
2024-07-17,2024,MLS,True,Atlanta United FC,New York City FC,2,2,,,False,,False,Mercedes-Benz Stadium,692943,
2024-07-17,2024,MLS,True,Columbus Crew,Charlotte FC,1,1,,,False,,False,ScottsMiracle-Gro Field,692941,
2024-07-17,2024,MLS,True,FC Cincinnati,Chicago Fire FC,0,1,,,False,,False,TQL Stadium,692942,
2024-07-17,2024,MLS,True,Inter Miami CF,Toronto FC,3,1,,,False,,False,Chase Stadium,692944,
2024-07-17,2024,MLS,True,Philadelphia Union,New England Revolution,5,1,,,False,,False,Subaru Park,692945,
2024-07-17,2024,MLS,True,Red Bull New York,CF Montréal,2,2,,,False,,False,Sports Illustrated Stadium,692940,
2024-07-17,2024,MLS,True,FC Dallas,Austin FC,3,1,,,False,,False,Toyota Stadium,692946,
2024-07-17,2024,MLS,True,Minnesota United FC,D.C. United,2,3,,,False,,False,Allianz Field,692948,
2024-07-17,2024,MLS,True,Nashville SC,Orlando City SC,0,3,,,False,,False,GEODIS Park,692947,
2024-07-17,2024,MLS,True,LA Galaxy,Colorado Rapids,3,2,,,False,,False,Dignity Health Sports Park,692952,
2024-07-17,2024,MLS,True,San Jose Earthquakes,Houston Dynamo FC,0,1,,,False,,False,PayPal Park,692951,
2024-07-17,2024,MLS,True,Seattle Sounders FC,St. Louis CITY SC,2,0,,,False,,False,Lumen Field,692950,
2024-07-17,2024,MLS,True,Vancouver Whitecaps,Sporting Kansas City,2,1,,,False,,False,BC Place,692949,
2024-07-17,2024,MLS,True,LAFC,Real Salt Lake,1,1,,,False,,False,BMO Stadium,692953,
2024-07-20,2024,MLS,True,Atlanta United FC,Columbus Crew,2,1,,,False,,False,Mercedes-Benz Stadium,692957,
2024-07-20,2024,MLS,True,CF Montréal,Toronto FC,0,1,,,False,,False,Stade Saputo,692955,
2024-07-20,2024,MLS,True,Inter Miami CF,Chicago Fire FC,2,1,,,False,,False,Chase Stadium,692956,
2024-07-20,2024,MLS,True,New England Revolution,FC Dallas,1,1,,,False,,False,Gillette Stadium,692960,
2024-07-20,2024,MLS,True,Orlando City SC,New York City FC,1,1,,,False,,False,Inter&Co Stadium,692959,
2024-07-20,2024,MLS,True,Philadelphia Union,Nashville SC,3,0,,,False,,False,Subaru Park,692958,
2024-07-20,2024,MLS,True,Red Bull New York,FC Cincinnati,3,1,,,False,,False,Sports Illustrated Stadium,692961,
2024-07-20,2024,MLS,True,Austin FC,Charlotte FC,2,2,,,False,,False,Q2 Stadium,692964,
2024-07-20,2024,MLS,True,Minnesota United FC,San Jose Earthquakes,2,0,,,False,,False,Allianz Field,692962,
2024-07-20,2024,MLS,True,Sporting Kansas City,St. Louis CITY SC,1,1,,,False,,False,Children's Mercy Park,692963,
2024-07-20,2024,MLS,True,Colorado Rapids,Real Salt Lake,3,2,,,False,,False,Dick's Sporting Goods Park,692965,
2024-07-20,2024,MLS,True,Seattle Sounders FC,LAFC,0,3,,,False,,False,Lumen Field,692966,
2024-07-20,2024,MLS,True,Vancouver Whitecaps,Houston Dynamo FC,3,4,,,False,,False,BC Place,692954,
2024-07-20,2024,MLS,True,LA Galaxy,Portland Timbers,3,2,,,False,,False,Dignity Health Sports Park,692967,
2024-07-24,2024,MLS,True,MLS All-Stars,Liga MX All-Stars,1,4,,,False,,False,ScottsMiracle-Gro Field,699799,
2024-08-24,2024,MLS,True,Minnesota United FC,Seattle Sounders FC,2,3,,,False,,False,Allianz Field,692968,
2024-08-24,2024,MLS,True,CF Montréal,New England Revolution,0,5,,,False,,False,Stade Saputo,692970,
2024-08-24,2024,MLS,True,Charlotte FC,Red Bull New York,1,1,,,False,,False,Bank of America Stadium,692971,
2024-08-24,2024,MLS,True,D.C. United,FC Dallas,3,4,,,False,,False,Audi Field,692972,
2024-08-24,2024,MLS,True,Inter Miami CF,FC Cincinnati,2,0,,,False,,False,Chase Stadium,692973,
2024-08-24,2024,MLS,True,New York City FC,Chicago Fire FC,2,2,,,False,,False,Citi Field,692974,
2024-08-24,2024,MLS,True,Houston Dynamo FC,Toronto FC,0,1,,,False,,False,Shell Energy Stadium,692977,
2024-08-24,2024,MLS,True,Nashville SC,Austin FC,0,2,,,False,,False,GEODIS Park,692976,
2024-08-24,2024,MLS,True,Sporting Kansas City,Orlando City SC,3,0,,,False,,False,Children's Mercy Park,692978,
2024-08-24,2024,MLS,True,Real Salt Lake,San Jose Earthquakes,0,2,,,False,,False,America First Field,692979,
2024-08-24,2024,MLS,True,LA Galaxy,Atlanta United FC,2,0,,,False,,False,Dignity Health Sports Park,692981,
2024-08-24,2024,MLS,True,Portland Timbers,St. Louis CITY SC,4,4,,,False,,False,Providence Park,692980,
2024-08-28,2024,MLS,True,Philadelphia Union,Columbus Crew,0,1,,,False,,False,Subaru Park,692975,
2024-08-31,2024,MLS,True,Charlotte FC,Atlanta United FC,0,1,,,False,,False,Bank of America Stadium,692987,
2024-08-31,2024,MLS,True,Columbus Crew,New York City FC,4,2,,,False,,False,ScottsMiracle-Gro Field,692984,
2024-08-31,2024,MLS,True,FC Cincinnati,CF Montréal,4,1,,,False,,False,TQL Stadium,692985,
2024-08-31,2024,MLS,True,Orlando City SC,Nashville SC,3,0,,,False,,False,Inter&Co Stadium,692983,
2024-08-31,2024,MLS,True,Red Bull New York,Philadelphia Union,0,2,,,False,,False,Sports Illustrated Stadium,692982,
2024-08-31,2024,MLS,True,Toronto FC,D.C. United,1,3,,,False,,False,BMO Field,692986,
2024-08-31,2024,MLS,True,Austin FC,Vancouver Whitecaps,0,1,,,False,,False,Q2 Stadium,692990,
2024-08-31,2024,MLS,True,Chicago Fire FC,Inter Miami CF,1,4,,,False,,False,Soldier Field,692989,
2024-08-31,2024,MLS,True,FC Dallas,Colorado Rapids,2,3,,,False,,False,Toyota Stadium,692988,
2024-08-31,2024,MLS,True,Real Salt Lake,New England Revolution,2,0,,,False,,False,America First Field,692991,
2024-08-31,2024,MLS,True,LAFC,Houston Dynamo FC,0,2,,,False,,False,BMO Stadium,692992,
2024-08-31,2024,MLS,True,Portland Timbers,Seattle Sounders FC,1,0,,,False,,False,Providence Park,692994,
2024-08-31,2024,MLS,True,San Jose Earthquakes,Minnesota United FC,1,2,,,False,,False,PayPal Park,692993,
2024-09-01,2024,MLS,True,St. Louis CITY SC,LA Galaxy,2,1,,,False,,False,Energizer Park,692995,
2024-09-07,2024,MLS,True,Columbus Crew,Seattle Sounders FC,0,4,,,False,,False,ScottsMiracle-Gro Field,692829,
2024-09-07,2024,MLS,True,New England Revolution,St. Louis CITY SC,2,2,,,False,,False,Gillette Stadium,692998,
2024-09-07,2024,MLS,True,Red Bull New York,Sporting Kansas City,1,1,,,False,,False,Sports Illustrated Stadium,692997,
2024-09-07,2024,MLS,True,Chicago Fire FC,D.C. United,1,2,,,False,,False,SeatGeek Stadium,692999,
2024-09-07,2024,MLS,True,Houston Dynamo FC,LAFC,0,0,,,False,,False,Shell Energy Stadium,692921,
2024-09-07,2024,MLS,True,Vancouver Whitecaps,FC Dallas,0,0,,,False,,False,BC Place,692996,
2024-09-14,2024,MLS,True,Atlanta United FC,Nashville SC,0,2,,,False,,False,Mercedes-Benz Stadium,693002,
2024-09-14,2024,MLS,True,CF Montréal,Charlotte FC,2,1,,,False,,False,Stade Saputo,693003,
2024-09-14,2024,MLS,True,D.C. United,New York City FC,1,1,,,False,,False,Audi Field,693005,
2024-09-14,2024,MLS,True,FC Cincinnati,Columbus Crew,0,0,,,False,,False,TQL Stadium,693007,
2024-09-14,2024,MLS,True,Inter Miami CF,Philadelphia Union,3,1,,,False,,False,Chase Stadium,693006,
2024-09-14,2024,MLS,True,Orlando City SC,New England Revolution,3,0,,,False,,False,Inter&Co Stadium,693001,
2024-09-14,2024,MLS,True,Toronto FC,Austin FC,2,1,,,False,,False,BMO Field,693004,
2024-09-14,2024,MLS,True,Chicago Fire FC,Red Bull New York,2,1,,,False,,False,Soldier Field,693009,
2024-09-14,2024,MLS,True,Houston Dynamo FC,Real Salt Lake,4,1,,,False,,False,Shell Energy Stadium,693008,
2024-09-14,2024,MLS,True,St. Louis CITY SC,Minnesota United FC,1,3,,,False,,False,Energizer Park,693010,
2024-09-14,2024,MLS,True,Colorado Rapids,Portland Timbers,2,1,,,False,,False,Dick's Sporting Goods Park,693011,
2024-09-14,2024,MLS,True,LA Galaxy,LAFC,4,2,,,False,,False,Dignity Health Sports Park,693012,
2024-09-14,2024,MLS,True,Vancouver Whitecaps,San Jose Earthquakes,2,0,,,False,,False,BC Place,693000,
2024-09-15,2024,MLS,True,Seattle Sounders FC,Sporting Kansas City,2,0,,,False,,False,Lumen Field,693013,
2024-09-18,2024,MLS,True,Atlanta United FC,Inter Miami CF,2,2,,,False,,False,Mercedes-Benz Stadium,693016,
2024-09-18,2024,MLS,True,New England Revolution,CF Montréal,2,2,,,False,,False,Gillette Stadium,693017,
2024-09-18,2024,MLS,True,New York City FC,Philadelphia Union,1,5,,,False,,False,Yankee Stadium,693014,
2024-09-18,2024,MLS,True,Toronto FC,Columbus Crew,0,2,,,False,,False,BMO Field,693015,
2024-09-18,2024,MLS,True,Orlando City SC,Charlotte FC,2,0,,,False,,False,Inter&Co Stadium,693018,
2024-09-18,2024,MLS,True,Houston Dynamo FC,Vancouver Whitecaps,1,1,,,False,,False,Shell Energy Stadium,693022,
2024-09-18,2024,MLS,True,Minnesota United FC,FC Cincinnati,1,2,,,False,,False,Allianz Field,693021,
2024-09-18,2024,MLS,True,Nashville SC,Chicago Fire FC,1,0,,,False,,False,GEODIS Park,693020,
2024-09-18,2024,MLS,True,Sporting Kansas City,Colorado Rapids,4,1,,,False,,False,Children's Mercy Park,693019,
2024-09-18,2024,MLS,True,Real Salt Lake,FC Dallas,3,2,,,False,,False,America First Field,693023,
2024-09-18,2024,MLS,True,LAFC,Austin FC,1,1,,,False,,False,BMO Stadium,693026,
2024-09-18,2024,MLS,True,Portland Timbers,LA Galaxy,4,2,,,False,,False,Providence Park,693025,
2024-09-18,2024,MLS,True,Seattle Sounders FC,San Jose Earthquakes,2,2,,,False,,False,Lumen Field,693024,
2024-09-21,2024,MLS,True,New York City FC,Inter Miami CF,1,1,,,False,,False,Yankee Stadium,693027,
2024-09-21,2024,MLS,True,Charlotte FC,New England Revolution,4,0,,,False,,False,Bank of America Stadium,693031,
2024-09-21,2024,MLS,True,CF Montréal,Chicago Fire FC,2,0,,,False,,False,Stade Saputo,693028,
2024-09-21,2024,MLS,True,Columbus Crew,Orlando City SC,4,3,,,False,,False,ScottsMiracle-Gro Field,693030,
2024-09-21,2024,MLS,True,Red Bull New York,Atlanta United FC,2,2,,,False,,False,Sports Illustrated Stadium,693029,
2024-09-21,2024,MLS,True,Austin FC,Houston Dynamo FC,0,1,,,False,,False,Q2 Stadium,693034,
2024-09-21,2024,MLS,True,FC Dallas,LAFC,3,1,,,False,,False,Toyota Stadium,693032,
2024-09-21,2024,MLS,True,Nashville SC,FC Cincinnati,2,2,,,False,,False,GEODIS Park,693035,
2024-09-21,2024,MLS,True,Sporting Kansas City,Minnesota United FC,0,2,,,False,,False,Children's Mercy Park,693033,
2024-09-21,2024,MLS,True,Colorado Rapids,Toronto FC,2,0,,,False,,False,Dick's Sporting Goods Park,693036,
2024-09-21,2024,MLS,True,Real Salt Lake,Portland Timbers,3,3,,,False,,False,America First Field,693037,
2024-09-21,2024,MLS,True,LA Galaxy,Vancouver Whitecaps,4,2,,,False,,False,Dignity Health Sports Park,693038,
2024-09-21,2024,MLS,True,San Jose Earthquakes,St. Louis CITY SC,1,2,,,False,,False,PayPal Park,693039,
2024-09-22,2024,MLS,True,Philadelphia Union,D.C. United,4,0,,,False,,False,Subaru Park,693040,
2024-09-28,2024,MLS,True,CF Montréal,San Jose Earthquakes,3,0,,,False,,False,Stade Saputo,693047,
2024-09-28,2024,MLS,True,D.C. United,Columbus Crew,2,2,,,False,,False,Audi Field,693048,
2024-09-28,2024,MLS,True,FC Cincinnati,LAFC,1,2,,,False,,False,TQL Stadium,693046,
2024-09-28,2024,MLS,True,Inter Miami CF,Charlotte FC,1,1,,,False,,False,Chase Stadium,693042,
2024-09-28,2024,MLS,True,New England Revolution,Nashville SC,1,0,,,False,,False,Gillette Stadium,693043,
2024-09-28,2024,MLS,True,Philadelphia Union,Atlanta United FC,1,1,,,False,,False,Subaru Park,693045,
2024-09-28,2024,MLS,True,Red Bull New York,New York City FC,1,5,,,False,,False,Sports Illustrated Stadium,693044,
2024-09-28,2024,MLS,True,Austin FC,Real Salt Lake,2,2,,,False,,False,Q2 Stadium,693052,
2024-09-28,2024,MLS,True,Chicago Fire FC,Toronto FC,1,1,,,False,,False,SeatGeek Stadium,693051,
2024-09-28,2024,MLS,True,FC Dallas,Orlando City SC,1,3,,,False,,False,Toyota Stadium,693049,
2024-09-28,2024,MLS,True,Minnesota United FC,Colorado Rapids,3,0,,,False,,False,Allianz Field,693050,
2024-09-28,2024,MLS,True,St. Louis CITY SC,Sporting Kansas City,3,1,,,False,,False,Energizer Park,693053,
2024-09-28,2024,MLS,True,Seattle Sounders FC,Houston Dynamo FC,1,0,,,False,,False,Lumen Field,693054,
2024-09-28,2024,MLS,True,Vancouver Whitecaps,Portland Timbers,1,1,,,False,,False,BC Place,693041,
2024-10-02,2024,MLS,True,Atlanta United FC,CF Montréal,1,2,,,False,,False,Mercedes-Benz Stadium,693058,
2024-10-02,2024,MLS,True,Charlotte FC,Chicago Fire FC,4,3,,,False,,False,Bank of America Stadium,693059,
2024-10-02,2024,MLS,True,New York City FC,FC Cincinnati,3,2,,,False,,False,Sports Illustrated Stadium,693055,
2024-10-02,2024,MLS,True,Orlando City SC,Philadelphia Union,2,1,,,False,,False,Inter&Co Stadium,693056,
2024-10-02,2024,MLS,True,Toronto FC,Red Bull New York,1,4,,,False,,False,BMO Field,693057,
2024-10-02,2024,MLS,True,Columbus Crew,Inter Miami CF,2,3,,,False,,False,ScottsMiracle-Gro Field,693060,
2024-10-02,2024,MLS,True,Houston Dynamo FC,New England Revolution,2,1,,,False,,False,Shell Energy Stadium,693062,
2024-10-02,2024,MLS,True,Nashville SC,D.C. United,3,4,,,False,,False,GEODIS Park,693061,
2024-10-02,2024,MLS,True,Colorado Rapids,LA Galaxy,1,3,,,False,,False,Dick's Sporting Goods Park,693063,
2024-10-02,2024,MLS,True,Real Salt Lake,Minnesota United FC,0,0,,,False,,False,America First Field,693064,
2024-10-02,2024,MLS,True,LAFC,St. Louis CITY SC,1,0,,,False,,False,BMO Stadium,693068,
2024-10-02,2024,MLS,True,Portland Timbers,Austin FC,0,1,,,False,,False,Providence Park,693066,
2024-10-02,2024,MLS,True,San Jose Earthquakes,FC Dallas,3,2,,,False,,False,PayPal Park,693067,
2024-10-02,2024,MLS,True,Vancouver Whitecaps,Seattle Sounders FC,0,3,,,False,,False,BC Place,693065,
2024-10-05,2024,MLS,True,Toronto FC,Inter Miami CF,0,1,,,False,,False,BMO Field,693075,
2024-10-05,2024,MLS,True,Atlanta United FC,Red Bull New York,2,1,,,False,,False,Mercedes-Benz Stadium,693072,
2024-10-05,2024,MLS,True,Charlotte FC,CF Montréal,2,0,,,False,,False,Bank of America Stadium,693073,
2024-10-05,2024,MLS,True,Columbus Crew,Philadelphia Union,3,2,,,False,,False,ScottsMiracle-Gro Field,693074,
2024-10-05,2024,MLS,True,FC Cincinnati,Orlando City SC,1,3,,,False,,False,TQL Stadium,693076,
2024-10-05,2024,MLS,True,New England Revolution,D.C. United,1,2,,,False,,False,Gillette Stadium,693070,
2024-10-05,2024,MLS,True,Vancouver Whitecaps,Minnesota United FC,0,1,,,False,,False,BC Place,693069,
2024-10-05,2024,MLS,True,Sporting Kansas City,LAFC,0,3,,,False,,False,Children's Mercy Park,693077,
2024-10-05,2024,MLS,True,St. Louis CITY SC,Houston Dynamo FC,3,0,,,False,,False,Energizer Park,693078,
2024-10-05,2024,MLS,True,Colorado Rapids,Seattle Sounders FC,0,1,,,False,,False,Dick's Sporting Goods Park,693079,
2024-10-05,2024,MLS,True,LA Galaxy,Austin FC,2,1,,,False,,False,Dignity Health Sports Park,693081,
2024-10-05,2024,MLS,True,San Jose Earthquakes,Real Salt Lake,0,1,,,False,,False,PayPal Park,693080,
2024-10-06,2024,MLS,True,New York City FC,Nashville SC,3,1,,,False,,False,Sports Illustrated Stadium,693071,
2024-10-06,2024,MLS,True,Portland Timbers,FC Dallas,0,0,,,False,,False,Providence Park,693082,
2024-10-12,2024,MLS,True,Columbus Crew,New England Revolution,4,0,,,False,,False,ScottsMiracle-Gro Field,692816,
2024-10-13,2024,MLS,True,Vancouver Whitecaps,LAFC,1,2,,,False,,False,BC Place,692969,
2024-10-19,2024,MLS,True,CF Montréal,New York City FC,2,0,,,False,,False,Stade Saputo,693085,
2024-10-19,2024,MLS,True,Chicago Fire FC,Nashville SC,0,3,,,False,,False,Soldier Field,693087,
2024-10-19,2024,MLS,True,D.C. United,Charlotte FC,0,3,,,False,,False,Audi Field,693088,
2024-10-19,2024,MLS,True,Inter Miami CF,New England Revolution,6,2,,,False,,False,Chase Stadium,693089,
2024-10-19,2024,MLS,True,Orlando City SC,Atlanta United FC,1,2,,,False,,False,Inter&Co Stadium,693083,
2024-10-19,2024,MLS,True,Philadelphia Union,FC Cincinnati,1,2,,,False,,False,Subaru Park,693084,
2024-10-19,2024,MLS,True,Red Bull New York,Columbus Crew,2,3,,,False,,False,Sports Illustrated Stadium,693086,
2024-10-19,2024,MLS,True,Austin FC,Colorado Rapids,3,2,,,False,,False,Q2 Stadium,693093,
2024-10-19,2024,MLS,True,FC Dallas,Sporting Kansas City,2,1,,,False,,False,Toyota Stadium,693094,
2024-10-19,2024,MLS,True,Houston Dynamo FC,LA Galaxy,2,1,,,False,,False,Shell Energy Stadium,693095,
2024-10-19,2024,MLS,True,LAFC,San Jose Earthquakes,3,1,,,False,,False,BMO Stadium,693092,
2024-10-19,2024,MLS,True,Minnesota United FC,St. Louis CITY SC,4,1,,,False,,False,Allianz Field,693091,
2024-10-19,2024,MLS,True,Real Salt Lake,Vancouver Whitecaps,2,1,,,False,,False,America First Field,693090,
2024-10-19,2024,MLS,True,Seattle Sounders FC,Portland Timbers,1,1,,,False,,False,Lumen Field,693096,
2024-10-22,2024,MLS,True,CF Montréal,Atlanta United FC,2,2,4.0,5.0,True,Atlanta United FC,False,Stade Saputo,722597,
2024-10-23,2024,MLS,True,Vancouver Whitecaps,Portland Timbers,5,0,,,False,,False,Providence Park,722598,
2024-10-25,2024,MLS,True,Inter Miami CF,Atlanta United FC,2,1,,,False,,False,Chase Stadium,722573,
2024-10-26,2024,MLS,True,LA Galaxy,Colorado Rapids,5,0,,,False,,False,Dignity Health Sports Park,722585,
2024-10-27,2024,MLS,True,Orlando City SC,Charlotte FC,2,0,,,False,,False,Inter&Co Stadium,722582,
2024-10-27,2024,MLS,True,LAFC,Vancouver Whitecaps,2,1,,,False,,False,BMO Stadium,722588,
2024-10-28,2024,MLS,True,FC Cincinnati,New York City FC,1,0,,,False,,False,TQL Stadium,722579,
2024-10-28,2024,MLS,True,Seattle Sounders FC,Houston Dynamo FC,0,0,5.0,4.0,True,Seattle Sounders FC,False,Lumen Field,722594,
2024-10-29,2024,MLS,True,Columbus Crew,Red Bull New York,0,1,,,False,,False,ScottsMiracle-Gro Field,722576,
2024-10-29,2024,MLS,True,Real Salt Lake,Minnesota United FC,0,0,4.0,5.0,True,Minnesota United FC,False,America First Field,722591,
2024-11-01,2024,MLS,True,Charlotte FC,Orlando City SC,0,0,3.0,1.0,True,Charlotte FC,False,Bank of America Stadium,722583,
2024-11-01,2024,MLS,True,Colorado Rapids,LA Galaxy,1,4,,,False,,False,Dick's Sporting Goods Park,722586,
2024-11-02,2024,MLS,True,New York City FC,FC Cincinnati,3,1,,,False,,False,Citi Field,722580,
2024-11-02,2024,MLS,True,Atlanta United FC,Inter Miami CF,2,1,,,False,,False,Mercedes-Benz Stadium,722574,
2024-11-02,2024,MLS,True,Minnesota United FC,Real Salt Lake,1,1,3.0,1.0,True,Minnesota United FC,False,Allianz Field,722592,
2024-11-03,2024,MLS,True,Red Bull New York,Columbus Crew,2,2,5.0,4.0,True,Red Bull New York,False,Sports Illustrated Stadium,722577,
2024-11-03,2024,MLS,True,Houston Dynamo FC,Seattle Sounders FC,1,1,6.0,7.0,True,Seattle Sounders FC,False,Shell Energy Stadium,722595,
2024-11-03,2024,MLS,True,Vancouver Whitecaps,LAFC,3,0,,,False,,False,BC Place,722589,
2024-11-08,2024,MLS,True,LAFC,Vancouver Whitecaps,1,0,,,False,,False,BMO Stadium,722590,
2024-11-09,2024,MLS,True,FC Cincinnati,New York City FC,0,0,5.0,6.0,True,New York City FC,False,TQL Stadium,722581,
2024-11-09,2024,MLS,True,Orlando City SC,Charlotte FC,1,1,4.0,1.0,True,Orlando City SC,False,Inter&Co Stadium,722584,
2024-11-09,2024,MLS,True,Inter Miami CF,Atlanta United FC,2,3,,,False,,False,Chase Stadium,722575,
2024-11-23,2024,MLS,True,New York City FC,Red Bull New York,0,2,,,False,,False,Citi Field,723376,
2024-11-23,2024,MLS,True,LAFC,Seattle Sounders FC,1,2,,,False,,False,BMO Stadium,723377,
2024-11-24,2024,MLS,True,Orlando City SC,Atlanta United FC,1,0,,,False,,False,Inter&Co Stadium,723378,
2024-11-24,2024,MLS,True,LA Galaxy,Minnesota United FC,6,2,,,False,,False,Dignity Health Sports Park,723379,
2024-11-30,2024,MLS,True,Orlando City SC,Red Bull New York,0,1,,,False,,False,Inter&Co Stadium,723756,
2024-11-30,2024,MLS,True,LA Galaxy,Seattle Sounders FC,1,0,,,False,,False,Dignity Health Sports Park,723757,
2024-12-07,2024,MLS,True,LA Galaxy,Red Bull New York,2,1,,,False,,False,Dignity Health Sports Park,723938,
2025-02-22,2025,MLS,True,LAFC,Minnesota United FC,1,0,,,False,,False,BMO Stadium,726800,
2025-02-22,2025,MLS,True,Atlanta United FC,CF Montréal,3,2,,,False,,False,Mercedes-Benz Stadium,726804,
2025-02-22,2025,MLS,True,Columbus Crew,Chicago Fire FC,4,2,,,False,,False,ScottsMiracle-Gro Field,726803,
2025-02-22,2025,MLS,True,D.C. United,Toronto FC,2,2,,,False,,False,Audi Field,726802,
2025-02-22,2025,MLS,True,FC Cincinnati,Red Bull New York,1,0,,,False,,False,TQL Stadium,726801,
2025-02-22,2025,MLS,True,Inter Miami CF,New York City FC,2,2,,,False,,False,Chase Stadium,726799,
2025-02-22,2025,MLS,True,Orlando City SC,Philadelphia Union,2,4,,,False,,False,Inter&Co Stadium,726805,
2025-02-22,2025,MLS,True,Austin FC,Sporting Kansas City,1,0,,,False,,False,Q2 Stadium,726807,
2025-02-22,2025,MLS,True,Houston Dynamo FC,FC Dallas,1,2,,,False,,False,Shell Energy Stadium,726809,
2025-02-22,2025,MLS,True,Nashville SC,New England Revolution,0,0,,,False,,False,GEODIS Park,726806,
2025-02-22,2025,MLS,True,St. Louis CITY SC,Colorado Rapids,0,0,,,False,,False,Energizer Park,726808,
2025-02-22,2025,MLS,True,San Jose Earthquakes,Real Salt Lake,4,0,,,False,,False,PayPal Park,726811,
2025-02-22,2025,MLS,True,Seattle Sounders FC,Charlotte FC,2,2,,,False,,False,Lumen Field,726810,
2025-02-23,2025,MLS,True,Portland Timbers,Vancouver Whitecaps,1,4,,,False,,False,Providence Park,726812,
2025-02-23,2025,MLS,True,LA Galaxy,San Diego FC,0,2,,,False,,False,Dignity Health Sports Park,726813,
2025-03-01,2025,MLS,True,Charlotte FC,Atlanta United FC,2,0,,,False,,False,Bank of America Stadium,726814,
2025-03-01,2025,MLS,True,Real Salt Lake,Seattle Sounders FC,2,0,,,False,,False,America First Field,726815,
2025-03-01,2025,MLS,True,New England Revolution,Columbus Crew,0,1,,,False,,False,Gillette Stadium,726818,
2025-03-01,2025,MLS,True,Orlando City SC,Toronto FC,4,2,,,False,,False,Inter&Co Stadium,726816,
2025-03-01,2025,MLS,True,Philadelphia Union,FC Cincinnati,4,1,,,False,,False,Subaru Park,726819,
2025-03-01,2025,MLS,True,Red Bull New York,Nashville SC,2,0,,,False,,False,Sports Illustrated Stadium,726817,
2025-03-01,2025,MLS,True,Chicago Fire FC,D.C. United,2,2,,,False,,False,Soldier Field,726821,
2025-03-01,2025,MLS,True,Minnesota United FC,CF Montréal,1,0,,,False,,False,Allianz Field,726822,
2025-03-01,2025,MLS,True,Sporting Kansas City,San Jose Earthquakes,1,2,,,False,,False,Children's Mercy Park,726820,
2025-03-01,2025,MLS,True,Colorado Rapids,FC Dallas,3,3,,,False,,False,Dick's Sporting Goods Park,726823,
2025-03-01,2025,MLS,True,LAFC,New York City FC,1,0,,,False,,False,BMO Stadium,726825,
2025-03-01,2025,MLS,True,Portland Timbers,Austin FC,1,0,,,False,,False,Providence Park,726826,
2025-03-01,2025,MLS,True,San Diego FC,St. Louis CITY SC,0,0,,,False,,False,Snapdragon Stadium,726824,
2025-03-02,2025,MLS,True,Vancouver Whitecaps,LA Galaxy,2,1,,,False,,False,BC Place,726827,
2025-03-02,2025,MLS,True,Houston Dynamo FC,Inter Miami CF,1,4,,,False,,False,Shell Energy Stadium,726828,
2025-03-08,2025,MLS,True,Columbus Crew,Houston Dynamo FC,0,0,,,False,,False,ScottsMiracle-Gro Field,726829,
2025-03-08,2025,MLS,True,Seattle Sounders FC,LAFC,5,2,,,False,,False,Lumen Field,726830,
2025-03-08,2025,MLS,True,Atlanta United FC,Red Bull New York,0,0,,,False,,False,Mercedes-Benz Stadium,726831,
2025-03-08,2025,MLS,True,D.C. United,Sporting Kansas City,2,1,,,False,,False,Audi Field,726834,
2025-03-08,2025,MLS,True,FC Cincinnati,Toronto FC,2,0,,,False,,False,TQL Stadium,726832,
2025-03-08,2025,MLS,True,New England Revolution,Philadelphia Union,0,2,,,False,,False,Gillette Stadium,726835,
2025-03-08,2025,MLS,True,New York City FC,Orlando City SC,2,1,,,False,,False,Yankee Stadium,726833,
2025-03-08,2025,MLS,True,Austin FC,Colorado Rapids,0,1,,,False,,False,Q2 Stadium,726838,
2025-03-08,2025,MLS,True,FC Dallas,Chicago Fire FC,1,3,,,False,,False,Toyota Stadium,726836,
2025-03-08,2025,MLS,True,Nashville SC,Portland Timbers,2,0,,,False,,False,GEODIS Park,726837,
2025-03-08,2025,MLS,True,Real Salt Lake,San Diego FC,1,3,,,False,,False,America First Field,726839,
2025-03-08,2025,MLS,True,Vancouver Whitecaps,CF Montréal,2,0,,,False,,False,BC Place,726840,
2025-03-08,2025,MLS,True,San Jose Earthquakes,Minnesota United FC,0,1,,,False,,False,PayPal Park,726841,
2025-03-09,2025,MLS,True,Inter Miami CF,Charlotte FC,1,0,,,False,,False,Chase Stadium,726842,
2025-03-09,2025,MLS,True,LA Galaxy,St. Louis CITY SC,0,3,,,False,,False,Dignity Health Sports Park,726843,
2025-03-15,2025,MLS,True,Red Bull New York,Orlando City SC,2,2,,,False,,False,Sports Illustrated Stadium,726844,
2025-03-15,2025,MLS,True,Toronto FC,Chicago Fire FC,1,2,,,False,,False,BMO Field,726845,
2025-03-15,2025,MLS,True,LAFC,Austin FC,0,1,,,False,,False,BMO Stadium,726846,
2025-03-15,2025,MLS,True,Charlotte FC,FC Cincinnati,2,0,,,False,,False,Bank of America Stadium,726847,
2025-03-15,2025,MLS,True,D.C. United,CF Montréal,0,0,,,False,,False,Audi Field,726848,
2025-03-15,2025,MLS,True,New York City FC,New England Revolution,2,1,,,False,,False,Yankee Stadium,726849,
2025-03-15,2025,MLS,True,Sporting Kansas City,Minnesota United FC,3,3,,,False,,False,Children's Mercy Park,726850,
2025-03-15,2025,MLS,True,FC Dallas,Vancouver Whitecaps,0,1,,,False,,False,Toyota Stadium,726853,
2025-03-15,2025,MLS,True,Houston Dynamo FC,Real Salt Lake,1,2,,,False,,False,Shell Energy Stadium,726852,
2025-03-15,2025,MLS,True,St. Louis CITY SC,Seattle Sounders FC,1,0,,,False,,False,Energizer Park,726851,
2025-03-15,2025,MLS,True,San Diego FC,Columbus Crew,1,1,,,False,,False,Snapdragon Stadium,726854,
2025-03-15,2025,MLS,True,San Jose Earthquakes,Colorado Rapids,1,2,,,False,,False,PayPal Park,726855,
2025-03-16,2025,MLS,True,Philadelphia Union,Nashville SC,1,3,,,False,,False,Subaru Park,726856,
2025-03-16,2025,MLS,True,Portland Timbers,LA Galaxy,1,1,,,False,,False,Providence Park,726857,
2025-03-16,2025,MLS,True,Atlanta United FC,Inter Miami CF,1,2,,,False,,False,Mercedes-Benz Stadium,726858,
2025-03-22,2025,MLS,True,FC Cincinnati,Atlanta United FC,2,2,,,False,,False,TQL Stadium,726859,
2025-03-22,2025,MLS,True,Minnesota United FC,LA Galaxy,2,2,,,False,,False,Allianz Field,726860,
2025-03-22,2025,MLS,True,Charlotte FC,San Jose Earthquakes,4,1,,,False,,False,Bank of America Stadium,726861,
2025-03-22,2025,MLS,True,Columbus Crew,New York City FC,0,0,,,False,,False,ScottsMiracle-Gro Field,726863,
2025-03-22,2025,MLS,True,Orlando City SC,D.C. United,4,1,,,False,,False,Inter&Co Stadium,726864,
2025-03-22,2025,MLS,True,Philadelphia Union,St. Louis CITY SC,1,0,,,False,,False,Subaru Park,726862,
2025-03-22,2025,MLS,True,Red Bull New York,Toronto FC,2,1,,,False,,False,Sports Illustrated Stadium,726865,
2025-03-22,2025,MLS,True,Nashville SC,CF Montréal,3,0,,,False,,False,GEODIS Park,726867,
2025-03-22,2025,MLS,True,Sporting Kansas City,LAFC,0,2,,,False,,False,Children's Mercy Park,726866,
2025-03-22,2025,MLS,True,Colorado Rapids,Portland Timbers,0,3,,,False,,False,Dick's Sporting Goods Park,726868,
2025-03-22,2025,MLS,True,Real Salt Lake,FC Dallas,0,1,,,False,,False,America First Field,726869,
2025-03-22,2025,MLS,True,Seattle Sounders FC,Houston Dynamo FC,0,0,,,False,,False,Lumen Field,726870,
2025-03-22,2025,MLS,True,Vancouver Whitecaps,Chicago Fire FC,1,3,,,False,,False,BC Place,726871,
2025-03-23,2025,MLS,True,Austin FC,San Diego FC,2,1,,,False,,False,Q2 Stadium,726872,
2025-03-29,2025,MLS,True,New England Revolution,Red Bull New York,2,1,,,False,,False,Gillette Stadium,726874,
2025-03-29,2025,MLS,True,Toronto FC,Vancouver Whitecaps,0,0,,,False,,False,BMO Field,726873,
2025-03-29,2025,MLS,True,Colorado Rapids,Charlotte FC,2,0,,,False,,False,Dick's Sporting Goods Park,726875,
2025-03-29,2025,MLS,True,Atlanta United FC,New York City FC,4,3,,,False,,False,Mercedes-Benz Stadium,726878,
2025-03-29,2025,MLS,True,D.C. United,Columbus Crew,1,2,,,False,,False,Audi Field,726877,
2025-03-29,2025,MLS,True,Inter Miami CF,Philadelphia Union,2,1,,,False,,False,Chase Stadium,726876,
2025-03-29,2025,MLS,True,Chicago Fire FC,CF Montréal,1,1,,,False,,False,Soldier Field,726880,
2025-03-29,2025,MLS,True,FC Dallas,Sporting Kansas City,2,1,,,False,,False,Toyota Stadium,726882,
2025-03-29,2025,MLS,True,Minnesota United FC,Real Salt Lake,2,0,,,False,,False,Allianz Field,726879,
2025-03-29,2025,MLS,True,Nashville SC,FC Cincinnati,1,2,,,False,,False,GEODIS Park,726881,
2025-03-29,2025,MLS,True,LA Galaxy,Orlando City SC,1,2,,,False,,False,Dignity Health Sports Park,726885,
2025-03-29,2025,MLS,True,San Diego FC,LAFC,3,2,,,False,,False,Snapdragon Stadium,726884,
2025-03-29,2025,MLS,True,San Jose Earthquakes,Seattle Sounders FC,1,1,,,False,,False,PayPal Park,726883,
2025-03-30,2025,MLS,True,St. Louis CITY SC,Austin FC,0,1,,,False,,False,Energizer Park,726886,
2025-03-30,2025,MLS,True,Portland Timbers,Houston Dynamo FC,3,1,,,False,,False,Providence Park,726887,
2025-04-05,2025,MLS,True,Charlotte FC,Nashville SC,2,1,,,False,,False,Bank of America Stadium,726888,
2025-04-05,2025,MLS,True,Real Salt Lake,LA Galaxy,2,0,,,False,,False,America First Field,726889,
2025-04-05,2025,MLS,True,Atlanta United FC,FC Dallas,1,1,,,False,,False,Mercedes-Benz Stadium,726894,
2025-04-05,2025,MLS,True,Columbus Crew,CF Montréal,2,1,,,False,,False,ScottsMiracle-Gro Field,726893,
2025-04-05,2025,MLS,True,FC Cincinnati,New England Revolution,1,0,,,False,,False,TQL Stadium,726892,
2025-04-05,2025,MLS,True,Philadelphia Union,Orlando City SC,0,0,,,False,,False,Subaru Park,726891,
2025-04-05,2025,MLS,True,Red Bull New York,Chicago Fire FC,2,1,,,False,,False,Sports Illustrated Stadium,726890,
2025-04-05,2025,MLS,True,Austin FC,Portland Timbers,0,0,,,False,,False,Q2 Stadium,726895,
2025-04-05,2025,MLS,True,Sporting Kansas City,St. Louis CITY SC,2,0,,,False,,False,Children's Mercy Park,726896,
2025-04-05,2025,MLS,True,Houston Dynamo FC,LAFC,1,0,,,False,,False,Shell Energy Stadium,726897,
2025-04-05,2025,MLS,True,Vancouver Whitecaps,Colorado Rapids,2,0,,,False,,False,BC Place,726898,
2025-04-05,2025,MLS,True,San Diego FC,Seattle Sounders FC,3,0,,,False,,False,Snapdragon Stadium,726899,
2025-04-06,2025,MLS,True,New York City FC,Minnesota United FC,1,2,,,False,,False,Yankee Stadium,726900,
2025-04-06,2025,MLS,True,San Jose Earthquakes,D.C. United,6,1,,,False,,False,PayPal Park,726902,
2025-04-06,2025,MLS,True,Inter Miami CF,Toronto FC,1,1,,,False,,False,Chase Stadium,726901,
2025-04-12,2025,MLS,True,Toronto FC,Minnesota United FC,0,0,,,False,,False,BMO Field,726903,
2025-04-12,2025,MLS,True,Atlanta United FC,New England Revolution,0,1,,,False,,False,Mercedes-Benz Stadium,726904,
2025-04-12,2025,MLS,True,Orlando City SC,Red Bull New York,0,0,,,False,,False,Inter&Co Stadium,726905,
2025-04-12,2025,MLS,True,CF Montréal,Charlotte FC,0,1,,,False,,False,Stade Saputo,726912,
2025-04-12,2025,MLS,True,D.C. United,FC Cincinnati,0,1,,,False,,False,Audi Field,726908,
2025-04-12,2025,MLS,True,New York City FC,Philadelphia Union,1,0,,,False,,False,Citi Field,726907,
2025-04-12,2025,MLS,True,Vancouver Whitecaps,Austin FC,5,1,,,False,,False,BC Place,726906,
2025-04-12,2025,MLS,True,FC Dallas,Seattle Sounders FC,0,1,,,False,,False,Toyota Stadium,726910,
2025-04-12,2025,MLS,True,Nashville SC,Real Salt Lake,2,1,,,False,,False,GEODIS Park,726909,
2025-04-12,2025,MLS,True,Colorado Rapids,San Diego FC,3,2,,,False,,False,Dick's Sporting Goods Park,726911,
2025-04-12,2025,MLS,True,LA Galaxy,Houston Dynamo FC,1,1,,,False,,False,Dignity Health Sports Park,726914,
2025-04-12,2025,MLS,True,LAFC,San Jose Earthquakes,2,1,,,False,,False,BMO Stadium,726913,
2025-04-13,2025,MLS,True,Sporting Kansas City,Portland Timbers,2,4,,,False,,False,Children's Mercy Park,726915,
2025-04-13,2025,MLS,True,Chicago Fire FC,Inter Miami CF,0,0,,,False,,False,Soldier Field,726916,
2025-04-13,2025,MLS,True,St. Louis CITY SC,Columbus Crew,1,2,,,False,,False,Energizer Park,726917,
2025-04-19,2025,MLS,True,Austin FC,LA Galaxy,1,0,,,False,,False,Q2 Stadium,726918,
2025-04-19,2025,MLS,True,Columbus Crew,Inter Miami CF,0,1,,,False,,False,Huntington Bank Field,726919,
2025-04-19,2025,MLS,True,CF Montréal,Orlando City SC,0,0,,,False,,False,Stade Saputo,726921,
2025-04-19,2025,MLS,True,Charlotte FC,San Diego FC,3,0,,,False,,False,Bank of America Stadium,726920,
2025-04-19,2025,MLS,True,New England Revolution,New York City FC,2,0,,,False,,False,Gillette Stadium,726925,
2025-04-19,2025,MLS,True,Philadelphia Union,Atlanta United FC,3,0,,,False,,False,Subaru Park,726923,
2025-04-19,2025,MLS,True,Red Bull New York,D.C. United,1,2,,,False,,False,Sports Illustrated Stadium,726924,
2025-04-19,2025,MLS,True,Seattle Sounders FC,Nashville SC,3,0,,,False,,False,Lumen Field,726922,
2025-04-19,2025,MLS,True,Chicago Fire FC,FC Cincinnati,2,3,,,False,,False,Soldier Field,726927,
2025-04-19,2025,MLS,True,Houston Dynamo FC,Colorado Rapids,2,2,,,False,,False,Shell Energy Stadium,726929,
2025-04-19,2025,MLS,True,Minnesota United FC,FC Dallas,0,0,,,False,,False,Allianz Field,726928,
2025-04-19,2025,MLS,True,St. Louis CITY SC,Vancouver Whitecaps,0,0,,,False,,False,Energizer Park,726926,
2025-04-19,2025,MLS,True,Real Salt Lake,Toronto FC,0,1,,,False,,False,America First Field,726930,
2025-04-19,2025,MLS,True,Portland Timbers,LAFC,3,3,,,False,,False,Providence Park,726931,
2025-04-19,2025,MLS,True,San Jose Earthquakes,Sporting Kansas City,3,5,,,False,,False,PayPal Park,726932,
2025-04-26,2025,MLS,True,FC Cincinnati,Sporting Kansas City,2,1,,,False,,False,TQL Stadium,726933,
2025-04-26,2025,MLS,True,Toronto FC,New York City FC,0,1,,,False,,False,BMO Field,726934,
2025-04-26,2025,MLS,True,Philadelphia Union,D.C. United,3,0,,,False,,False,Subaru Park,726936,
2025-04-26,2025,MLS,True,Red Bull New York,CF Montréal,1,0,,,False,,False,Sports Illustrated Stadium,726935,
2025-04-26,2025,MLS,True,Orlando City SC,Atlanta United FC,3,0,,,False,,False,Inter&Co Stadium,726937,
2025-04-26,2025,MLS,True,Charlotte FC,New England Revolution,0,1,,,False,,False,Bank of America Stadium,726940,
2025-04-26,2025,MLS,True,Columbus Crew,San Jose Earthquakes,2,1,,,False,,False,ScottsMiracle-Gro Field,726941,
2025-04-26,2025,MLS,True,San Diego FC,Real Salt Lake,1,3,,,False,,False,Snapdragon Stadium,726938,
2025-04-26,2025,MLS,True,Houston Dynamo FC,Austin FC,2,0,,,False,,False,Shell Energy Stadium,726942,
2025-04-26,2025,MLS,True,Nashville SC,Chicago Fire FC,7,2,,,False,,False,GEODIS Park,726943,
2025-04-26,2025,MLS,True,Colorado Rapids,Seattle Sounders FC,1,1,,,False,,False,Dick's Sporting Goods Park,726945,
2025-04-27,2025,MLS,True,Minnesota United FC,Vancouver Whitecaps,1,3,,,False,,False,Allianz Field,726944,
2025-04-27,2025,MLS,True,Inter Miami CF,FC Dallas,3,4,,,False,,False,Chase Stadium,726939,
2025-04-27,2025,MLS,True,LAFC,St. Louis CITY SC,2,2,,,False,,False,BMO Stadium,726947,
2025-04-27,2025,MLS,True,LA Galaxy,Portland Timbers,2,4,,,False,,False,Dignity Health Sports Park,726946,
2025-05-03,2025,MLS,True,Atlanta United FC,Nashville SC,1,1,,,False,,False,Mercedes-Benz Stadium,726948,
2025-05-03,2025,MLS,True,Toronto FC,New England Revolution,0,2,,,False,,False,BMO Field,726949,
2025-05-03,2025,MLS,True,CF Montréal,Philadelphia Union,1,2,,,False,,False,Stade Saputo,726950,
2025-05-03,2025,MLS,True,Columbus Crew,Charlotte FC,4,2,,,False,,False,ScottsMiracle-Gro Field,726952,
2025-05-03,2025,MLS,True,D.C. United,Colorado Rapids,2,1,,,False,,False,Audi Field,726953,
2025-05-03,2025,MLS,True,Inter Miami CF,Red Bull New York,4,1,,,False,,False,Chase Stadium,726951,
2025-05-03,2025,MLS,True,Austin FC,Minnesota United FC,0,3,,,False,,False,Q2 Stadium,726954,
2025-05-03,2025,MLS,True,Chicago Fire FC,Orlando City SC,0,0,,,False,,False,Soldier Field,726955,
2025-05-03,2025,MLS,True,San Diego FC,FC Dallas,5,0,,,False,,False,Snapdragon Stadium,726956,
2025-05-03,2025,MLS,True,Vancouver Whitecaps,Real Salt Lake,2,1,,,False,,False,BC Place,726957,
2025-05-03,2025,MLS,True,LAFC,Houston Dynamo FC,2,0,,,False,,False,BMO Stadium,726960,
2025-05-03,2025,MLS,True,San Jose Earthquakes,Portland Timbers,4,1,,,False,,False,PayPal Park,726958,
2025-05-03,2025,MLS,True,Seattle Sounders FC,St. Louis CITY SC,4,1,,,False,,False,Lumen Field,726959,
2025-05-04,2025,MLS,True,New York City FC,FC Cincinnati,1,0,,,False,,False,Citi Field,726961,
2025-05-04,2025,MLS,True,Sporting Kansas City,LA Galaxy,1,0,,,False,,False,Children's Mercy Park,726962,
2025-05-10,2025,MLS,True,Chicago Fire FC,Atlanta United FC,2,1,,,False,,False,Soldier Field,726963,
2025-05-10,2025,MLS,True,Minnesota United FC,Inter Miami CF,4,1,,,False,,False,Allianz Field,726965,
2025-05-10,2025,MLS,True,Toronto FC,D.C. United,2,0,,,False,,False,BMO Field,726964,
2025-05-10,2025,MLS,True,FC Cincinnati,Austin FC,2,1,,,False,,False,TQL Stadium,726967,
2025-05-10,2025,MLS,True,New York City FC,CF Montréal,0,1,,,False,,False,Yankee Stadium,726969,
2025-05-10,2025,MLS,True,Orlando City SC,New England Revolution,3,3,,,False,,False,Inter&Co Stadium,726968,
2025-05-10,2025,MLS,True,Philadelphia Union,Columbus Crew,2,2,,,False,,False,Subaru Park,726966,
2025-05-10,2025,MLS,True,Red Bull New York,LA Galaxy,7,0,,,False,,False,Sports Illustrated Stadium,726970,
2025-05-10,2025,MLS,True,FC Dallas,Real Salt Lake,1,1,,,False,,False,Toyota Stadium,726973,
2025-05-10,2025,MLS,True,Houston Dynamo FC,Seattle Sounders FC,1,3,,,False,,False,Shell Energy Stadium,726972,
2025-05-10,2025,MLS,True,Nashville SC,Charlotte FC,2,1,,,False,,False,GEODIS Park,726974,
2025-05-10,2025,MLS,True,St. Louis CITY SC,San Diego FC,1,2,,,False,,False,Energizer Park,726971,
2025-05-10,2025,MLS,True,Colorado Rapids,San Jose Earthquakes,0,2,,,False,,False,Dick's Sporting Goods Park,726975,
2025-05-10,2025,MLS,True,Portland Timbers,Sporting Kansas City,1,0,,,False,,False,Providence Park,726976,
2025-05-11,2025,MLS,True,Vancouver Whitecaps,LAFC,2,2,,,False,,False,BC Place,726977,
2025-05-14,2025,MLS,True,CF Montréal,Columbus Crew,1,1,,,False,,False,Stade Saputo,726979,
2025-05-14,2025,MLS,True,D.C. United,New York City FC,0,0,,,False,,False,Audi Field,726980,
2025-05-14,2025,MLS,True,Orlando City SC,Charlotte FC,3,1,,,False,,False,Inter&Co Stadium,726978,
2025-05-14,2025,MLS,True,Philadelphia Union,LA Galaxy,3,2,,,False,,False,Subaru Park,726981,
2025-05-14,2025,MLS,True,Toronto FC,FC Cincinnati,0,1,,,False,,False,BMO Field,726982,
2025-05-14,2025,MLS,True,Houston Dynamo FC,Minnesota United FC,2,0,,,False,,False,Shell Energy Stadium,726984,
2025-05-14,2025,MLS,True,Nashville SC,Red Bull New York,2,1,,,False,,False,GEODIS Park,726983,
2025-05-14,2025,MLS,True,St. Louis CITY SC,Sporting Kansas City,2,2,,,False,,False,Energizer Park,726986,
2025-05-14,2025,MLS,True,Austin FC,Atlanta United FC,1,1,,,False,,False,Q2 Stadium,726985,
2025-05-14,2025,MLS,True,Real Salt Lake,Portland Timbers,0,0,,,False,,False,America First Field,726987,
2025-05-14,2025,MLS,True,LAFC,Seattle Sounders FC,4,0,,,False,,False,BMO Stadium,726990,
2025-05-14,2025,MLS,True,San Diego FC,Colorado Rapids,2,0,,,False,,False,Snapdragon Stadium,726988,
2025-05-14,2025,MLS,True,San Jose Earthquakes,Inter Miami CF,3,3,,,False,,False,PayPal Park,726989,
2025-05-17,2025,MLS,True,CF Montréal,Toronto FC,1,6,,,False,,False,Stade Saputo,726991,
2025-05-17,2025,MLS,True,New York City FC,Red Bull New York,2,0,,,False,,False,Citi Field,726992,
2025-05-17,2025,MLS,True,Columbus Crew,FC Cincinnati,1,1,,,False,,False,ScottsMiracle-Gro Field,726993,
2025-05-17,2025,MLS,True,Atlanta United FC,Philadelphia Union,0,1,,,False,,False,Mercedes-Benz Stadium,726994,
2025-05-17,2025,MLS,True,Charlotte FC,Chicago Fire FC,1,4,,,False,,False,Bank of America Stadium,726995,
2025-05-17,2025,MLS,True,New England Revolution,San Jose Earthquakes,0,0,,,False,,False,Gillette Stadium,726996,
2025-05-17,2025,MLS,True,Austin FC,Vancouver Whitecaps,0,0,,,False,,False,Q2 Stadium,726998,
2025-05-17,2025,MLS,True,Minnesota United FC,St. Louis CITY SC,3,0,,,False,,False,Allianz Field,727000,
2025-05-17,2025,MLS,True,Nashville SC,D.C. United,0,0,,,False,,False,GEODIS Park,726999,
2025-05-17,2025,MLS,True,FC Dallas,Houston Dynamo FC,0,2,,,False,,False,Toyota Stadium,726997,
2025-05-17,2025,MLS,True,Colorado Rapids,Real Salt Lake,1,0,,,False,,False,Dick's Sporting Goods Park,727001,
2025-05-17,2025,MLS,True,Portland Timbers,Seattle Sounders FC,1,1,,,False,,False,Providence Park,727002,
2025-05-17,2025,MLS,True,San Diego FC,Sporting Kansas City,0,0,,,False,,False,Snapdragon Stadium,727003,
2025-05-18,2025,MLS,True,Inter Miami CF,Orlando City SC,0,3,,,False,,False,Chase Stadium,727004,
2025-05-18,2025,MLS,True,LA Galaxy,LAFC,2,2,,,False,,False,Dignity Health Sports Park,727005,
2025-05-24,2025,MLS,True,Seattle Sounders FC,FC Dallas,1,0,,,False,,False,Lumen Field,727006,
2025-05-24,2025,MLS,True,San Diego FC,LA Galaxy,2,1,,,False,,False,Snapdragon Stadium,727007,
2025-05-24,2025,MLS,True,CF Montréal,LAFC,2,2,,,False,,False,Stade Saputo,727008,
2025-05-24,2025,MLS,True,Charlotte FC,Columbus Crew,3,2,,,False,,False,Bank of America Stadium,727009,
2025-05-24,2025,MLS,True,D.C. United,Red Bull New York,0,2,,,False,,False,Audi Field,727010,
2025-05-24,2025,MLS,True,Orlando City SC,Portland Timbers,1,0,,,False,,False,Inter&Co Stadium,727011,
2025-05-24,2025,MLS,True,Philadelphia Union,Inter Miami CF,3,3,,,False,,False,Subaru Park,727012,
2025-05-24,2025,MLS,True,Toronto FC,Nashville SC,1,2,,,False,,False,BMO Field,727013,
2025-05-24,2025,MLS,True,Minnesota United FC,Austin FC,1,1,,,False,,False,Allianz Field,727015,
2025-05-24,2025,MLS,True,Sporting Kansas City,New England Revolution,3,3,,,False,,False,Children's Mercy Park,727014,
2025-05-24,2025,MLS,True,Colorado Rapids,St. Louis CITY SC,1,0,,,False,,False,Dick's Sporting Goods Park,727016,
2025-05-24,2025,MLS,True,Real Salt Lake,Vancouver Whitecaps,2,3,,,False,,False,America First Field,727017,
2025-05-24,2025,MLS,True,San Jose Earthquakes,Houston Dynamo FC,3,3,,,False,,False,PayPal Park,727018,
2025-05-25,2025,MLS,True,New York City FC,Chicago Fire FC,3,1,,,False,,False,Yankee Stadium,727019,
2025-05-25,2025,MLS,True,Atlanta United FC,FC Cincinnati,4,2,,,False,,False,Mercedes-Benz Stadium,727020,
2025-05-28,2025,MLS,True,Atlanta United FC,Orlando City SC,3,2,,,False,,False,Mercedes-Benz Stadium,727021,
2025-05-28,2025,MLS,True,D.C. United,New England Revolution,1,1,,,False,,False,Audi Field,727023,
2025-05-28,2025,MLS,True,FC Cincinnati,FC Dallas,3,3,,,False,,False,TQL Stadium,727024,
2025-05-28,2025,MLS,True,Inter Miami CF,CF Montréal,4,2,,,False,,False,Chase Stadium,727022,
2025-05-28,2025,MLS,True,New York City FC,Houston Dynamo FC,0,3,,,False,,False,Yankee Stadium,727025,
2025-05-28,2025,MLS,True,Red Bull New York,Charlotte FC,4,2,,,False,,False,Sports Illustrated Stadium,727027,
2025-05-28,2025,MLS,True,Toronto FC,Philadelphia Union,1,2,,,False,,False,BMO Field,727026,
2025-05-28,2025,MLS,True,Columbus Crew,Nashville SC,2,2,,,False,,False,ScottsMiracle-Gro Field,727028,
2025-05-28,2025,MLS,True,Austin FC,Real Salt Lake,1,1,,,False,,False,Q2 Stadium,727029,
2025-05-28,2025,MLS,True,Seattle Sounders FC,San Diego FC,1,0,,,False,,False,Lumen Field,727030,
2025-05-28,2025,MLS,True,LA Galaxy,San Jose Earthquakes,0,1,,,False,,False,Dignity Health Sports Park,727031,
2025-05-28,2025,MLS,True,Portland Timbers,Colorado Rapids,2,1,,,False,,False,Providence Park,727032,
2025-05-28,2025,MLS,True,Vancouver Whitecaps,Minnesota United FC,0,0,,,False,,False,BC Place,727033,
2025-05-31,2025,MLS,True,St. Louis CITY SC,San Jose Earthquakes,2,1,,,False,,False,Energizer Park,727035,
2025-05-31,2025,MLS,True,Nashville SC,New York City FC,2,2,,,False,,False,GEODIS Park,727036,
2025-05-31,2025,MLS,True,CF Montréal,New England Revolution,0,3,,,False,,False,Stade Saputo,727039,
2025-05-31,2025,MLS,True,FC Cincinnati,D.C. United,1,2,,,False,,False,TQL Stadium,727041,
2025-05-31,2025,MLS,True,Inter Miami CF,Columbus Crew,5,1,,,False,,False,Chase Stadium,727040,
2025-05-31,2025,MLS,True,Orlando City SC,Chicago Fire FC,1,3,,,False,,False,Inter&Co Stadium,727038,
2025-05-31,2025,MLS,True,Red Bull New York,Atlanta United FC,2,0,,,False,,False,Sports Illustrated Stadium,727037,
2025-05-31,2025,MLS,True,Toronto FC,Charlotte FC,0,2,,,False,,False,BMO Field,727042,
2025-05-31,2025,MLS,True,FC Dallas,Philadelphia Union,0,0,,,False,,False,Toyota Stadium,727043,
2025-05-31,2025,MLS,True,Houston Dynamo FC,Sporting Kansas City,1,3,,,False,,False,Shell Energy Stadium,727044,
2025-05-31,2025,MLS,True,LA Galaxy,Real Salt Lake,2,0,,,False,,False,Dignity Health Sports Park,727047,
2025-05-31,2025,MLS,True,San Diego FC,Austin FC,2,0,,,False,,False,Snapdragon Stadium,727048,
2025-06-01,2025,MLS,True,Seattle Sounders FC,Minnesota United FC,2,3,,,False,,False,Lumen Field,727049,
2025-06-07,2025,MLS,True,D.C. United,Chicago Fire FC,1,7,,,False,,False,Audi Field,727050,
2025-06-07,2025,MLS,True,Colorado Rapids,Austin FC,0,2,,,False,,False,Dick's Sporting Goods Park,727051,
2025-06-08,2025,MLS,True,Portland Timbers,St. Louis CITY SC,2,1,,,False,,False,Providence Park,727052,
2025-06-08,2025,MLS,True,LAFC,Sporting Kansas City,3,1,,,False,,False,BMO Stadium,727034,
2025-06-08,2025,MLS,True,Vancouver Whitecaps,Seattle Sounders FC,3,0,,,False,,False,BC Place,727053,
2025-06-12,2025,MLS,True,New York City FC,Atlanta United FC,4,0,,,False,,False,Yankee Stadium,727054,
2025-06-13,2025,MLS,True,Portland Timbers,San Jose Earthquakes,1,1,,,False,,False,Providence Park,727056,
2025-06-14,2025,MLS,True,St. Louis CITY SC,LA Galaxy,3,3,,,False,,False,Energizer Park,727057,
2025-06-14,2025,MLS,True,Columbus Crew,Vancouver Whitecaps,2,1,,,False,,False,ScottsMiracle-Gro Field,727060,
2025-06-14,2025,MLS,True,New England Revolution,FC Cincinnati,0,1,,,False,,False,Gillette Stadium,727059,
2025-06-14,2025,MLS,True,Philadelphia Union,Charlotte FC,2,1,,,False,,False,Subaru Park,727058,
2025-06-14,2025,MLS,True,Austin FC,Red Bull New York,2,1,,,False,,False,Q2 Stadium,727062,
2025-06-14,2025,MLS,True,Chicago Fire FC,Nashville SC,0,2,,,False,,False,Soldier Field,727063,
2025-06-14,2025,MLS,True,Houston Dynamo FC,CF Montréal,1,3,,,False,,False,Shell Energy Stadium,727064,
2025-06-14,2025,MLS,True,Minnesota United FC,San Diego FC,2,4,,,False,,False,Allianz Field,727061,
2025-06-14,2025,MLS,True,Sporting Kansas City,FC Dallas,2,4,,,False,,False,Children's Mercy Park,727065,
2025-06-14,2025,MLS,True,Colorado Rapids,Orlando City SC,0,1,,,False,,False,Dick's Sporting Goods Park,727066,
2025-06-14,2025,MLS,True,Real Salt Lake,D.C. United,2,0,,,False,,False,America First Field,727067,
2025-06-25,2025,MLS,True,CF Montréal,FC Cincinnati,1,3,,,False,,False,Stade Saputo,727070,
2025-06-25,2025,MLS,True,Columbus Crew,Atlanta United FC,3,1,,,False,,False,ScottsMiracle-Gro Field,727069,
2025-06-25,2025,MLS,True,New England Revolution,Nashville SC,2,3,,,False,,False,Gillette Stadium,727071,
2025-06-25,2025,MLS,True,Toronto FC,Red Bull New York,1,1,,,False,,False,BMO Field,727068,
2025-06-25,2025,MLS,True,Chicago Fire FC,Philadelphia Union,0,1,,,False,,False,Soldier Field,727075,
2025-06-25,2025,MLS,True,Minnesota United FC,Houston Dynamo FC,3,1,,,False,,False,Allianz Field,727074,
2025-06-25,2025,MLS,True,Sporting Kansas City,Charlotte FC,2,1,,,False,,False,Children's Mercy Park,727073,
2025-06-25,2025,MLS,True,St. Louis CITY SC,Orlando City SC,2,4,,,False,,False,Energizer Park,727072,
2025-06-25,2025,MLS,True,Colorado Rapids,LA Galaxy,2,0,,,False,,False,Dick's Sporting Goods Park,727078,
2025-06-25,2025,MLS,True,FC Dallas,San Jose Earthquakes,2,4,,,False,,False,Toyota Stadium,727076,
2025-06-25,2025,MLS,True,Vancouver Whitecaps,San Diego FC,3,5,,,False,,False,BC Place,727079,
2025-06-28,2025,MLS,True,CF Montréal,New York City FC,1,0,,,False,,False,Stade Saputo,727080,
2025-06-28,2025,MLS,True,D.C. United,Nashville SC,0,1,,,False,,False,Audi Field,727081,
2025-06-28,2025,MLS,True,New England Revolution,Colorado Rapids,3,3,,,False,,False,Gillette Stadium,727083,
2025-06-28,2025,MLS,True,Orlando City SC,FC Cincinnati,1,2,,,False,,False,Inter&Co Stadium,727085,
2025-06-28,2025,MLS,True,Red Bull New York,Minnesota United FC,2,2,,,False,,False,Sports Illustrated Stadium,727084,
2025-06-28,2025,MLS,True,Toronto FC,Portland Timbers,3,0,,,False,,False,BMO Field,727086,
2025-06-28,2025,MLS,True,Chicago Fire FC,Charlotte FC,3,2,,,False,,False,Soldier Field,727088,
2025-06-28,2025,MLS,True,FC Dallas,San Diego FC,2,3,,,False,,False,Toyota Stadium,727090,
2025-06-28,2025,MLS,True,Houston Dynamo FC,St. Louis CITY SC,1,0,,,False,,False,Shell Energy Stadium,727089,
2025-06-28,2025,MLS,True,Sporting Kansas City,Real Salt Lake,1,1,,,False,,False,Children's Mercy Park,727087,
2025-06-28,2025,MLS,True,San Jose Earthquakes,LA Galaxy,1,1,,,False,,False,Stanford Stadium,727092,
2025-06-28,2025,MLS,True,Seattle Sounders FC,Austin FC,2,0,,,False,,False,Lumen Field,727091,
2025-06-29,2025,MLS,True,Columbus Crew,Philadelphia Union,1,0,,,False,,False,ScottsMiracle-Gro Field,727094,
2025-06-29,2025,MLS,True,LAFC,Vancouver Whitecaps,0,1,,,False,,False,BMO Stadium,727093,
2025-07-03,2025,MLS,True,New York City FC,Toronto FC,3,1,,,False,,False,Yankee Stadium,727095,
2025-07-04,2025,MLS,True,FC Dallas,Minnesota United FC,1,2,,,False,,False,Toyota Stadium,727096,
2025-07-04,2025,MLS,True,Colorado Rapids,Sporting Kansas City,1,2,,,False,,False,Dick's Sporting Goods Park,727097,
2025-07-04,2025,MLS,True,LA Galaxy,Vancouver Whitecaps,3,0,,,False,,False,Dignity Health Sports Park,727098,
2025-07-05,2025,MLS,True,Charlotte FC,Orlando City SC,2,2,,,False,,False,Bank of America Stadium,727099,
2025-07-05,2025,MLS,True,CF Montréal,Inter Miami CF,1,4,,,False,,False,Stade Saputo,727102,
2025-07-05,2025,MLS,True,D.C. United,Atlanta United FC,0,0,,,False,,False,Audi Field,727101,
2025-07-05,2025,MLS,True,FC Cincinnati,Chicago Fire FC,2,1,,,False,,False,TQL Stadium,727100,
2025-07-05,2025,MLS,True,Nashville SC,Philadelphia Union,1,0,,,False,,False,GEODIS Park,727104,
2025-07-05,2025,MLS,True,Real Salt Lake,St. Louis CITY SC,3,2,,,False,,False,America First Field,727105,
2025-07-05,2025,MLS,True,Portland Timbers,New England Revolution,2,1,,,False,,False,Providence Park,727108,
2025-07-05,2025,MLS,True,San Diego FC,Houston Dynamo FC,3,4,,,False,,False,Snapdragon Stadium,727106,
2025-07-05,2025,MLS,True,San Jose Earthquakes,Red Bull New York,1,1,,,False,,False,PayPal Park,727107,
2025-07-06,2025,MLS,True,Seattle Sounders FC,Columbus Crew,1,1,,,False,,False,Lumen Field,727109,
2025-07-09,2025,MLS,True,New England Revolution,Inter Miami CF,1,2,,,False,,False,Gillette Stadium,727110,
2025-07-09,2025,MLS,True,LAFC,Colorado Rapids,3,0,,,False,,False,BMO Stadium,727046,
2025-07-12,2025,MLS,True,FC Cincinnati,Columbus Crew,2,4,,,False,,False,TQL Stadium,727116,
2025-07-12,2025,MLS,True,Orlando City SC,CF Montréal,1,1,,,False,,False,Inter&Co Stadium,727114,
2025-07-12,2025,MLS,True,Philadelphia Union,Red Bull New York,2,0,,,False,,False,Subaru Park,727113,
2025-07-12,2025,MLS,True,Toronto FC,Atlanta United FC,1,1,,,False,,False,BMO Field,727112,
2025-07-12,2025,MLS,True,Inter Miami CF,Nashville SC,2,1,,,False,,False,Chase Stadium,727111,
2025-07-12,2025,MLS,True,Austin FC,New England Revolution,0,0,,,False,,False,Q2 Stadium,727119,
2025-07-12,2025,MLS,True,Chicago Fire FC,San Diego FC,1,2,,,False,,False,Soldier Field,727118,
2025-07-12,2025,MLS,True,Minnesota United FC,San Jose Earthquakes,4,1,,,False,,False,Allianz Field,727120,
2025-07-12,2025,MLS,True,Sporting Kansas City,Seattle Sounders FC,2,3,,,False,,False,Children's Mercy Park,727117,
2025-07-12,2025,MLS,True,Charlotte FC,New York City FC,2,0,,,False,,False,Bank of America Stadium,727115,
2025-07-12,2025,MLS,True,Colorado Rapids,Vancouver Whitecaps,3,0,,,False,,False,Dick's Sporting Goods Park,727122,
2025-07-12,2025,MLS,True,Real Salt Lake,Houston Dynamo FC,1,0,,,False,,False,America First Field,727121,
2025-07-12,2025,MLS,True,LA Galaxy,D.C. United,2,1,,,False,,False,Dignity Health Sports Park,727123,
2025-07-12,2025,MLS,True,LAFC,FC Dallas,2,0,,,False,,False,BMO Stadium,727124,
2025-07-13,2025,MLS,True,St. Louis CITY SC,Portland Timbers,2,1,,,False,,False,Energizer Park,727125,
2025-07-16,2025,MLS,True,Atlanta United FC,Chicago Fire FC,2,2,,,False,,False,Mercedes-Benz Stadium,727126,
2025-07-16,2025,MLS,True,Charlotte FC,D.C. United,2,1,,,False,,False,Bank of America Stadium,727131,
2025-07-16,2025,MLS,True,FC Cincinnati,Inter Miami CF,3,0,,,False,,False,TQL Stadium,727130,
2025-07-16,2025,MLS,True,Philadelphia Union,CF Montréal,2,1,,,False,,False,Subaru Park,727129,
2025-07-16,2025,MLS,True,Red Bull New York,New England Revolution,5,3,,,False,,False,Sports Illustrated Stadium,727127,
2025-07-16,2025,MLS,True,Orlando City SC,New York City FC,1,2,,,False,,False,Inter&Co Stadium,727128,
2025-07-16,2025,MLS,True,Houston Dynamo FC,Vancouver Whitecaps,0,3,,,False,,False,Shell Energy Stadium,727132,
2025-07-16,2025,MLS,True,Minnesota United FC,LAFC,0,1,,,False,,False,Allianz Field,727134,
2025-07-16,2025,MLS,True,Nashville SC,Columbus Crew,3,0,,,False,,False,GEODIS Park,727133,
2025-07-16,2025,MLS,True,Seattle Sounders FC,Colorado Rapids,3,3,,,False,,False,Lumen Field,727135,
2025-07-16,2025,MLS,True,LA Galaxy,Austin FC,1,2,,,False,,False,Dignity Health Sports Park,727139,
2025-07-16,2025,MLS,True,Portland Timbers,Real Salt Lake,0,1,,,False,,False,Providence Park,727138,
2025-07-16,2025,MLS,True,San Diego FC,Toronto FC,0,1,,,False,,False,Snapdragon Stadium,727137,
2025-07-16,2025,MLS,True,San Jose Earthquakes,FC Dallas,2,2,,,False,,False,PayPal Park,727136,
2025-07-19,2025,MLS,True,Atlanta United FC,Charlotte FC,2,3,,,False,,False,Mercedes-Benz Stadium,727142,
2025-07-19,2025,MLS,True,CF Montréal,Chicago Fire FC,0,2,,,False,,False,Stade Saputo,727141,
2025-07-19,2025,MLS,True,Columbus Crew,D.C. United,2,1,,,False,,False,ScottsMiracle-Gro Field,727144,
2025-07-19,2025,MLS,True,New England Revolution,Orlando City SC,1,2,,,False,,False,Gillette Stadium,727140,
2025-07-19,2025,MLS,True,Red Bull New York,Inter Miami CF,1,5,,,False,,False,Sports Illustrated Stadium,727143,
2025-07-19,2025,MLS,True,FC Dallas,St. Louis CITY SC,3,0,,,False,,False,Toyota Stadium,727147,
2025-07-19,2025,MLS,True,Houston Dynamo FC,Philadelphia Union,1,1,,,False,,False,Shell Energy Stadium,727149,
2025-07-19,2025,MLS,True,Seattle Sounders FC,San Jose Earthquakes,3,2,,,False,,False,Lumen Field,727146,
2025-07-19,2025,MLS,True,Sporting Kansas City,New York City FC,1,1,,,False,,False,Children's Mercy Park,727145,
2025-07-19,2025,MLS,True,Nashville SC,Toronto FC,1,0,,,False,,False,GEODIS Park,727148,
2025-07-19,2025,MLS,True,Real Salt Lake,FC Cincinnati,0,1,,,False,,False,America First Field,727150,
2025-07-19,2025,MLS,True,LAFC,LA Galaxy,3,3,,,False,,False,BMO Stadium,727151,
2025-07-19,2025,MLS,True,Portland Timbers,Minnesota United FC,1,1,,,False,,False,Providence Park,727152,
2025-07-19,2025,MLS,True,San Diego FC,Vancouver Whitecaps,1,1,,,False,,False,Snapdragon Stadium,727153,
2025-07-23,2025,MLS,True,MLS All-Stars,Liga MX All-Stars,3,1,,,False,,False,Q2 Stadium,735090,
2025-07-25,2025,MLS,True,New England Revolution,CF Montréal,1,3,,,False,,False,Gillette Stadium,727154,
2025-07-25,2025,MLS,True,FC Dallas,New York City FC,3,4,,,False,,False,Toyota Stadium,727156,
2025-07-25,2025,MLS,True,Columbus Crew,Orlando City SC,1,3,,,False,,False,ScottsMiracle-Gro Field,727155,
2025-07-25,2025,MLS,True,LAFC,Portland Timbers,0,1,,,False,,False,BMO Stadium,727159,
2025-07-25,2025,MLS,True,San Diego FC,Nashville SC,1,0,,,False,,False,Snapdragon Stadium,727158,
2025-07-26,2025,MLS,True,Inter Miami CF,FC Cincinnati,0,0,,,False,,False,Chase Stadium,727160,
2025-07-26,2025,MLS,True,Atlanta United FC,Seattle Sounders FC,2,2,,,False,,False,Mercedes-Benz Stadium,727161,
2025-07-26,2025,MLS,True,Charlotte FC,Toronto FC,2,0,,,False,,False,Bank of America Stadium,727162,
2025-07-26,2025,MLS,True,D.C. United,Austin FC,2,4,,,False,,False,Audi Field,727163,
2025-07-26,2025,MLS,True,Philadelphia Union,Colorado Rapids,3,1,,,False,,False,Subaru Park,727164,
2025-07-26,2025,MLS,True,Chicago Fire FC,Red Bull New York,1,0,,,False,,False,Soldier Field,727166,
2025-07-26,2025,MLS,True,St. Louis CITY SC,Minnesota United FC,1,2,,,False,,False,Energizer Park,727165,
2025-07-26,2025,MLS,True,Real Salt Lake,San Jose Earthquakes,2,1,,,False,,False,America First Field,727167,
2025-07-26,2025,MLS,True,Vancouver Whitecaps,Sporting Kansas City,3,0,,,False,,False,BC Place,727168,
2025-08-09,2025,MLS,True,CF Montréal,Atlanta United FC,1,1,,,False,,False,Stade Saputo,727172,
2025-08-09,2025,MLS,True,New England Revolution,D.C. United,2,0,,,False,,False,Gillette Stadium,727171,
2025-08-09,2025,MLS,True,Philadelphia Union,Toronto FC,1,1,,,False,,False,Subaru Park,727170,
2025-08-09,2025,MLS,True,Austin FC,Houston Dynamo FC,2,2,,,False,,False,Q2 Stadium,727175,
2025-08-09,2025,MLS,True,Chicago Fire FC,LAFC,2,2,,,False,,False,SeatGeek Stadium,727174,
2025-08-09,2025,MLS,True,FC Dallas,Portland Timbers,2,0,,,False,,False,Toyota Stadium,727177,
2025-08-09,2025,MLS,True,St. Louis CITY SC,Nashville SC,3,1,,,False,,False,Energizer Park,727176,
2025-08-09,2025,MLS,True,Sporting Kansas City,San Diego FC,0,2,,,False,,False,Children's Mercy Park,727173,
2025-08-09,2025,MLS,True,San Jose Earthquakes,Vancouver Whitecaps,2,1,,,False,,False,PayPal Park,727178,
2025-08-10,2025,MLS,True,FC Cincinnati,Charlotte FC,0,1,,,False,,False,TQL Stadium,727181,
2025-08-10,2025,MLS,True,Minnesota United FC,Colorado Rapids,1,2,,,False,,False,Allianz Field,727180,
2025-08-10,2025,MLS,True,Red Bull New York,Real Salt Lake,2,1,,,False,,False,Sports Illustrated Stadium,727179,
2025-08-10,2025,MLS,True,Orlando City SC,Inter Miami CF,4,1,,,False,,False,Inter&Co Stadium,727182,
2025-08-10,2025,MLS,True,LA Galaxy,Seattle Sounders FC,0,4,,,False,,False,Dignity Health Sports Park,727183,
2025-08-16,2025,MLS,True,CF Montréal,D.C. United,1,1,,,False,,False,Stade Saputo,727186,
2025-08-16,2025,MLS,True,Charlotte FC,Real Salt Lake,1,0,,,False,,False,Bank of America Stadium,727187,
2025-08-16,2025,MLS,True,Inter Miami CF,LA Galaxy,3,1,,,False,,False,Chase Stadium,727190,
2025-08-16,2025,MLS,True,New England Revolution,LAFC,0,2,,,False,,False,Gillette Stadium,727188,
2025-08-16,2025,MLS,True,Red Bull New York,Philadelphia Union,1,0,,,False,,False,Sports Illustrated Stadium,727189,
2025-08-16,2025,MLS,True,Toronto FC,Columbus Crew,1,1,,,False,,False,BMO Field,727185,
2025-08-16,2025,MLS,True,Austin FC,FC Dallas,1,1,,,False,,False,Q2 Stadium,727192,
2025-08-16,2025,MLS,True,Minnesota United FC,Seattle Sounders FC,1,0,,,False,,False,Allianz Field,727191,
2025-08-16,2025,MLS,True,Colorado Rapids,Atlanta United FC,3,1,,,False,,False,Dick's Sporting Goods Park,727194,
2025-08-16,2025,MLS,True,Chicago Fire FC,St. Louis CITY SC,3,2,,,False,,False,SeatGeek Stadium,727193,
2025-08-16,2025,MLS,True,Portland Timbers,FC Cincinnati,2,3,,,False,,False,Providence Park,727195,
2025-08-16,2025,MLS,True,Orlando City SC,Sporting Kansas City,3,1,,,False,,False,Inter&Co Stadium,727184,
2025-08-17,2025,MLS,True,New York City FC,Nashville SC,2,1,,,False,,False,Yankee Stadium,727196,
2025-08-17,2025,MLS,True,San Jose Earthquakes,San Diego FC,1,2,,,False,,False,PayPal Park,727197,
2025-08-17,2025,MLS,True,Vancouver Whitecaps,Houston Dynamo FC,1,1,,,False,,False,BC Place,727198,
2025-08-23,2025,MLS,True,CF Montréal,Austin FC,3,2,,,False,,False,Stade Saputo,727199,
2025-08-23,2025,MLS,True,Columbus Crew,New England Revolution,1,2,,,False,,False,ScottsMiracle-Gro Field,727201,
2025-08-23,2025,MLS,True,D.C. United,Inter Miami CF,1,1,,,False,,False,Audi Field,727202,
2025-08-23,2025,MLS,True,FC Cincinnati,New York City FC,0,1,,,False,,False,TQL Stadium,727203,
2025-08-23,2025,MLS,True,Philadelphia Union,Chicago Fire FC,4,0,,,False,,False,Subaru Park,727200,
2025-08-23,2025,MLS,True,FC Dallas,LAFC,1,1,,,False,,False,Toyota Stadium,727204,
2025-08-23,2025,MLS,True,Houston Dynamo FC,San Jose Earthquakes,1,2,,,False,,False,Shell Energy Stadium,727206,
2025-08-23,2025,MLS,True,Nashville SC,Orlando City SC,5,1,,,False,,False,GEODIS Park,727205,
2025-08-23,2025,MLS,True,Real Salt Lake,Minnesota United FC,1,3,,,False,,False,America First Field,727208,
2025-08-23,2025,MLS,True,Vancouver Whitecaps,St. Louis CITY SC,3,2,,,False,,False,BC Place,727207,
2025-08-23,2025,MLS,True,LA Galaxy,Colorado Rapids,3,0,,,False,,False,Dignity Health Sports Park,727209,
2025-08-23,2025,MLS,True,San Diego FC,Portland Timbers,0,0,,,False,,False,Snapdragon Stadium,727210,
2025-08-24,2025,MLS,True,Atlanta United FC,Toronto FC,0,0,,,False,,False,Mercedes-Benz Stadium,727211,
2025-08-24,2025,MLS,True,Charlotte FC,Red Bull New York,1,0,,,False,,False,Bank of America Stadium,727212,
2025-08-24,2025,MLS,True,Seattle Sounders FC,Sporting Kansas City,5,2,,,False,,False,Lumen Field,727213,
2025-08-30,2025,MLS,True,FC Cincinnati,Philadelphia Union,0,1,,,False,,False,TQL Stadium,727220,
2025-08-30,2025,MLS,True,New England Revolution,Charlotte FC,1,2,,,False,,False,Gillette Stadium,727219,
2025-08-30,2025,MLS,True,New York City FC,D.C. United,1,2,,,False,,False,Yankee Stadium,727215,
2025-08-30,2025,MLS,True,Red Bull New York,Columbus Crew,0,0,,,False,,False,Sports Illustrated Stadium,727216,
2025-08-30,2025,MLS,True,Toronto FC,CF Montréal,1,1,,,False,,False,BMO Field,727218,
2025-08-30,2025,MLS,True,Austin FC,San Jose Earthquakes,3,1,,,False,,False,Q2 Stadium,727225,
2025-08-30,2025,MLS,True,Minnesota United FC,Portland Timbers,1,1,,,False,,False,Allianz Field,727221,
2025-08-30,2025,MLS,True,Nashville SC,Atlanta United FC,0,1,,,False,,False,GEODIS Park,727222,
2025-08-30,2025,MLS,True,Sporting Kansas City,Colorado Rapids,4,2,,,False,,False,Children's Mercy Park,727223,
2025-08-30,2025,MLS,True,St. Louis CITY SC,Houston Dynamo FC,2,3,,,False,,False,Energizer Park,727224,
2025-08-31,2025,MLS,True,LAFC,San Diego FC,1,2,,,False,,False,BMO Stadium,727228,
2025-09-06,2025,MLS,True,Chicago Fire FC,New England Revolution,3,2,,,False,,False,SeatGeek Stadium,727230,
2025-09-06,2025,MLS,True,Houston Dynamo FC,LA Galaxy,1,1,,,False,,False,Shell Energy Stadium,727157,
2025-09-06,2025,MLS,True,St. Louis CITY SC,FC Dallas,1,1,,,False,,False,Energizer Park,727231,
2025-09-07,2025,MLS,True,Sporting Kansas City,Austin FC,1,2,,,False,,False,Children's Mercy Park,727229,
2025-09-13,2025,MLS,True,Atlanta United FC,Columbus Crew,4,5,,,False,,False,Mercedes-Benz Stadium,727237,
2025-09-13,2025,MLS,True,CF Montréal,St. Louis CITY SC,0,2,,,False,,False,Stade Saputo,727232,
2025-09-13,2025,MLS,True,Charlotte FC,Inter Miami CF,3,0,,,False,,False,Bank of America Stadium,727234,
2025-09-13,2025,MLS,True,D.C. United,Orlando City SC,1,1,,,False,,False,Audi Field,727236,
2025-09-13,2025,MLS,True,FC Cincinnati,Nashville SC,2,1,,,False,,False,TQL Stadium,727233,
2025-09-13,2025,MLS,True,New England Revolution,Toronto FC,1,1,,,False,,False,Gillette Stadium,727238,
2025-09-13,2025,MLS,True,Chicago Fire FC,New York City FC,1,3,,,False,,False,Soldier Field,727241,
2025-09-13,2025,MLS,True,FC Dallas,Austin FC,2,0,,,False,,False,Toyota Stadium,727239,
2025-09-13,2025,MLS,True,San Jose Earthquakes,LAFC,2,4,,,False,,False,Levi's Stadium,727235,
2025-09-13,2025,MLS,True,Seattle Sounders FC,LA Galaxy,2,2,,,False,,False,Lumen Field,727240,
2025-09-13,2025,MLS,True,Colorado Rapids,Houston Dynamo FC,2,1,,,False,,False,Dick's Sporting Goods Park,727242,
2025-09-13,2025,MLS,True,Real Salt Lake,Sporting Kansas City,2,1,,,False,,False,America First Field,727244,
2025-09-13,2025,MLS,True,Vancouver Whitecaps,Philadelphia Union,7,0,,,False,,False,BC Place,727243,
2025-09-13,2025,MLS,True,Portland Timbers,Red Bull New York,2,1,,,False,,False,Providence Park,727246,
2025-09-13,2025,MLS,True,San Diego FC,Minnesota United FC,1,3,,,False,,False,Snapdragon Stadium,727245,
2025-09-16,2025,MLS,True,Inter Miami CF,Seattle Sounders FC,3,1,,,False,,False,Chase Stadium,727247,
2025-09-17,2025,MLS,True,New York City FC,Columbus Crew,3,2,,,False,,False,Yankee Stadium,727169,
2025-09-17,2025,MLS,True,Real Salt Lake,LAFC,1,4,,,False,,False,America First Field,727077,
2025-09-20,2025,MLS,True,New York City FC,Charlotte FC,2,0,,,False,,False,Yankee Stadium,727248,
2025-09-20,2025,MLS,True,Philadelphia Union,New England Revolution,1,0,,,False,,False,Subaru Park,727249,
2025-09-20,2025,MLS,True,Atlanta United FC,San Diego FC,1,1,,,False,,False,Mercedes-Benz Stadium,727250,
2025-09-20,2025,MLS,True,CF Montréal,Red Bull New York,0,2,,,False,,False,Stade Saputo,727252,
2025-09-20,2025,MLS,True,Columbus Crew,Toronto FC,1,1,,,False,,False,ScottsMiracle-Gro Field,727254,
2025-09-20,2025,MLS,True,Inter Miami CF,D.C. United,3,2,,,False,,False,Chase Stadium,727253,
2025-09-20,2025,MLS,True,Orlando City SC,Nashville SC,3,2,,,False,,False,Inter&Co Stadium,727251,
2025-09-20,2025,MLS,True,FC Dallas,Colorado Rapids,3,1,,,False,,False,Toyota Stadium,727259,
2025-09-20,2025,MLS,True,Houston Dynamo FC,Portland Timbers,1,0,,,False,,False,Shell Energy Stadium,727255,
2025-09-20,2025,MLS,True,Minnesota United FC,Chicago Fire FC,0,3,,,False,,False,Allianz Field,727257,
2025-09-20,2025,MLS,True,Sporting Kansas City,Vancouver Whitecaps,0,2,,,False,,False,Children's Mercy Park,727256,
2025-09-20,2025,MLS,True,LA Galaxy,FC Cincinnati,2,3,,,False,,False,Dignity Health Sports Park,727261,
2025-09-20,2025,MLS,True,San Jose Earthquakes,St. Louis CITY SC,1,3,,,False,,False,PayPal Park,727260,
2025-09-21,2025,MLS,True,Austin FC,Seattle Sounders FC,2,1,,,False,,False,Q2 Stadium,727258,
2025-09-21,2025,MLS,True,LAFC,Real Salt Lake,4,1,,,False,,False,BMO Stadium,727262,
2025-09-24,2025,MLS,True,New York City FC,Inter Miami CF,0,4,,,False,,False,Citi Field,727263,
2025-09-24,2025,MLS,True,Vancouver Whitecaps,Portland Timbers,1,1,,,False,,False,BC Place,727045,
2025-09-27,2025,MLS,True,Toronto FC,Inter Miami CF,1,1,,,False,,False,BMO Field,727265,
2025-09-27,2025,MLS,True,Charlotte FC,CF Montréal,1,4,,,False,,False,Bank of America Stadium,727268,
2025-09-27,2025,MLS,True,D.C. United,Philadelphia Union,0,6,,,False,,False,Audi Field,727266,
2025-09-27,2025,MLS,True,New England Revolution,Atlanta United FC,2,0,,,False,,False,Gillette Stadium,727269,
2025-09-27,2025,MLS,True,Red Bull New York,New York City FC,2,3,,,False,,False,Sports Illustrated Stadium,727267,
2025-09-27,2025,MLS,True,Chicago Fire FC,Columbus Crew,2,0,,,False,,False,Soldier Field,727270,
2025-09-27,2025,MLS,True,Nashville SC,Houston Dynamo FC,3,1,,,False,,False,GEODIS Park,727272,
2025-09-27,2025,MLS,True,St. Louis CITY SC,LAFC,0,3,,,False,,False,Energizer Park,727271,
2025-09-27,2025,MLS,True,Colorado Rapids,Minnesota United FC,1,1,,,False,,False,Dick's Sporting Goods Park,727274,
2025-09-27,2025,MLS,True,Real Salt Lake,Austin FC,3,1,,,False,,False,America First Field,727273,
2025-09-27,2025,MLS,True,LA Galaxy,Sporting Kansas City,4,1,,,False,,False,Dignity Health Sports Park,727275,
2025-09-27,2025,MLS,True,Portland Timbers,FC Dallas,2,2,,,False,,False,Providence Park,727277,
2025-09-27,2025,MLS,True,San Diego FC,San Jose Earthquakes,0,1,,,False,,False,Snapdragon Stadium,727278,
2025-09-27,2025,MLS,True,Seattle Sounders FC,Vancouver Whitecaps,2,2,,,False,,False,Lumen Field,727276,
2025-09-28,2025,MLS,True,FC Cincinnati,Orlando City SC,1,1,,,False,,False,TQL Stadium,727264,
2025-09-30,2025,MLS,True,Inter Miami CF,Chicago Fire FC,3,5,,,False,,False,Chase Stadium,727214,
2025-10-04,2025,MLS,True,CF Montréal,Nashville SC,1,1,,,False,,False,Stade Saputo,727284,
2025-10-04,2025,MLS,True,D.C. United,Charlotte FC,0,1,,,False,,False,Audi Field,727279,
2025-10-04,2025,MLS,True,FC Dallas,LA Galaxy,2,1,,,False,,False,Toyota Stadium,727280,
2025-10-04,2025,MLS,True,Inter Miami CF,New England Revolution,4,1,,,False,,False,Chase Stadium,727282,
2025-10-04,2025,MLS,True,Orlando City SC,Columbus Crew,1,1,,,False,,False,Inter&Co Stadium,727285,
2025-10-04,2025,MLS,True,Philadelphia Union,New York City FC,1,0,,,False,,False,Subaru Park,727283,
2025-10-04,2025,MLS,True,Red Bull New York,FC Cincinnati,0,1,,,False,,False,Sports Illustrated Stadium,727281,
2025-10-04,2025,MLS,True,Austin FC,St. Louis CITY SC,1,3,,,False,,False,Q2 Stadium,727287,
2025-10-04,2025,MLS,True,Chicago Fire FC,Toronto FC,2,2,,,False,,False,Soldier Field,727288,
2025-10-04,2025,MLS,True,Houston Dynamo FC,San Diego FC,2,4,,,False,,False,Shell Energy Stadium,727286,
2025-10-04,2025,MLS,True,Minnesota United FC,Sporting Kansas City,3,0,,,False,,False,Allianz Field,727289,
2025-10-04,2025,MLS,True,Real Salt Lake,Colorado Rapids,1,0,,,False,,False,America First Field,727290,
2025-10-04,2025,MLS,True,Seattle Sounders FC,Portland Timbers,1,0,,,False,,False,Lumen Field,727291,
2025-10-05,2025,MLS,True,Vancouver Whitecaps,San Jose Earthquakes,4,1,,,False,,False,BC Place,727292,
2025-10-05,2025,MLS,True,LAFC,Atlanta United FC,1,0,,,False,,False,BMO Stadium,727293,
2025-10-08,2025,MLS,True,LAFC,Toronto FC,2,0,,,False,,False,BMO Stadium,727055,
2025-10-11,2025,MLS,True,Inter Miami CF,Atlanta United FC,4,0,,,False,,False,Chase Stadium,727082,
2025-10-11,2025,MLS,True,Orlando City SC,Vancouver Whitecaps,1,2,,,False,,False,Inter&Co Stadium,727217,
2025-10-11,2025,MLS,True,Seattle Sounders FC,Real Salt Lake,1,0,,,False,,False,Lumen Field,727226,
2025-10-11,2025,MLS,True,LA Galaxy,FC Dallas,2,1,,,False,,False,Dignity Health Sports Park,727227,
2025-10-12,2025,MLS,True,Austin FC,LAFC,1,0,,,False,,False,Q2 Stadium,727103,
2025-10-18,2025,MLS,True,Atlanta United FC,D.C. United,1,1,,,False,,False,Mercedes-Benz Stadium,727301,
2025-10-18,2025,MLS,True,Charlotte FC,Philadelphia Union,2,0,,,False,,False,Bank of America Stadium,727299,
2025-10-18,2025,MLS,True,Columbus Crew,Red Bull New York,3,1,,,False,,False,ScottsMiracle-Gro Field,727300,
2025-10-18,2025,MLS,True,FC Cincinnati,CF Montréal,3,0,,,False,,False,TQL Stadium,727295,
2025-10-18,2025,MLS,True,Nashville SC,Inter Miami CF,2,5,,,False,,False,GEODIS Park,727296,
2025-10-18,2025,MLS,True,New England Revolution,Chicago Fire FC,2,2,,,False,,False,Gillette Stadium,727294,
2025-10-18,2025,MLS,True,New York City FC,Seattle Sounders FC,1,2,,,False,,False,Citi Field,727297,
2025-10-18,2025,MLS,True,Toronto FC,Orlando City SC,4,2,,,False,,False,BMO Field,727298,
2025-10-18,2025,MLS,True,Colorado Rapids,LAFC,2,2,,,False,,False,Dick's Sporting Goods Park,727303,
2025-10-18,2025,MLS,True,LA Galaxy,Minnesota United FC,2,1,,,False,,False,Dignity Health Sports Park,727304,
2025-10-18,2025,MLS,True,Portland Timbers,San Diego FC,0,4,,,False,,False,Providence Park,727308,
2025-10-18,2025,MLS,True,San Jose Earthquakes,Austin FC,2,1,,,False,,False,PayPal Park,727305,
2025-10-18,2025,MLS,True,Sporting Kansas City,Houston Dynamo FC,0,0,,,False,,False,Children's Mercy Park,727306,
2025-10-18,2025,MLS,True,St. Louis CITY SC,Real Salt Lake,2,2,,,False,,False,Energizer Park,727302,
2025-10-18,2025,MLS,True,Vancouver Whitecaps,FC Dallas,1,2,,,False,,False,BC Place,727307,
2025-10-22,2025,MLS,True,Chicago Fire FC,Orlando City SC,3,1,,,False,,False,SeatGeek Stadium,760057,
2025-10-22,2025,MLS,True,Portland Timbers,Real Salt Lake,3,1,,,False,,False,Providence Park,760058,
2025-10-24,2025,MLS,True,Inter Miami CF,Nashville SC,3,1,,,False,,False,Chase Stadium,760079,
2025-10-26,2025,MLS,True,Philadelphia Union,Chicago Fire FC,2,2,4.0,2.0,True,Philadelphia Union,False,Subaru Park,760067,
2025-10-26,2025,MLS,True,Vancouver Whitecaps,FC Dallas,3,0,,,False,,False,BC Place,760076,
2025-10-26,2025,MLS,True,San Diego FC,Portland Timbers,2,1,,,False,,False,Snapdragon Stadium,760070,
2025-10-27,2025,MLS,True,FC Cincinnati,Columbus Crew,1,0,,,False,,False,TQL Stadium,760073,
2025-10-27,2025,MLS,True,Minnesota United FC,Seattle Sounders FC,0,0,3.0,2.0,True,Minnesota United FC,False,Allianz Field,760088,
2025-10-28,2025,MLS,True,Charlotte FC,New York City FC,0,1,,,False,,False,Bank of America Stadium,760085,
2025-10-29,2025,MLS,True,LAFC,Austin FC,2,1,,,False,,False,BMO Stadium,760082,
2025-11-01,2025,MLS,True,New York City FC,Charlotte FC,0,0,6.0,7.0,True,Charlotte FC,False,Yankee Stadium,760086,
2025-11-01,2025,MLS,True,Chicago Fire FC,Philadelphia Union,0,3,,,False,,False,SeatGeek Stadium,760068,
2025-11-01,2025,MLS,True,Nashville SC,Inter Miami CF,2,1,,,False,,False,GEODIS Park,760080,
2025-11-01,2025,MLS,True,FC Dallas,Vancouver Whitecaps,1,1,2.0,4.0,True,Vancouver Whitecaps,False,Toyota Stadium,760077,
2025-11-01,2025,MLS,True,Portland Timbers,San Diego FC,2,2,3.0,2.0,True,Portland Timbers,False,Providence Park,760071,
2025-11-02,2025,MLS,True,Columbus Crew,FC Cincinnati,4,0,,,False,,False,ScottsMiracle-Gro Field,760074,
2025-11-02,2025,MLS,True,Austin FC,LAFC,1,4,,,False,,False,Q2 Stadium,760083,
2025-11-03,2025,MLS,True,Seattle Sounders FC,Minnesota United FC,4,2,,,False,,False,Lumen Field,760089,
2025-11-07,2025,MLS,True,Charlotte FC,New York City FC,1,3,,,False,,False,Bank of America Stadium,760087,
2025-11-08,2025,MLS,True,Minnesota United FC,Seattle Sounders FC,3,3,7.0,6.0,True,Minnesota United FC,False,Allianz Field,760090,
2025-11-08,2025,MLS,True,FC Cincinnati,Columbus Crew,2,1,,,False,,False,TQL Stadium,760075,
2025-11-08,2025,MLS,True,Inter Miami CF,Nashville SC,4,0,,,False,,False,Chase Stadium,760081,
2025-11-09,2025,MLS,True,San Diego FC,Portland Timbers,4,0,,,False,,False,Snapdragon Stadium,760072,
2025-11-22,2025,MLS,True,Vancouver Whitecaps,LAFC,2,2,4.0,3.0,True,Vancouver Whitecaps,False,BC Place,760833,
2025-11-23,2025,MLS,True,FC Cincinnati,Inter Miami CF,0,4,,,False,,False,TQL Stadium,760862,
2025-11-23,2025,MLS,True,Philadelphia Union,New York City FC,0,1,,,False,,False,Subaru Park,760834,
2025-11-24,2025,MLS,True,San Diego FC,Minnesota United FC,1,0,,,False,,False,Snapdragon Stadium,760863,
2025-11-29,2025,MLS,True,Inter Miami CF,New York City FC,5,1,,,False,,False,Chase Stadium,761971,
2025-11-29,2025,MLS,True,San Diego FC,Vancouver Whitecaps,1,3,,,False,,False,Snapdragon Stadium,762050,
2025-12-06,2025,MLS,True,Inter Miami CF,Vancouver Whitecaps,3,1,,,False,,False,Chase Stadium,762182,
2026-02-21,2026,MLS,True,St. Louis CITY SC,Charlotte FC,1,1,,,False,,False,Energizer Park,761439,
2026-02-21,2026,MLS,True,FC Cincinnati,Atlanta United FC,2,0,,,False,,False,TQL Stadium,761440,
2026-02-21,2026,MLS,True,D.C. United,Philadelphia Union,1,0,,,False,,False,Audi Field,761441,
2026-02-21,2026,MLS,True,Orlando City SC,Red Bull New York,1,2,,,False,,False,Inter&Co Stadium,761442,
2026-02-21,2026,MLS,True,Vancouver Whitecaps,Real Salt Lake,1,0,,,False,,False,BC Place,761443,
2026-02-21,2026,MLS,True,Austin FC,Minnesota United FC,2,2,,,False,,False,Q2 Stadium,761446,
2026-02-21,2026,MLS,True,FC Dallas,Toronto FC,3,2,,,False,,False,Toyota Stadium,761447,
2026-02-21,2026,MLS,True,Houston Dynamo FC,Chicago Fire FC,2,1,,,False,,False,Shell Energy Stadium,761445,
2026-02-21,2026,MLS,True,Nashville SC,New England Revolution,4,1,,,False,,False,GEODIS Park,761444,
2026-02-21,2026,MLS,True,LAFC,Inter Miami CF,3,0,,,False,,False,Los Angeles Memorial Coliseum,761448,
2026-02-21,2026,MLS,True,Portland Timbers,Columbus Crew,3,2,,,False,,False,Providence Park,761451,
2026-02-21,2026,MLS,True,San Diego FC,CF Montréal,5,0,,,False,,False,Snapdragon Stadium,761449,
2026-02-21,2026,MLS,True,San Jose Earthquakes,Sporting Kansas City,3,0,,,False,,False,PayPal Park,761450,
2026-02-22,2026,MLS,True,LA Galaxy,New York City FC,1,1,,,False,,False,Dignity Health Sports Park,761452,
2026-02-22,2026,MLS,True,Seattle Sounders FC,Colorado Rapids,2,0,,,False,,False,Lumen Field,761453,
2026-02-28,2026,MLS,True,Chicago Fire FC,CF Montréal,3,0,,,False,,False,Soldier Field,761454,
2026-02-28,2026,MLS,True,Red Bull New York,New England Revolution,1,0,,,False,,False,Red Bull Arena,761455,
2026-02-28,2026,MLS,True,Colorado Rapids,Portland Timbers,2,0,,,False,,False,Dick's Sporting Goods Park,761456,
2026-02-28,2026,MLS,True,Minnesota United FC,FC Cincinnati,1,0,,,False,,False,Allianz Field,761457,
2026-02-28,2026,MLS,True,Real Salt Lake,Seattle Sounders FC,2,1,,,False,,False,America First Field,761459,
2026-02-28,2026,MLS,True,San Jose Earthquakes,Atlanta United FC,2,0,,,False,,False,PayPal Park,761458,
2026-02-28,2026,MLS,True,FC Dallas,Nashville SC,0,0,,,False,,False,Toyota Stadium,761462,
2026-02-28,2026,MLS,True,Houston Dynamo FC,LAFC,0,2,,,False,,False,Shell Energy Stadium,761460,
2026-02-28,2026,MLS,True,Sporting Kansas City,Columbus Crew,2,2,,,False,,False,Children's Mercy Park,761461,
2026-02-28,2026,MLS,True,Vancouver Whitecaps,Toronto FC,3,0,,,False,,False,BC Place,761463,
2026-02-28,2026,MLS,True,LA Galaxy,Charlotte FC,3,0,,,False,,False,Dignity Health Sports Park,761464,
2026-03-01,2026,MLS,True,Austin FC,D.C. United,1,0,,,False,,False,Q2 Stadium,761465,
2026-03-01,2026,MLS,True,Philadelphia Union,New York City FC,1,2,,,False,,False,Subaru Park,761466,
2026-03-01,2026,MLS,True,Orlando City SC,Inter Miami CF,2,4,,,False,,False,Inter&Co Stadium,761467,
2026-03-01,2026,MLS,True,San Diego FC,St. Louis CITY SC,2,0,,,False,,False,Snapdragon Stadium,761468,
2026-03-07,2026,MLS,True,New York City FC,Orlando City SC,5,0,,,False,,False,Yankee Stadium,761470,
2026-03-07,2026,MLS,True,D.C. United,Inter Miami CF,1,2,,,False,,False,M&T Bank Stadium,761471,
2026-03-07,2026,MLS,True,Atlanta United FC,Real Salt Lake,2,3,,,False,,False,Mercedes-Benz Stadium,761474,
2026-03-07,2026,MLS,True,Charlotte FC,Austin FC,3,1,,,False,,False,Bank of America Stadium,761475,
2026-03-07,2026,MLS,True,Columbus Crew,Chicago Fire FC,0,0,,,False,,False,ScottsMiracle-Gro Field,761472,
2026-03-07,2026,MLS,True,Philadelphia Union,San Jose Earthquakes,0,1,,,False,,False,Subaru Park,761473,
2026-03-07,2026,MLS,True,Nashville SC,Minnesota United FC,3,1,,,False,,False,GEODIS Park,761478,
2026-03-07,2026,MLS,True,Sporting Kansas City,San Diego FC,0,1,,,False,,False,Children's Mercy Park,761476,
2026-03-07,2026,MLS,True,St. Louis CITY SC,Seattle Sounders FC,0,1,,,False,,False,Energizer Park,761477,
2026-03-07,2026,MLS,True,Colorado Rapids,LA Galaxy,4,1,,,False,,False,Dick's Sporting Goods Park,761479,
2026-03-07,2026,MLS,True,LAFC,FC Dallas,1,0,,,False,,False,BMO Stadium,761480,
2026-03-07,2026,MLS,True,Portland Timbers,Vancouver Whitecaps,1,4,,,False,,False,Providence Park,761481,
2026-03-08,2026,MLS,True,Red Bull New York,CF Montréal,0,3,,,False,,False,Red Bull Arena,761482,
2026-03-08,2026,MLS,True,FC Cincinnati,Toronto FC,0,1,,,False,,False,TQL Stadium,761483,
2026-03-14,2026,MLS,True,Toronto FC,Red Bull New York,1,1,,,False,,False,BMO Field,761484,
2026-03-14,2026,MLS,True,Atlanta United FC,Philadelphia Union,3,1,,,False,,False,Mercedes-Benz Stadium,761485,
2026-03-14,2026,MLS,True,Columbus Crew,Nashville SC,0,1,,,False,,False,ScottsMiracle-Gro Field,761486,
2026-03-14,2026,MLS,True,Charlotte FC,Inter Miami CF,0,0,,,False,,False,Bank of America Stadium,761489,
2026-03-14,2026,MLS,True,New York City FC,Colorado Rapids,3,1,,,False,,False,Yankee Stadium,761487,
2026-03-14,2026,MLS,True,Orlando City SC,CF Montréal,2,1,,,False,,False,Inter&Co Stadium,761488,
2026-03-14,2026,MLS,True,Chicago Fire FC,D.C. United,1,2,,,False,,False,Soldier Field,761491,
2026-03-14,2026,MLS,True,FC Dallas,San Diego FC,3,3,,,False,,False,Toyota Stadium,761490,
2026-03-14,2026,MLS,True,Houston Dynamo FC,Portland Timbers,3,2,,,False,,False,Shell Energy Stadium,761492,
2026-03-14,2026,MLS,True,LA Galaxy,Sporting Kansas City,1,2,,,False,,False,Dignity Health Sports Park,761493,
2026-03-14,2026,MLS,True,Real Salt Lake,Austin FC,2,1,,,False,,False,America First Field,761494,
2026-03-14,2026,MLS,True,LAFC,St. Louis CITY SC,2,0,,,False,,False,BMO Stadium,761495,
2026-03-15,2026,MLS,True,New England Revolution,FC Cincinnati,6,1,,,False,,False,Gillette Stadium,761497,
2026-03-15,2026,MLS,True,Vancouver Whitecaps,Minnesota United FC,6,0,,,False,,False,BC Place,761496,
2026-03-15,2026,MLS,True,San Jose Earthquakes,Seattle Sounders FC,0,1,,,False,,False,PayPal Park,761498,
2026-03-21,2026,MLS,True,Toronto FC,Columbus Crew,2,1,,,False,,False,BMO Field,761499,
2026-03-21,2026,MLS,True,Philadelphia Union,Chicago Fire FC,1,2,,,False,,False,Subaru Park,761500,
2026-03-21,2026,MLS,True,Nashville SC,Orlando City SC,5,0,,,False,,False,GEODIS Park,761501,
2026-03-21,2026,MLS,True,Atlanta United FC,D.C. United,0,0,,,False,,False,Mercedes-Benz Stadium,761502,
2026-03-21,2026,MLS,True,Charlotte FC,Red Bull New York,6,1,,,False,,False,Bank of America Stadium,761503,
2026-03-21,2026,MLS,True,FC Dallas,Houston Dynamo FC,4,3,,,False,,False,Toyota Stadium,761505,
2026-03-21,2026,MLS,True,Sporting Kansas City,Colorado Rapids,1,4,,,False,,False,Children's Mercy Park,761508,
2026-03-21,2026,MLS,True,St. Louis CITY SC,New England Revolution,3,1,,,False,,False,Energizer Park,761507,
2026-03-21,2026,MLS,True,Austin FC,LAFC,0,0,,,False,,False,Q2 Stadium,761506,
2026-03-21,2026,MLS,True,Vancouver Whitecaps,San Jose Earthquakes,0,1,,,False,,False,BC Place,761509,
2026-03-22,2026,MLS,True,FC Cincinnati,CF Montréal,4,3,,,False,,False,TQL Stadium,761504,
2026-03-22,2026,MLS,True,New York City FC,Inter Miami CF,2,3,,,False,,False,Yankee Stadium,761510,
2026-03-22,2026,MLS,True,Minnesota United FC,Seattle Sounders FC,0,0,,,False,,False,Allianz Field,761511,
2026-03-22,2026,MLS,True,Portland Timbers,LA Galaxy,1,1,,,False,,False,Providence Park,761512,
2026-03-22,2026,MLS,True,San Diego FC,Real Salt Lake,2,2,,,False,,False,Snapdragon Stadium,761513,
2026-04-04,2026,MLS,True,Toronto FC,Colorado Rapids,3,2,,,False,,False,BMO Field,761514,
2026-04-04,2026,MLS,True,New England Revolution,CF Montréal,3,0,,,False,,False,Gillette Stadium,761516,
2026-04-04,2026,MLS,True,Real Salt Lake,Sporting Kansas City,3,1,,,False,,False,America First Field,761515,
2026-04-04,2026,MLS,True,Atlanta United FC,Columbus Crew,1,3,,,False,,False,Mercedes-Benz Stadium,761521,
2026-04-04,2026,MLS,True,Charlotte FC,Philadelphia Union,2,1,,,False,,False,Bank of America Stadium,761520,
2026-04-04,2026,MLS,True,D.C. United,FC Dallas,0,4,,,False,,False,Audi Field,761518,
2026-04-04,2026,MLS,True,Inter Miami CF,Austin FC,2,2,,,False,,False,Nu Stadium,761522,
2026-04-04,2026,MLS,True,New York City FC,St. Louis CITY SC,1,1,,,False,,False,Citi Field,761519,
2026-04-04,2026,MLS,True,Red Bull New York,FC Cincinnati,4,2,,,False,,False,Red Bull Arena,761517,
2026-04-04,2026,MLS,True,Chicago Fire FC,Nashville SC,1,0,,,False,,False,Soldier Field,761524,
2026-04-04,2026,MLS,True,Houston Dynamo FC,Seattle Sounders FC,0,1,,,False,,False,Shell Energy Stadium,761523,
2026-04-04,2026,MLS,True,LAFC,Orlando City SC,6,0,,,False,,False,BMO Stadium,761525,
2026-04-04,2026,MLS,True,LA Galaxy,Minnesota United FC,1,2,,,False,,False,Dignity Health Sports Park,761527,
2026-04-04,2026,MLS,True,San Jose Earthquakes,San Diego FC,3,0,,,False,,False,PayPal Park,761526,
2026-04-04,2026,MLS,True,Vancouver Whitecaps,Portland Timbers,3,2,,,False,,False,BC Place,761528,
2026-04-11,2026,MLS,True,Toronto FC,FC Cincinnati,1,1,,,False,,False,BMO Field,761529,
2026-04-11,2026,MLS,True,Austin FC,LA Galaxy,1,2,,,False,,False,Q2 Stadium,761530,
2026-04-11,2026,MLS,True,CF Montréal,Philadelphia Union,1,2,,,False,,False,Stade Saputo,761541,
2026-04-11,2026,MLS,True,Portland Timbers,LAFC,2,1,,,False,,False,Providence Park,761531,
2026-04-11,2026,MLS,True,Charlotte FC,Nashville SC,1,2,,,False,,False,Bank of America Stadium,761532,
2026-04-11,2026,MLS,True,Inter Miami CF,Red Bull New York,2,2,,,False,,False,Nu Stadium,761533,
2026-04-11,2026,MLS,True,New England Revolution,D.C. United,1,0,,,False,,False,Gillette Stadium,761535,
2026-04-11,2026,MLS,True,Vancouver Whitecaps,New York City FC,2,0,,,False,,False,BC Place,761534,
2026-04-11,2026,MLS,True,Chicago Fire FC,Atlanta United FC,1,0,,,False,,False,Soldier Field,761536,
2026-04-11,2026,MLS,True,FC Dallas,St. Louis CITY SC,1,1,,,False,,False,Toyota Stadium,761538,
2026-04-11,2026,MLS,True,Sporting Kansas City,San Jose Earthquakes,1,3,,,False,,False,Children's Mercy Park,761537,
2026-04-11,2026,MLS,True,Colorado Rapids,Houston Dynamo FC,6,2,,,False,,False,Dick's Sporting Goods Park,761539,
2026-04-11,2026,MLS,True,San Diego FC,Minnesota United FC,1,2,,,False,,False,Snapdragon Stadium,761540,
2026-04-12,2026,MLS,True,Columbus Crew,Orlando City SC,1,1,,,False,,False,ScottsMiracle-Gro Field,761542,
2026-04-17,2026,MLS,True,Vancouver Whitecaps,Sporting Kansas City,3,0,,,False,,False,BC Place,761544,
2026-04-18,2026,MLS,True,Toronto FC,Austin FC,3,3,,,False,,False,BMO Field,761545,
2026-04-18,2026,MLS,True,CF Montréal,Red Bull New York,4,1,,,False,,False,Stade Saputo,761557,
2026-04-18,2026,MLS,True,Colorado Rapids,Inter Miami CF,2,3,,,False,,False,Empower Field at Mile High,761546,
2026-04-18,2026,MLS,True,Atlanta United FC,Nashville SC,0,2,,,False,,False,Mercedes-Benz Stadium,761547,
2026-04-18,2026,MLS,True,FC Cincinnati,Chicago Fire FC,3,3,,,False,,False,TQL Stadium,761550,
2026-04-18,2026,MLS,True,New England Revolution,Columbus Crew,2,1,,,False,,False,Gillette Stadium,761552,
2026-04-18,2026,MLS,True,New York City FC,Charlotte FC,1,2,,,False,,False,Citi Field,761551,
2026-04-18,2026,MLS,True,Orlando City SC,Houston Dynamo FC,0,1,,,False,,False,Inter&Co Stadium,761549,
2026-04-18,2026,MLS,True,Philadelphia Union,D.C. United,0,0,,,False,,False,Subaru Park,761548,
2026-04-18,2026,MLS,True,FC Dallas,LA Galaxy,2,2,,,False,,False,Toyota Stadium,761554,
2026-04-18,2026,MLS,True,Minnesota United FC,Portland Timbers,2,0,,,False,,False,Allianz Field,761553,
2026-04-18,2026,MLS,True,Real Salt Lake,San Diego FC,4,2,,,False,,False,America First Field,761556,
2026-04-18,2026,MLS,True,Seattle Sounders FC,St. Louis CITY SC,4,1,,,False,,False,Lumen Field,761555,
2026-04-19,2026,MLS,True,LAFC,San Jose Earthquakes,1,4,,,False,,False,BMO Stadium,761558,
2026-04-22,2026,MLS,True,New York City FC,FC Cincinnati,4,4,,,False,,False,Yankee Stadium,761564,
2026-04-22,2026,MLS,True,Orlando City SC,Charlotte FC,4,1,,,False,,False,Inter&Co Stadium,761562,
2026-04-22,2026,MLS,True,Red Bull New York,D.C. United,4,4,,,False,,False,Red Bull Arena,761561,
2026-04-22,2026,MLS,True,Toronto FC,Philadelphia Union,3,3,,,False,,False,BMO Field,761563,
2026-04-22,2026,MLS,True,Atlanta United FC,New England Revolution,1,2,,,False,,False,Mercedes-Benz Stadium,761560,
2026-04-22,2026,MLS,True,FC Dallas,Minnesota United FC,0,1,,,False,,False,Toyota Stadium,761566,
2026-04-22,2026,MLS,True,Houston Dynamo FC,San Diego FC,1,0,,,False,,False,Shell Energy Stadium,761565,
2026-04-22,2026,MLS,True,Real Salt Lake,Inter Miami CF,0,2,,,False,,False,America First Field,761567,
2026-04-22,2026,MLS,True,Columbus Crew,LA Galaxy,2,1,,,False,,False,ScottsMiracle-Gro Field,761559,
2026-04-22,2026,MLS,True,LAFC,Colorado Rapids,0,0,,,False,,False,BMO Stadium,761569,
2026-04-22,2026,MLS,True,San Jose Earthquakes,Austin FC,5,1,,,False,,False,PayPal Park,761568,
2026-04-25,2026,MLS,True,Toronto FC,Atlanta United FC,1,2,,,False,,False,BMO Field,761570,
2026-04-25,2026,MLS,True,CF Montréal,New York City FC,1,0,,,False,,False,Stade Saputo,761583,
2026-04-25,2026,MLS,True,Minnesota United FC,LAFC,0,1,,,False,,False,Allianz Field,761571,
2026-04-25,2026,MLS,True,Columbus Crew,Philadelphia Union,2,0,,,False,,False,ScottsMiracle-Gro Field,761573,
2026-04-25,2026,MLS,True,D.C. United,Orlando City SC,3,2,,,False,,False,Audi Field,761572,
2026-04-25,2026,MLS,True,FC Cincinnati,Red Bull New York,2,0,,,False,,False,TQL Stadium,761575,
2026-04-25,2026,MLS,True,Inter Miami CF,New England Revolution,1,1,,,False,,False,Nu Stadium,761574,
2026-04-25,2026,MLS,True,Austin FC,Houston Dynamo FC,2,0,,,False,,False,Q2 Stadium,761578,
2026-04-25,2026,MLS,True,Chicago Fire FC,Sporting Kansas City,5,0,,,False,,False,Soldier Field,761577,
2026-04-25,2026,MLS,True,Nashville SC,Charlotte FC,4,2,,,False,,False,GEODIS Park,761579,
2026-04-25,2026,MLS,True,St. Louis CITY SC,San Jose Earthquakes,2,3,,,False,,False,Energizer Park,761576,
2026-04-25,2026,MLS,True,San Diego FC,Portland Timbers,1,2,,,False,,False,Snapdragon Stadium,761580,
2026-04-25,2026,MLS,True,Seattle Sounders FC,FC Dallas,2,1,,,False,,False,Lumen Field,761581,
2026-04-25,2026,MLS,True,Vancouver Whitecaps,Colorado Rapids,3,1,,,False,,False,BC Place,761582,
2026-04-26,2026,MLS,True,LA Galaxy,Real Salt Lake,2,1,,,False,,False,Dignity Health Sports Park,761584,
2026-05-02,2026,MLS,True,Toronto FC,San Jose Earthquakes,1,1,,,False,,False,BMO Field,761597,
2026-05-02,2026,MLS,True,Sporting Kansas City,Seattle Sounders FC,1,1,,,False,,False,Children's Mercy Park,761585,
2026-05-02,2026,MLS,True,Real Salt Lake,Portland Timbers,2,0,,,False,,False,America First Field,761586,
2026-05-02,2026,MLS,True,Inter Miami CF,Orlando City SC,3,4,,,False,,False,Nu Stadium,761587,
2026-05-02,2026,MLS,True,Atlanta United FC,CF Montréal,3,1,,,False,,False,Mercedes-Benz Stadium,761590,
2026-05-02,2026,MLS,True,Columbus Crew,Minnesota United FC,2,3,,,False,,False,ScottsMiracle-Gro Field,761589,
2026-05-02,2026,MLS,True,New England Revolution,Charlotte FC,1,0,,,False,,False,Gillette Stadium,761591,
2026-05-02,2026,MLS,True,Philadelphia Union,Nashville SC,0,0,,,False,,False,Subaru Park,761588,
2026-05-02,2026,MLS,True,Red Bull New York,FC Dallas,0,2,,,False,,False,Red Bull Arena,761592,
2026-05-02,2026,MLS,True,Chicago Fire FC,FC Cincinnati,2,3,,,False,,False,Soldier Field,761593,
2026-05-02,2026,MLS,True,Houston Dynamo FC,Colorado Rapids,1,0,,,False,,False,Shell Energy Stadium,761594,
2026-05-02,2026,MLS,True,San Diego FC,LAFC,2,2,,,False,,False,Snapdragon Stadium,761595,
2026-05-02,2026,MLS,True,LA Galaxy,Vancouver Whitecaps,1,1,,,False,,False,Dignity Health Sports Park,761596,
2026-05-03,2026,MLS,True,New York City FC,D.C. United,0,2,,,False,,False,Citi Field,761598,
2026-05-03,2026,MLS,True,Austin FC,St. Louis CITY SC,2,0,,,False,,False,Q2 Stadium,761599,
2026-05-09,2026,MLS,True,Toronto FC,Inter Miami CF,2,4,,,False,,False,BMO Field,761611,
2026-05-09,2026,MLS,True,Chicago Fire FC,Red Bull New York,1,3,,,False,,False,Soldier Field,761600,
2026-05-09,2026,MLS,True,CF Montréal,Orlando City SC,2,0,,,False,,False,Stade Saputo,761610,
2026-05-09,2026,MLS,True,Atlanta United FC,LA Galaxy,1,2,,,False,,False,Mercedes-Benz Stadium,761602,
2026-05-09,2026,MLS,True,Charlotte FC,FC Cincinnati,2,2,,,False,,False,Bank of America Stadium,761603,
2026-05-09,2026,MLS,True,New England Revolution,Philadelphia Union,2,1,,,False,,False,Gillette Stadium,761601,
2026-05-09,2026,MLS,True,FC Dallas,Real Salt Lake,3,1,,,False,,False,Toyota Stadium,761604,
2026-05-09,2026,MLS,True,Nashville SC,D.C. United,2,2,,,False,,False,GEODIS Park,761605,
2026-05-09,2026,MLS,True,Colorado Rapids,St. Louis CITY SC,0,1,,,False,,False,Dick's Sporting Goods Park,761606,
2026-05-09,2026,MLS,True,Portland Timbers,Sporting Kansas City,6,0,,,False,,False,Providence Park,761607,
2026-05-09,2026,MLS,True,San Jose Earthquakes,Vancouver Whitecaps,1,1,,,False,,False,PayPal Park,761608,
2026-05-09,2026,MLS,True,Seattle Sounders FC,San Diego FC,1,1,,,False,,False,Lumen Field,761609,
2026-05-10,2026,MLS,True,New York City FC,Columbus Crew,3,0,,,False,,False,Yankee Stadium,761612,
2026-05-10,2026,MLS,True,Minnesota United FC,Austin FC,2,2,,,False,,False,Allianz Field,761613,
2026-05-10,2026,MLS,True,LAFC,Houston Dynamo FC,1,4,,,False,,False,BMO Stadium,761614,
2026-05-13,2026,MLS,True,Charlotte FC,New York City FC,0,1,,,False,,False,Bank of America Stadium,761615,
2026-05-13,2026,MLS,True,CF Montréal,Portland Timbers,2,2,,,False,,False,Stade Saputo,761618,
2026-05-13,2026,MLS,True,D.C. United,Chicago Fire FC,1,3,,,False,,False,Audi Field,761620,
2026-05-13,2026,MLS,True,FC Cincinnati,Inter Miami CF,3,5,,,False,,False,TQL Stadium,761619,
2026-05-13,2026,MLS,True,New England Revolution,Nashville SC,0,3,,,False,,False,Gillette Stadium,761617,
2026-05-13,2026,MLS,True,Orlando City SC,Philadelphia Union,4,3,,,False,,False,Inter&Co Stadium,761616,
2026-05-13,2026,MLS,True,Red Bull New York,Columbus Crew,3,2,,,False,,False,Red Bull Arena,761621,
2026-05-13,2026,MLS,True,FC Dallas,Vancouver Whitecaps,2,3,,,False,,False,Toyota Stadium,761622,
2026-05-13,2026,MLS,True,Minnesota United FC,Colorado Rapids,0,1,,,False,,False,Allianz Field,761624,
2026-05-13,2026,MLS,True,Sporting Kansas City,LA Galaxy,3,1,,,False,,False,Children's Mercy Park,761623,
2026-05-13,2026,MLS,True,St. Louis CITY SC,LAFC,2,1,,,False,,False,Energizer Park,761625,
2026-05-13,2026,MLS,True,Real Salt Lake,Houston Dynamo FC,3,0,,,False,,False,America First Field,761628,
2026-05-13,2026,MLS,True,San Diego FC,Austin FC,5,0,,,False,,False,Snapdragon Stadium,761627,
2026-05-13,2026,MLS,True,Seattle Sounders FC,San Jose Earthquakes,3,2,,,False,,False,Lumen Field,761626,
2026-05-16,2026,MLS,True,CF Montréal,Chicago Fire FC,0,2,,,False,,False,Stade Saputo,761632,
2026-05-16,2026,MLS,True,Charlotte FC,Toronto FC,3,1,,,False,,False,Bank of America Stadium,761631,
2026-05-16,2026,MLS,True,D.C. United,St. Louis CITY SC,1,1,,,False,,False,Audi Field,761630,
2026-05-16,2026,MLS,True,New England Revolution,Minnesota United FC,2,1,,,False,,False,Gillette Stadium,761635,
2026-05-16,2026,MLS,True,Orlando City SC,Atlanta United FC,1,1,,,False,,False,Inter&Co Stadium,761634,
2026-05-16,2026,MLS,True,Philadelphia Union,Columbus Crew,1,1,,,False,,False,Subaru Park,761629,
2026-05-16,2026,MLS,True,Red Bull New York,New York City FC,1,1,,,False,,False,Red Bull Arena,761633,
2026-05-16,2026,MLS,True,Austin FC,Sporting Kansas City,1,2,,,False,,False,Q2 Stadium,761637,
2026-05-16,2026,MLS,True,Houston Dynamo FC,Vancouver Whitecaps,1,0,,,False,,False,Shell Energy Stadium,761636,
2026-05-16,2026,MLS,True,Seattle Sounders FC,LA Galaxy,0,2,,,False,,False,Lumen Field,761638,
2026-05-16,2026,MLS,True,Real Salt Lake,Colorado Rapids,2,1,,,False,,False,America First Field,761639,
2026-05-16,2026,MLS,True,San Diego FC,FC Cincinnati,3,3,,,False,,False,Snapdragon Stadium,761640,
2026-05-16,2026,MLS,True,San Jose Earthquakes,FC Dallas,2,3,,,False,,False,PayPal Park,761641,
2026-05-17,2026,MLS,True,Inter Miami CF,Portland Timbers,2,0,,,False,,False,Nu Stadium,761642,
2026-05-17,2026,MLS,True,Nashville SC,LAFC,3,2,,,False,,False,GEODIS Park,761643,
2026-05-23,2026,MLS,True,St. Louis CITY SC,Austin FC,3,0,,,False,,False,Energizer Park,761644,
2026-05-23,2026,MLS,True,Minnesota United FC,Real Salt Lake,1,1,,,False,,False,Allianz Field,761650,
2026-05-23,2026,MLS,True,Charlotte FC,New England Revolution,1,0,,,False,,False,Bank of America Stadium,761647,
2026-05-23,2026,MLS,True,D.C. United,CF Montréal,4,4,,,False,,False,Audi Field,761646,
2026-05-23,2026,MLS,True,FC Cincinnati,Orlando City SC,6,2,,,False,,False,TQL Stadium,761645,
2026-05-23,2026,MLS,True,Chicago Fire FC,Toronto FC,2,1,,,False,,False,Soldier Field,761648,
2026-05-23,2026,MLS,True,Nashville SC,New York City FC,2,1,,,False,,False,GEODIS Park,761649,
2026-05-23,2026,MLS,True,Sporting Kansas City,Red Bull New York,1,2,,,False,,False,Children's Mercy Park,761651,
2026-05-23,2026,MLS,True,Colorado Rapids,FC Dallas,1,2,,,False,,False,Dick's Sporting Goods Park,761654,
2026-05-23,2026,MLS,True,Portland Timbers,San Jose Earthquakes,1,3,,,False,,False,Providence Park,761653,
2026-05-23,2026,MLS,True,San Diego FC,Vancouver Whitecaps,2,4,,,False,,False,Snapdragon Stadium,761652,
2026-05-23,2026,MLS,True,LA Galaxy,Houston Dynamo FC,1,1,,,False,,False,Dignity Health Sports Park,761655,
2026-05-24,2026,MLS,True,Columbus Crew,Atlanta United FC,2,0,,,False,,False,ScottsMiracle-Gro Field,761656,
2026-05-24,2026,MLS,True,Inter Miami CF,Philadelphia Union,6,4,,,False,,False,Nu Stadium,761657,
2026-05-24,2026,MLS,True,LAFC,Seattle Sounders FC,1,0,,,False,,False,BMO Stadium,761658,
1996-04-06,1996,MLS,True,San Jose Earthquakes,D.C. United,1,0,,,False,,False,,fbcsv-mls-1996-1996-04-06-San Jose Earthquakes-D.C. United,Regular
1996-04-13,1996,MLS,True,LA Galaxy,Red Bull New York,2,1,,,False,,False,,fbcsv-mls-1996-1996-04-13-LA Galaxy-Red Bull New York,Regular
1996-04-13,1996,MLS,True,Tampa Bay Mutiny,New England Revolution,3,2,,,False,,False,,fbcsv-mls-1996-1996-04-13-Tampa Bay Mutiny-New England Revolution,Regular
1996-04-13,1996,MLS,True,Columbus Crew,D.C. United,4,0,,,False,,False,,fbcsv-mls-1996-1996-04-13-Columbus Crew SC-D.C. United,Regular
1996-04-13,1996,MLS,True,Sporting Kansas City,Colorado Rapids,3,0,,,False,,False,,fbcsv-mls-1996-1996-04-13-Sporting Kansas City-Colorado Rapids,Regular
1996-04-14,1996,MLS,True,FC Dallas,San Jose Earthquakes,1,0,,,False,,False,,fbcsv-mls-1996-1996-04-14-FC Dallas-San Jose Earthquakes,Regular
1996-04-18,1996,MLS,True,FC Dallas,Sporting Kansas City,3,0,,,False,,False,,fbcsv-mls-1996-1996-04-18-FC Dallas-Sporting Kansas City,Regular
1996-04-20,1996,MLS,True,D.C. United,LA Galaxy,1,2,,,False,,False,,fbcsv-mls-1996-1996-04-20-D.C. United-LA Galaxy,Regular
1996-04-20,1996,MLS,True,Columbus Crew,Tampa Bay Mutiny,1,2,,,False,,False,,fbcsv-mls-1996-1996-04-20-Columbus Crew SC-Tampa Bay Mutiny,Regular
1996-04-20,1996,MLS,True,Red Bull New York,New England Revolution,0,1,,,False,,False,,fbcsv-mls-1996-1996-04-20-Red Bull New York-New England Revolution,Regular
1996-04-21,1996,MLS,True,Colorado Rapids,FC Dallas,3,1,,,False,,False,,fbcsv-mls-1996-1996-04-21-Colorado Rapids-FC Dallas,Regular
1996-04-21,1996,MLS,True,San Jose Earthquakes,Sporting Kansas City,2,3,,,False,,False,,fbcsv-mls-1996-1996-04-21-San Jose Earthquakes-Sporting Kansas City,Regular
1996-04-27,1996,MLS,True,Red Bull New York,Columbus Crew,0,2,,,False,,False,,fbcsv-mls-1996-1996-04-27-Red Bull New York-Columbus Crew SC,Regular
1996-04-27,1996,MLS,True,New England Revolution,D.C. United,2,1,,,False,,False,,fbcsv-mls-1996-1996-04-27-New England Revolution-D.C. United,Regular
1996-04-28,1996,MLS,True,Tampa Bay Mutiny,FC Dallas,1,2,,,False,,False,,fbcsv-mls-1996-1996-04-28-Tampa Bay Mutiny-FC Dallas,Regular
1996-04-28,1996,MLS,True,LA Galaxy,San Jose Earthquakes,2,1,,,False,,False,,fbcsv-mls-1996-1996-04-28-LA Galaxy-San Jose Earthquakes,Regular
1996-05-01,1996,MLS,True,D.C. United,FC Dallas,3,1,,,False,,False,,fbcsv-mls-1996-1996-05-01-D.C. United-FC Dallas,Regular
1996-05-02,1996,MLS,True,Sporting Kansas City,Columbus Crew,6,4,,,False,,False,,fbcsv-mls-1996-1996-05-02-Sporting Kansas City-Columbus Crew SC,Regular
1996-05-04,1996,MLS,True,Red Bull New York,Tampa Bay Mutiny,4,3,,,False,,False,,fbcsv-mls-1996-1996-05-04-Red Bull New York-Tampa Bay Mutiny,Regular
1996-05-04,1996,MLS,True,New England Revolution,San Jose Earthquakes,1,2,,,False,,False,,fbcsv-mls-1996-1996-05-04-New England Revolution-San Jose Earthquakes,Regular
1996-05-05,1996,MLS,True,FC Dallas,Columbus Crew,1,0,,,False,,False,,fbcsv-mls-1996-1996-05-05-FC Dallas-Columbus Crew SC,Regular
1996-05-05,1996,MLS,True,Colorado Rapids,Sporting Kansas City,4,0,,,False,,False,,fbcsv-mls-1996-1996-05-05-Colorado Rapids-Sporting Kansas City,Regular
1996-05-05,1996,MLS,True,LA Galaxy,D.C. United,3,1,,,False,,False,,fbcsv-mls-1996-1996-05-05-LA Galaxy-D.C. United,Regular
1996-05-08,1996,MLS,True,San Jose Earthquakes,Colorado Rapids,3,1,,,False,,False,,fbcsv-mls-1996-1996-05-08-San Jose Earthquakes-Colorado Rapids,Regular
1996-05-08,1996,MLS,True,Tampa Bay Mutiny,Sporting Kansas City,2,0,,,False,,False,,fbcsv-mls-1996-1996-05-08-Tampa Bay Mutiny-Sporting Kansas City,Regular
1996-05-11,1996,MLS,True,Colorado Rapids,Tampa Bay Mutiny,1,2,,,False,,False,,fbcsv-mls-1996-1996-05-11-Colorado Rapids-Tampa Bay Mutiny,Regular
1996-05-11,1996,MLS,True,Columbus Crew,New England Revolution,3,2,,,False,,False,,fbcsv-mls-1996-1996-05-11-Columbus Crew SC-New England Revolution,Regular
1996-05-11,1996,MLS,True,Sporting Kansas City,FC Dallas,2,3,,,False,,False,,fbcsv-mls-1996-1996-05-11-Sporting Kansas City-FC Dallas,Regular
1996-05-12,1996,MLS,True,D.C. United,Red Bull New York,1,2,,,False,,False,,fbcsv-mls-1996-1996-05-12-D.C. United-Red Bull New York,Regular
1996-05-12,1996,MLS,True,San Jose Earthquakes,LA Galaxy,1,2,,,False,,False,,fbcsv-mls-1996-1996-05-12-San Jose Earthquakes-LA Galaxy,Regular
1996-05-15,1996,MLS,True,D.C. United,Columbus Crew,5,2,,,False,,False,,fbcsv-mls-1996-1996-05-15-D.C. United-Columbus Crew SC,Regular
1996-05-16,1996,MLS,True,Red Bull New York,Colorado Rapids,3,0,,,False,,False,,fbcsv-mls-1996-1996-05-16-Red Bull New York-Colorado Rapids,Regular
1996-05-18,1996,MLS,True,Tampa Bay Mutiny,San Jose Earthquakes,3,2,,,False,,False,,fbcsv-mls-1996-1996-05-18-Tampa Bay Mutiny-San Jose Earthquakes,Regular
1996-05-18,1996,MLS,True,FC Dallas,D.C. United,3,2,,,False,,False,,fbcsv-mls-1996-1996-05-18-FC Dallas-D.C. United,Regular
1996-05-19,1996,MLS,True,New England Revolution,Red Bull New York,2,0,,,False,,False,,fbcsv-mls-1996-1996-05-19-New England Revolution-Red Bull New York,Regular
1996-05-19,1996,MLS,True,Columbus Crew,Colorado Rapids,2,4,,,False,,False,,fbcsv-mls-1996-1996-05-19-Columbus Crew SC-Colorado Rapids,Regular
1996-05-19,1996,MLS,True,LA Galaxy,Sporting Kansas City,2,0,,,False,,False,,fbcsv-mls-1996-1996-05-19-LA Galaxy-Sporting Kansas City,Regular
1996-05-22,1996,MLS,True,Sporting Kansas City,Red Bull New York,2,1,,,False,,False,,fbcsv-mls-1996-1996-05-22-Sporting Kansas City-Red Bull New York,Regular
1996-05-23,1996,MLS,True,FC Dallas,Tampa Bay Mutiny,0,1,,,False,,False,,fbcsv-mls-1996-1996-05-23-FC Dallas-Tampa Bay Mutiny,Regular
1996-05-25,1996,MLS,True,New England Revolution,Colorado Rapids,3,2,,,False,,False,,fbcsv-mls-1996-1996-05-25-New England Revolution-Colorado Rapids,Regular
1996-05-26,1996,MLS,True,LA Galaxy,Columbus Crew,3,2,,,False,,False,,fbcsv-mls-1996-1996-05-26-LA Galaxy-Columbus Crew SC,Regular
1996-05-29,1996,MLS,True,San Jose Earthquakes,Sporting Kansas City,2,1,,,False,,False,,fbcsv-mls-1996-1996-05-29-San Jose Earthquakes-Sporting Kansas City,Regular
1996-05-29,1996,MLS,True,Colorado Rapids,FC Dallas,2,0,,,False,,False,,fbcsv-mls-1996-1996-05-29-Colorado Rapids-FC Dallas,Regular
1996-05-30,1996,MLS,True,Red Bull New York,D.C. United,1,2,,,False,,False,,fbcsv-mls-1996-1996-05-30-Red Bull New York-D.C. United,Regular
1996-06-01,1996,MLS,True,San Jose Earthquakes,Columbus Crew,3,2,,,False,,False,,fbcsv-mls-1996-1996-06-01-San Jose Earthquakes-Columbus Crew SC,Regular
1996-06-01,1996,MLS,True,Tampa Bay Mutiny,LA Galaxy,1,2,,,False,,False,,fbcsv-mls-1996-1996-06-01-Tampa Bay Mutiny-LA Galaxy,Regular
1996-06-01,1996,MLS,True,Sporting Kansas City,New England Revolution,2,1,,,False,,False,,fbcsv-mls-1996-1996-06-01-Sporting Kansas City-New England Revolution,Regular
1996-06-02,1996,MLS,True,FC Dallas,Red Bull New York,0,1,,,False,,False,,fbcsv-mls-1996-1996-06-02-FC Dallas-Red Bull New York,Regular
1996-06-02,1996,MLS,True,Colorado Rapids,D.C. United,2,3,,,False,,False,,fbcsv-mls-1996-1996-06-02-Colorado Rapids-D.C. United,Regular
1996-06-05,1996,MLS,True,D.C. United,San Jose Earthquakes,3,1,,,False,,False,,fbcsv-mls-1996-1996-06-05-D.C. United-San Jose Earthquakes,Regular
1996-06-05,1996,MLS,True,Sporting Kansas City,Tampa Bay Mutiny,1,3,,,False,,False,,fbcsv-mls-1996-1996-06-05-Sporting Kansas City-Tampa Bay Mutiny,Regular
1996-06-06,1996,MLS,True,New England Revolution,LA Galaxy,2,3,,,False,,False,,fbcsv-mls-1996-1996-06-06-New England Revolution-LA Galaxy,Regular
1996-06-08,1996,MLS,True,Columbus Crew,Sporting Kansas City,3,4,,,False,,False,,fbcsv-mls-1996-1996-06-08-Columbus Crew SC-Sporting Kansas City,Regular
1996-06-08,1996,MLS,True,FC Dallas,San Jose Earthquakes,4,1,,,False,,False,,fbcsv-mls-1996-1996-06-08-FC Dallas-San Jose Earthquakes,Regular
1996-06-08,1996,MLS,True,Tampa Bay Mutiny,Colorado Rapids,2,1,,,False,,False,,fbcsv-mls-1996-1996-06-08-Tampa Bay Mutiny-Colorado Rapids,Regular
1996-06-09,1996,MLS,True,Red Bull New York,LA Galaxy,0,4,,,False,,False,,fbcsv-mls-1996-1996-06-09-Red Bull New York-LA Galaxy,Regular
1996-06-15,1996,MLS,True,New England Revolution,Sporting Kansas City,2,1,,,False,,False,,fbcsv-mls-1996-1996-06-15-New England Revolution-Sporting Kansas City,Regular
1996-06-15,1996,MLS,True,FC Dallas,Colorado Rapids,2,1,,,False,,False,,fbcsv-mls-1996-1996-06-15-FC Dallas-Colorado Rapids,Regular
1996-06-16,1996,MLS,True,Red Bull New York,San Jose Earthquakes,0,1,,,False,,False,,fbcsv-mls-1996-1996-06-16-Red Bull New York-San Jose Earthquakes,Regular
1996-06-16,1996,MLS,True,LA Galaxy,Tampa Bay Mutiny,3,2,,,False,,False,,fbcsv-mls-1996-1996-06-16-LA Galaxy-Tampa Bay Mutiny,Regular
1996-06-19,1996,MLS,True,Red Bull New York,FC Dallas,1,0,,,False,,False,,fbcsv-mls-1996-1996-06-19-Red Bull New York-FC Dallas,Regular
1996-06-19,1996,MLS,True,Columbus Crew,Colorado Rapids,2,3,,,False,,False,,fbcsv-mls-1996-1996-06-19-Columbus Crew SC-Colorado Rapids,Regular
1996-06-20,1996,MLS,True,Sporting Kansas City,D.C. United,5,1,,,False,,False,,fbcsv-mls-1996-1996-06-20-Sporting Kansas City-D.C. United,Regular
1996-06-22,1996,MLS,True,Tampa Bay Mutiny,Columbus Crew,3,4,,,False,,False,,fbcsv-mls-1996-1996-06-22-Tampa Bay Mutiny-Columbus Crew SC,Regular
1996-06-23,1996,MLS,True,New England Revolution,FC Dallas,1,4,,,False,,False,,fbcsv-mls-1996-1996-06-23-New England Revolution-FC Dallas,Regular
1996-06-23,1996,MLS,True,San Jose Earthquakes,D.C. United,2,1,,,False,,False,,fbcsv-mls-1996-1996-06-23-San Jose Earthquakes-D.C. United,Regular
1996-06-26,1996,MLS,True,LA Galaxy,Colorado Rapids,3,1,,,False,,False,,fbcsv-mls-1996-1996-06-26-LA Galaxy-Colorado Rapids,Regular
1996-06-26,1996,MLS,True,Red Bull New York,Sporting Kansas City,2,0,,,False,,False,,fbcsv-mls-1996-1996-06-26-Red Bull New York-Sporting Kansas City,Regular
1996-06-27,1996,MLS,True,New England Revolution,Columbus Crew,1,2,,,False,,False,,fbcsv-mls-1996-1996-06-27-New England Revolution-Columbus Crew SC,Regular
1996-06-29,1996,MLS,True,FC Dallas,Sporting Kansas City,0,1,,,False,,False,,fbcsv-mls-1996-1996-06-29-FC Dallas-Sporting Kansas City,Regular
1996-06-30,1996,MLS,True,Columbus Crew,Red Bull New York,0,4,,,False,,False,,fbcsv-mls-1996-1996-06-30-Columbus Crew SC-Red Bull New York,Regular
1996-06-30,1996,MLS,True,D.C. United,New England Revolution,3,1,,,False,,False,,fbcsv-mls-1996-1996-06-30-D.C. United-New England Revolution,Regular
1996-06-30,1996,MLS,True,Colorado Rapids,LA Galaxy,2,1,,,False,,False,,fbcsv-mls-1996-1996-06-30-Colorado Rapids-LA Galaxy,Regular
1996-06-30,1996,MLS,True,San Jose Earthquakes,Tampa Bay Mutiny,4,0,,,False,,False,,fbcsv-mls-1996-1996-06-30-San Jose Earthquakes-Tampa Bay Mutiny,Regular
1996-07-04,1996,MLS,True,LA Galaxy,New England Revolution,0,1,,,False,,False,,fbcsv-mls-1996-1996-07-04-LA Galaxy-New England Revolution,Regular
1996-07-04,1996,MLS,True,Tampa Bay Mutiny,Columbus Crew,4,1,,,False,,False,,fbcsv-mls-1996-1996-07-04-Tampa Bay Mutiny-Columbus Crew SC,Regular
1996-07-04,1996,MLS,True,FC Dallas,D.C. United,2,1,,,False,,False,,fbcsv-mls-1996-1996-07-04-FC Dallas-D.C. United,Regular
1996-07-04,1996,MLS,True,Colorado Rapids,Red Bull New York,3,1,,,False,,False,,fbcsv-mls-1996-1996-07-04-Colorado Rapids-Red Bull New York,Regular
1996-07-06,1996,MLS,True,San Jose Earthquakes,New England Revolution,1,2,,,False,,False,,fbcsv-mls-1996-1996-07-06-San Jose Earthquakes-New England Revolution,Regular
1996-07-06,1996,MLS,True,Sporting Kansas City,LA Galaxy,3,1,,,False,,False,,fbcsv-mls-1996-1996-07-06-Sporting Kansas City-LA Galaxy,Regular
1996-07-07,1996,MLS,True,Colorado Rapids,Columbus Crew,2,1,,,False,,False,,fbcsv-mls-1996-1996-07-07-Colorado Rapids-Columbus Crew SC,Regular
1996-07-07,1996,MLS,True,D.C. United,FC Dallas,6,1,,,False,,False,,fbcsv-mls-1996-1996-07-07-D.C. United-FC Dallas,Regular
1996-07-10,1996,MLS,True,Red Bull New York,FC Dallas,3,2,,,False,,False,,fbcsv-mls-1996-1996-07-10-Red Bull New York-FC Dallas,Regular
1996-07-10,1996,MLS,True,Sporting Kansas City,Colorado Rapids,2,0,,,False,,False,,fbcsv-mls-1996-1996-07-10-Sporting Kansas City-Colorado Rapids,Regular
1996-07-11,1996,MLS,True,Columbus Crew,New England Revolution,1,2,,,False,,False,,fbcsv-mls-1996-1996-07-11-Columbus Crew SC-New England Revolution,Regular
1996-07-12,1996,MLS,True,D.C. United,Tampa Bay Mutiny,1,0,,,False,,False,,fbcsv-mls-1996-1996-07-12-D.C. United-Tampa Bay Mutiny,Regular
1996-07-17,1996,MLS,True,FC Dallas,LA Galaxy,5,2,,,False,,False,,fbcsv-mls-1996-1996-07-17-FC Dallas-LA Galaxy,Regular
1996-07-17,1996,MLS,True,Colorado Rapids,San Jose Earthquakes,1,2,,,False,,False,,fbcsv-mls-1996-1996-07-17-Colorado Rapids-San Jose Earthquakes,Regular
1996-07-18,1996,MLS,True,Tampa Bay Mutiny,Sporting Kansas City,3,2,,,False,,False,,fbcsv-mls-1996-1996-07-18-Tampa Bay Mutiny-Sporting Kansas City,Regular
1996-07-20,1996,MLS,True,New England Revolution,D.C. United,2,0,,,False,,False,,fbcsv-mls-1996-1996-07-20-New England Revolution-D.C. United,Regular
1996-07-20,1996,MLS,True,Columbus Crew,San Jose Earthquakes,3,4,,,False,,False,,fbcsv-mls-1996-1996-07-20-Columbus Crew SC-San Jose Earthquakes,Regular
1996-07-20,1996,MLS,True,Sporting Kansas City,FC Dallas,1,2,,,False,,False,,fbcsv-mls-1996-1996-07-20-Sporting Kansas City-FC Dallas,Regular
1996-07-21,1996,MLS,True,Colorado Rapids,Tampa Bay Mutiny,1,3,,,False,,False,,fbcsv-mls-1996-1996-07-21-Colorado Rapids-Tampa Bay Mutiny,Regular
1996-07-21,1996,MLS,True,LA Galaxy,Red Bull New York,3,0,,,False,,False,,fbcsv-mls-1996-1996-07-21-LA Galaxy-Red Bull New York,Regular
1996-07-24,1996,MLS,True,Colorado Rapids,New England Revolution,2,0,,,False,,False,,fbcsv-mls-1996-1996-07-24-Colorado Rapids-New England Revolution,Regular
1996-07-24,1996,MLS,True,San Jose Earthquakes,Red Bull New York,0,1,,,False,,False,,fbcsv-mls-1996-1996-07-24-San Jose Earthquakes-Red Bull New York,Regular
1996-07-25,1996,MLS,True,Columbus Crew,Tampa Bay Mutiny,1,0,,,False,,False,,fbcsv-mls-1996-1996-07-25-Columbus Crew SC-Tampa Bay Mutiny,Regular
1996-07-27,1996,MLS,True,Tampa Bay Mutiny,LA Galaxy,4,3,,,False,,False,,fbcsv-mls-1996-1996-07-27-Tampa Bay Mutiny-LA Galaxy,Regular
1996-07-27,1996,MLS,True,FC Dallas,Colorado Rapids,3,0,,,False,,False,,fbcsv-mls-1996-1996-07-27-FC Dallas-Colorado Rapids,Regular
1996-07-27,1996,MLS,True,Sporting Kansas City,New England Revolution,4,2,,,False,,False,,fbcsv-mls-1996-1996-07-27-Sporting Kansas City-New England Revolution,Regular
1996-07-28,1996,MLS,True,Red Bull New York,San Jose Earthquakes,4,1,,,False,,False,,fbcsv-mls-1996-1996-07-28-Red Bull New York-San Jose Earthquakes,Regular
1996-07-28,1996,MLS,True,D.C. United,Columbus Crew,2,0,,,False,,False,,fbcsv-mls-1996-1996-07-28-D.C. United-Columbus Crew SC,Regular
1996-07-31,1996,MLS,True,Columbus Crew,FC Dallas,1,2,,,False,,False,,fbcsv-mls-1996-1996-07-31-Columbus Crew SC-FC Dallas,Regular
1996-07-31,1996,MLS,True,D.C. United,Sporting Kansas City,2,3,,,False,,False,,fbcsv-mls-1996-1996-07-31-D.C. United-Sporting Kansas City,Regular
1996-07-31,1996,MLS,True,New England Revolution,San Jose Earthquakes,2,0,,,False,,False,,fbcsv-mls-1996-1996-07-31-New England Revolution-San Jose Earthquakes,Regular
1996-08-01,1996,MLS,True,Colorado Rapids,LA Galaxy,2,3,,,False,,False,,fbcsv-mls-1996-1996-08-01-Colorado Rapids-LA Galaxy,Regular
1996-08-03,1996,MLS,True,New England Revolution,Red Bull New York,2,1,,,False,,False,,fbcsv-mls-1996-1996-08-03-New England Revolution-Red Bull New York,Regular
1996-08-03,1996,MLS,True,Tampa Bay Mutiny,Colorado Rapids,3,1,,,False,,False,,fbcsv-mls-1996-1996-08-03-Tampa Bay Mutiny-Colorado Rapids,Regular
1996-08-04,1996,MLS,True,D.C. United,Sporting Kansas City,2,4,,,False,,False,,fbcsv-mls-1996-1996-08-04-D.C. United-Sporting Kansas City,Regular
1996-08-04,1996,MLS,True,LA Galaxy,Columbus Crew,1,2,,,False,,False,,fbcsv-mls-1996-1996-08-04-LA Galaxy-Columbus Crew SC,Regular
1996-08-07,1996,MLS,True,Tampa Bay Mutiny,D.C. United,1,3,,,False,,False,,fbcsv-mls-1996-1996-08-07-Tampa Bay Mutiny-D.C. United,Regular
1996-08-07,1996,MLS,True,Colorado Rapids,Sporting Kansas City,4,2,,,False,,False,,fbcsv-mls-1996-1996-08-07-Colorado Rapids-Sporting Kansas City,Regular
1996-08-08,1996,MLS,True,LA Galaxy,New England Revolution,1,0,,,False,,False,,fbcsv-mls-1996-1996-08-08-LA Galaxy-New England Revolution,Regular
1996-08-10,1996,MLS,True,Columbus Crew,D.C. United,3,2,,,False,,False,,fbcsv-mls-1996-1996-08-10-Columbus Crew SC-D.C. United,Regular
1996-08-10,1996,MLS,True,FC Dallas,Tampa Bay Mutiny,2,1,,,False,,False,,fbcsv-mls-1996-1996-08-10-FC Dallas-Tampa Bay Mutiny,Regular
1996-08-11,1996,MLS,True,Sporting Kansas City,LA Galaxy,3,2,,,False,,False,,fbcsv-mls-1996-1996-08-11-Sporting Kansas City-LA Galaxy,Regular
1996-08-11,1996,MLS,True,Colorado Rapids,Red Bull New York,0,2,,,False,,False,,fbcsv-mls-1996-1996-08-11-Colorado Rapids-Red Bull New York,Regular
1996-08-11,1996,MLS,True,San Jose Earthquakes,New England Revolution,6,1,,,False,,False,,fbcsv-mls-1996-1996-08-11-San Jose Earthquakes-New England Revolution,Regular
1996-08-14,1996,MLS,True,Red Bull New York,New England Revolution,4,0,,,False,,False,,fbcsv-mls-1996-1996-08-14-Red Bull New York-New England Revolution,Regular
1996-08-14,1996,MLS,True,FC Dallas,Columbus Crew,2,3,,,False,,False,,fbcsv-mls-1996-1996-08-14-FC Dallas-Columbus Crew SC,Regular
1996-08-15,1996,MLS,True,Sporting Kansas City,San Jose Earthquakes,4,1,,,False,,False,,fbcsv-mls-1996-1996-08-15-Sporting Kansas City-San Jose Earthquakes,Regular
1996-08-16,1996,MLS,True,New England Revolution,Colorado Rapids,2,0,,,False,,False,,fbcsv-mls-1996-1996-08-16-New England Revolution-Colorado Rapids,Regular
1996-08-17,1996,MLS,True,Tampa Bay Mutiny,Red Bull New York,3,1,,,False,,False,,fbcsv-mls-1996-1996-08-17-Tampa Bay Mutiny-Red Bull New York,Regular
1996-08-18,1996,MLS,True,Columbus Crew,San Jose Earthquakes,2,0,,,False,,False,,fbcsv-mls-1996-1996-08-18-Columbus Crew SC-San Jose Earthquakes,Regular
1996-08-18,1996,MLS,True,D.C. United,LA Galaxy,2,1,,,False,,False,,fbcsv-mls-1996-1996-08-18-D.C. United-LA Galaxy,Regular
1996-08-21,1996,MLS,True,LA Galaxy,Sporting Kansas City,1,2,,,False,,False,,fbcsv-mls-1996-1996-08-21-LA Galaxy-Sporting Kansas City,Regular
1996-08-21,1996,MLS,True,Red Bull New York,D.C. United,2,3,,,False,,False,,fbcsv-mls-1996-1996-08-21-Red Bull New York-D.C. United,Regular
1996-08-21,1996,MLS,True,New England Revolution,Tampa Bay Mutiny,4,2,,,False,,False,,fbcsv-mls-1996-1996-08-21-New England Revolution-Tampa Bay Mutiny,Regular
1996-08-22,1996,MLS,True,San Jose Earthquakes,FC Dallas,1,0,,,False,,False,,fbcsv-mls-1996-1996-08-22-San Jose Earthquakes-FC Dallas,Regular
1996-08-24,1996,MLS,True,Columbus Crew,Sporting Kansas City,2,1,,,False,,False,,fbcsv-mls-1996-1996-08-24-Columbus Crew SC-Sporting Kansas City,Regular
1996-08-25,1996,MLS,True,D.C. United,Tampa Bay Mutiny,3,0,,,False,,False,,fbcsv-mls-1996-1996-08-25-D.C. United-Tampa Bay Mutiny,Regular
1996-08-25,1996,MLS,True,San Jose Earthquakes,Colorado Rapids,1,0,,,False,,False,,fbcsv-mls-1996-1996-08-25-San Jose Earthquakes-Colorado Rapids,Regular
1996-08-25,1996,MLS,True,LA Galaxy,FC Dallas,2,3,,,False,,False,,fbcsv-mls-1996-1996-08-25-LA Galaxy-FC Dallas,Regular
1996-08-28,1996,MLS,True,Columbus Crew,LA Galaxy,2,0,,,False,,False,,fbcsv-mls-1996-1996-08-28-Columbus Crew SC-LA Galaxy,Regular
1996-08-29,1996,MLS,True,Colorado Rapids,D.C. United,1,2,,,False,,False,,fbcsv-mls-1996-1996-08-29-Colorado Rapids-D.C. United,Regular
1996-08-31,1996,MLS,True,Tampa Bay Mutiny,New England Revolution,3,1,,,False,,False,,fbcsv-mls-1996-1996-08-31-Tampa Bay Mutiny-New England Revolution,Regular
1996-09-01,1996,MLS,True,Sporting Kansas City,Red Bull New York,3,2,,,False,,False,,fbcsv-mls-1996-1996-09-01-Sporting Kansas City-Red Bull New York,Regular
1996-09-01,1996,MLS,True,San Jose Earthquakes,LA Galaxy,1,2,,,False,,False,,fbcsv-mls-1996-1996-09-01-San Jose Earthquakes-LA Galaxy,Regular
1996-09-04,1996,MLS,True,Red Bull New York,Tampa Bay Mutiny,0,2,,,False,,False,,fbcsv-mls-1996-1996-09-04-Red Bull New York-Tampa Bay Mutiny,Regular
1996-09-04,1996,MLS,True,New England Revolution,FC Dallas,2,1,,,False,,False,,fbcsv-mls-1996-1996-09-04-New England Revolution-FC Dallas,Regular
1996-09-05,1996,MLS,True,LA Galaxy,Colorado Rapids,0,1,,,False,,False,,fbcsv-mls-1996-1996-09-05-LA Galaxy-Colorado Rapids,Regular
1996-09-06,1996,MLS,True,D.C. United,Red Bull New York,1,2,,,False,,False,,fbcsv-mls-1996-1996-09-06-D.C. United-Red Bull New York,Regular
1996-09-07,1996,MLS,True,Sporting Kansas City,Columbus Crew,1,5,,,False,,False,,fbcsv-mls-1996-1996-09-07-Sporting Kansas City-Columbus Crew SC,Regular
1996-09-07,1996,MLS,True,FC Dallas,New England Revolution,0,2,,,False,,False,,fbcsv-mls-1996-1996-09-07-FC Dallas-New England Revolution,Regular
1996-09-08,1996,MLS,True,Colorado Rapids,San Jose Earthquakes,1,3,,,False,,False,,fbcsv-mls-1996-1996-09-08-Colorado Rapids-San Jose Earthquakes,Regular
1996-09-10,1996,MLS,True,Red Bull New York,LA Galaxy,3,1,,,False,,False,,fbcsv-mls-1996-1996-09-10-Red Bull New York-LA Galaxy,Regular
1996-09-11,1996,MLS,True,San Jose Earthquakes,FC Dallas,2,3,,,False,,False,,fbcsv-mls-1996-1996-09-11-San Jose Earthquakes-FC Dallas,Regular
1996-09-12,1996,MLS,True,New England Revolution,Tampa Bay Mutiny,1,2,,,False,,False,,fbcsv-mls-1996-1996-09-12-New England Revolution-Tampa Bay Mutiny,Regular
1996-09-14,1996,MLS,True,Tampa Bay Mutiny,D.C. United,2,0,,,False,,False,,fbcsv-mls-1996-1996-09-14-Tampa Bay Mutiny-D.C. United,Regular
1996-09-15,1996,MLS,True,Columbus Crew,Red Bull New York,2,0,,,False,,False,,fbcsv-mls-1996-1996-09-15-Columbus Crew SC-Red Bull New York,Regular
1996-09-15,1996,MLS,True,LA Galaxy,San Jose Earthquakes,4,2,,,False,,False,,fbcsv-mls-1996-1996-09-15-LA Galaxy-San Jose Earthquakes,Regular
1996-09-17,1996,MLS,True,D.C. United,New England Revolution,3,2,,,False,,False,,fbcsv-mls-1996-1996-09-17-D.C. United-New England Revolution,Regular
1996-09-18,1996,MLS,True,San Jose Earthquakes,Tampa Bay Mutiny,1,2,,,False,,False,,fbcsv-mls-1996-1996-09-18-San Jose Earthquakes-Tampa Bay Mutiny,Regular
1996-09-18,1996,MLS,True,Red Bull New York,Columbus Crew,1,0,,,False,,False,,fbcsv-mls-1996-1996-09-18-Red Bull New York-Columbus Crew SC,Regular
1996-09-19,1996,MLS,True,FC Dallas,LA Galaxy,1,2,,,False,,False,,fbcsv-mls-1996-1996-09-19-FC Dallas-LA Galaxy,Regular
1996-09-21,1996,MLS,True,New England Revolution,Columbus Crew,0,1,,,False,,False,,fbcsv-mls-1996-1996-09-21-New England Revolution-Columbus Crew SC,Regular
1996-09-21,1996,MLS,True,D.C. United,Colorado Rapids,3,1,,,False,,False,,fbcsv-mls-1996-1996-09-21-D.C. United-Colorado Rapids,Regular
1996-09-21,1996,MLS,True,Tampa Bay Mutiny,Red Bull New York,4,1,,,False,,False,,fbcsv-mls-1996-1996-09-21-Tampa Bay Mutiny-Red Bull New York,Regular
1996-09-21,1996,MLS,True,Sporting Kansas City,San Jose Earthquakes,0,1,,,False,,False,,fbcsv-mls-1996-1996-09-21-Sporting Kansas City-San Jose Earthquakes,Regular
1996-09-22,1996,MLS,True,LA Galaxy,FC Dallas,2,1,,,False,,False,,fbcsv-mls-1996-1996-09-22-LA Galaxy-FC Dallas,Regular
1996-09-25,1996,MLS,True,Columbus Crew,Tampa Bay Mutiny,0,2,,,False,,False,,fbcsv-mls-1996-1996-09-25-Columbus Crew SC-Tampa Bay Mutiny,Playoff
1996-09-26,1996,MLS,True,Sporting Kansas City,FC Dallas,3,2,,,False,,False,,fbcsv-mls-1996-1996-09-26-Sporting Kansas City-FC Dallas,Playoff
1996-09-26,1996,MLS,True,San Jose Earthquakes,LA Galaxy,1,0,,,False,,False,,fbcsv-mls-1996-1996-09-26-San Jose Earthquakes-LA Galaxy,Playoff
1996-09-27,1996,MLS,True,D.C. United,Red Bull New York,1,0,,,False,,False,,fbcsv-mls-1996-1996-09-27-D.C. United-Red Bull New York,Playoff
1996-09-28,1996,MLS,True,Tampa Bay Mutiny,Columbus Crew,1,2,,,False,,False,,fbcsv-mls-1996-1996-09-28-Tampa Bay Mutiny-Columbus Crew SC,Playoff
1996-09-29,1996,MLS,True,FC Dallas,Sporting Kansas City,2,1,,,False,,False,,fbcsv-mls-1996-1996-09-29-FC Dallas-Sporting Kansas City,Playoff
1996-09-29,1996,MLS,True,LA Galaxy,San Jose Earthquakes,2,0,,,False,,False,,fbcsv-mls-1996-1996-09-29-LA Galaxy-San Jose Earthquakes,Playoff
1996-10-02,1996,MLS,True,LA Galaxy,San Jose Earthquakes,2,0,,,False,,False,,fbcsv-mls-1996-1996-10-02-LA Galaxy-San Jose Earthquakes,Playoff
1996-10-02,1996,MLS,True,Tampa Bay Mutiny,Columbus Crew,4,1,,,False,,False,,fbcsv-mls-1996-1996-10-02-Tampa Bay Mutiny-Columbus Crew SC,Playoff
1996-10-02,1996,MLS,True,D.C. United,Red Bull New York,2,1,,,False,,False,,fbcsv-mls-1996-1996-10-02-D.C. United-Red Bull New York,Playoff
1996-10-10,1996,MLS,True,D.C. United,Tampa Bay Mutiny,4,1,,,False,,False,,fbcsv-mls-1996-1996-10-10-D.C. United-Tampa Bay Mutiny,Playoff
1996-10-10,1996,MLS,True,LA Galaxy,Sporting Kansas City,2,1,,,False,,False,,fbcsv-mls-1996-1996-10-10-LA Galaxy-Sporting Kansas City,Playoff
1996-10-12,1996,MLS,True,Tampa Bay Mutiny,D.C. United,1,2,,,False,,False,,fbcsv-mls-1996-1996-10-12-Tampa Bay Mutiny-D.C. United,Playoff
1997-03-22,1997,MLS,True,San Jose Earthquakes,Red Bull New York,1,0,,,False,,False,,fbcsv-mls-1997-1997-03-22-San Jose Earthquakes-Red Bull New York,Regular
1997-03-29,1997,MLS,True,LA Galaxy,D.C. United,0,1,,,False,,False,,fbcsv-mls-1997-1997-03-29-LA Galaxy-D.C. United,Regular
1997-03-29,1997,MLS,True,Columbus Crew,Colorado Rapids,2,1,,,False,,False,,fbcsv-mls-1997-1997-03-29-Columbus Crew SC-Colorado Rapids,Regular
1997-03-29,1997,MLS,True,Sporting Kansas City,San Jose Earthquakes,3,2,,,False,,False,,fbcsv-mls-1997-1997-03-29-Sporting Kansas City-San Jose Earthquakes,Regular
1997-03-29,1997,MLS,True,FC Dallas,New England Revolution,0,1,,,False,,False,,fbcsv-mls-1997-1997-03-29-FC Dallas-New England Revolution,Regular
1997-03-29,1997,MLS,True,Tampa Bay Mutiny,Red Bull New York,2,1,,,False,,False,,fbcsv-mls-1997-1997-03-29-Tampa Bay Mutiny-Red Bull New York,Regular
1997-04-05,1997,MLS,True,D.C. United,Red Bull New York,2,1,,,False,,False,,fbcsv-mls-1997-1997-04-05-D.C. United-Red Bull New York,Regular
1997-04-05,1997,MLS,True,Sporting Kansas City,LA Galaxy,3,2,,,False,,False,,fbcsv-mls-1997-1997-04-05-Sporting Kansas City-LA Galaxy,Regular
1997-04-05,1997,MLS,True,FC Dallas,San Jose Earthquakes,2,1,,,False,,False,,fbcsv-mls-1997-1997-04-05-FC Dallas-San Jose Earthquakes,Regular
1997-04-06,1997,MLS,True,Colorado Rapids,Columbus Crew,2,0,,,False,,False,,fbcsv-mls-1997-1997-04-06-Colorado Rapids-Columbus Crew SC,Regular
1997-04-06,1997,MLS,True,Tampa Bay Mutiny,New England Revolution,4,0,,,False,,False,,fbcsv-mls-1997-1997-04-06-Tampa Bay Mutiny-New England Revolution,Regular
1997-04-12,1997,MLS,True,Tampa Bay Mutiny,Sporting Kansas City,2,1,,,False,,False,,fbcsv-mls-1997-1997-04-12-Tampa Bay Mutiny-Sporting Kansas City,Regular
1997-04-12,1997,MLS,True,Red Bull New York,New England Revolution,3,1,,,False,,False,,fbcsv-mls-1997-1997-04-12-Red Bull New York-New England Revolution,Regular
1997-04-12,1997,MLS,True,Colorado Rapids,D.C. United,2,5,,,False,,False,,fbcsv-mls-1997-1997-04-12-Colorado Rapids-D.C. United,Regular
1997-04-12,1997,MLS,True,San Jose Earthquakes,LA Galaxy,4,1,,,False,,False,,fbcsv-mls-1997-1997-04-12-San Jose Earthquakes-LA Galaxy,Regular
1997-04-13,1997,MLS,True,Columbus Crew,FC Dallas,2,1,,,False,,False,,fbcsv-mls-1997-1997-04-13-Columbus Crew SC-FC Dallas,Regular
1997-04-18,1997,MLS,True,LA Galaxy,Colorado Rapids,2,1,,,False,,False,,fbcsv-mls-1997-1997-04-18-LA Galaxy-Colorado Rapids,Regular
1997-04-18,1997,MLS,True,Sporting Kansas City,FC Dallas,2,1,,,False,,False,,fbcsv-mls-1997-1997-04-18-Sporting Kansas City-FC Dallas,Regular
1997-04-19,1997,MLS,True,Red Bull New York,D.C. United,1,2,,,False,,False,,fbcsv-mls-1997-1997-04-19-Red Bull New York-D.C. United,Regular
1997-04-19,1997,MLS,True,Columbus Crew,San Jose Earthquakes,2,1,,,False,,False,,fbcsv-mls-1997-1997-04-19-Columbus Crew SC-San Jose Earthquakes,Regular
1997-04-20,1997,MLS,True,FC Dallas,Colorado Rapids,4,1,,,False,,False,,fbcsv-mls-1997-1997-04-20-FC Dallas-Colorado Rapids,Regular
1997-04-20,1997,MLS,True,New England Revolution,Tampa Bay Mutiny,2,1,,,False,,False,,fbcsv-mls-1997-1997-04-20-New England Revolution-Tampa Bay Mutiny,Regular
1997-04-23,1997,MLS,True,Colorado Rapids,FC Dallas,1,0,,,False,,False,,fbcsv-mls-1997-1997-04-23-Colorado Rapids-FC Dallas,Regular
1997-04-26,1997,MLS,True,LA Galaxy,FC Dallas,1,2,,,False,,False,,fbcsv-mls-1997-1997-04-26-LA Galaxy-FC Dallas,Regular
1997-04-26,1997,MLS,True,Red Bull New York,Columbus Crew,2,1,,,False,,False,,fbcsv-mls-1997-1997-04-26-Red Bull New York-Columbus Crew SC,Regular
1997-04-26,1997,MLS,True,New England Revolution,Colorado Rapids,2,1,,,False,,False,,fbcsv-mls-1997-1997-04-26-New England Revolution-Colorado Rapids,Regular
1997-04-26,1997,MLS,True,D.C. United,San Jose Earthquakes,2,3,,,False,,False,,fbcsv-mls-1997-1997-04-26-D.C. United-San Jose Earthquakes,Regular
1997-04-27,1997,MLS,True,Sporting Kansas City,Tampa Bay Mutiny,2,3,,,False,,False,,fbcsv-mls-1997-1997-04-27-Sporting Kansas City-Tampa Bay Mutiny,Regular
1997-05-02,1997,MLS,True,D.C. United,LA Galaxy,2,0,,,False,,False,,fbcsv-mls-1997-1997-05-02-D.C. United-LA Galaxy,Regular
1997-05-03,1997,MLS,True,New England Revolution,Sporting Kansas City,2,1,,,False,,False,,fbcsv-mls-1997-1997-05-03-New England Revolution-Sporting Kansas City,Regular
1997-05-03,1997,MLS,True,San Jose Earthquakes,Columbus Crew,1,3,,,False,,False,,fbcsv-mls-1997-1997-05-03-San Jose Earthquakes-Columbus Crew SC,Regular
1997-05-03,1997,MLS,True,Colorado Rapids,Tampa Bay Mutiny,2,0,,,False,,False,,fbcsv-mls-1997-1997-05-03-Colorado Rapids-Tampa Bay Mutiny,Regular
1997-05-04,1997,MLS,True,Red Bull New York,LA Galaxy,1,0,,,False,,False,,fbcsv-mls-1997-1997-05-04-Red Bull New York-LA Galaxy,Regular
1997-05-04,1997,MLS,True,FC Dallas,D.C. United,3,2,,,False,,False,,fbcsv-mls-1997-1997-05-04-FC Dallas-D.C. United,Regular
1997-05-09,1997,MLS,True,New England Revolution,Columbus Crew,0,2,,,False,,False,,fbcsv-mls-1997-1997-05-09-New England Revolution-Columbus Crew SC,Regular
1997-05-09,1997,MLS,True,Red Bull New York,San Jose Earthquakes,0,1,,,False,,False,,fbcsv-mls-1997-1997-05-09-Red Bull New York-San Jose Earthquakes,Regular
1997-05-10,1997,MLS,True,D.C. United,FC Dallas,2,3,,,False,,False,,fbcsv-mls-1997-1997-05-10-D.C. United-FC Dallas,Regular
1997-05-10,1997,MLS,True,Tampa Bay Mutiny,Colorado Rapids,2,1,,,False,,False,,fbcsv-mls-1997-1997-05-10-Tampa Bay Mutiny-Colorado Rapids,Regular
1997-05-10,1997,MLS,True,Sporting Kansas City,LA Galaxy,1,0,,,False,,False,,fbcsv-mls-1997-1997-05-10-Sporting Kansas City-LA Galaxy,Regular
1997-05-11,1997,MLS,True,Columbus Crew,Red Bull New York,3,0,,,False,,False,,fbcsv-mls-1997-1997-05-11-Columbus Crew SC-Red Bull New York,Regular
1997-05-16,1997,MLS,True,San Jose Earthquakes,New England Revolution,1,2,,,False,,False,,fbcsv-mls-1997-1997-05-16-San Jose Earthquakes-New England Revolution,Regular
1997-05-17,1997,MLS,True,FC Dallas,Tampa Bay Mutiny,2,0,,,False,,False,,fbcsv-mls-1997-1997-05-17-FC Dallas-Tampa Bay Mutiny,Regular
1997-05-17,1997,MLS,True,Colorado Rapids,Columbus Crew,2,1,,,False,,False,,fbcsv-mls-1997-1997-05-17-Colorado Rapids-Columbus Crew SC,Regular
1997-05-18,1997,MLS,True,New England Revolution,D.C. United,0,1,,,False,,False,,fbcsv-mls-1997-1997-05-18-New England Revolution-D.C. United,Regular
1997-05-18,1997,MLS,True,Red Bull New York,Sporting Kansas City,1,0,,,False,,False,,fbcsv-mls-1997-1997-05-18-Red Bull New York-Sporting Kansas City,Regular
1997-05-18,1997,MLS,True,LA Galaxy,San Jose Earthquakes,2,1,,,False,,False,,fbcsv-mls-1997-1997-05-18-LA Galaxy-San Jose Earthquakes,Regular
1997-05-22,1997,MLS,True,D.C. United,San Jose Earthquakes,3,1,,,False,,False,,fbcsv-mls-1997-1997-05-22-D.C. United-San Jose Earthquakes,Regular
1997-05-22,1997,MLS,True,Sporting Kansas City,Columbus Crew,3,1,,,False,,False,,fbcsv-mls-1997-1997-05-22-Sporting Kansas City-Columbus Crew SC,Regular
1997-05-23,1997,MLS,True,Tampa Bay Mutiny,FC Dallas,1,3,,,False,,False,,fbcsv-mls-1997-1997-05-23-Tampa Bay Mutiny-FC Dallas,Regular
1997-05-24,1997,MLS,True,Colorado Rapids,New England Revolution,1,2,,,False,,False,,fbcsv-mls-1997-1997-05-24-Colorado Rapids-New England Revolution,Regular
1997-05-25,1997,MLS,True,LA Galaxy,Columbus Crew,1,0,,,False,,False,,fbcsv-mls-1997-1997-05-25-LA Galaxy-Columbus Crew SC,Regular
1997-05-25,1997,MLS,True,Red Bull New York,Tampa Bay Mutiny,3,2,,,False,,False,,fbcsv-mls-1997-1997-05-25-Red Bull New York-Tampa Bay Mutiny,Regular
1997-05-29,1997,MLS,True,Columbus Crew,D.C. United,2,3,,,False,,False,,fbcsv-mls-1997-1997-05-29-Columbus Crew SC-D.C. United,Regular
1997-05-30,1997,MLS,True,New England Revolution,Red Bull New York,3,1,,,False,,False,,fbcsv-mls-1997-1997-05-30-New England Revolution-Red Bull New York,Regular
1997-05-30,1997,MLS,True,LA Galaxy,Sporting Kansas City,1,3,,,False,,False,,fbcsv-mls-1997-1997-05-30-LA Galaxy-Sporting Kansas City,Regular
1997-06-01,1997,MLS,True,New England Revolution,FC Dallas,3,1,,,False,,False,,fbcsv-mls-1997-1997-06-01-New England Revolution-FC Dallas,Regular
1997-06-01,1997,MLS,True,San Jose Earthquakes,D.C. United,2,3,,,False,,False,,fbcsv-mls-1997-1997-06-01-San Jose Earthquakes-D.C. United,Regular
1997-06-01,1997,MLS,True,Colorado Rapids,Tampa Bay Mutiny,2,0,,,False,,False,,fbcsv-mls-1997-1997-06-01-Colorado Rapids-Tampa Bay Mutiny,Regular
1997-06-06,1997,MLS,True,FC Dallas,Sporting Kansas City,1,2,,,False,,False,,fbcsv-mls-1997-1997-06-06-FC Dallas-Sporting Kansas City,Regular
1997-06-07,1997,MLS,True,D.C. United,Colorado Rapids,5,0,,,False,,False,,fbcsv-mls-1997-1997-06-07-D.C. United-Colorado Rapids,Regular
1997-06-07,1997,MLS,True,Tampa Bay Mutiny,Columbus Crew,3,1,,,False,,False,,fbcsv-mls-1997-1997-06-07-Tampa Bay Mutiny-Columbus Crew SC,Regular
1997-06-08,1997,MLS,True,New England Revolution,LA Galaxy,1,0,,,False,,False,,fbcsv-mls-1997-1997-06-08-New England Revolution-LA Galaxy,Regular
1997-06-08,1997,MLS,True,San Jose Earthquakes,Sporting Kansas City,2,3,,,False,,False,,fbcsv-mls-1997-1997-06-08-San Jose Earthquakes-Sporting Kansas City,Regular
1997-06-13,1997,MLS,True,Red Bull New York,Colorado Rapids,1,3,,,False,,False,,fbcsv-mls-1997-1997-06-13-Red Bull New York-Colorado Rapids,Regular
1997-06-14,1997,MLS,True,New England Revolution,D.C. United,0,1,,,False,,False,,fbcsv-mls-1997-1997-06-14-New England Revolution-D.C. United,Regular
1997-06-15,1997,MLS,True,Columbus Crew,Colorado Rapids,0,2,,,False,,False,,fbcsv-mls-1997-1997-06-15-Columbus Crew SC-Colorado Rapids,Regular
1997-06-15,1997,MLS,True,Sporting Kansas City,San Jose Earthquakes,1,3,,,False,,False,,fbcsv-mls-1997-1997-06-15-Sporting Kansas City-San Jose Earthquakes,Regular
1997-06-15,1997,MLS,True,FC Dallas,Red Bull New York,3,1,,,False,,False,,fbcsv-mls-1997-1997-06-15-FC Dallas-Red Bull New York,Regular
1997-06-15,1997,MLS,True,LA Galaxy,Tampa Bay Mutiny,4,1,,,False,,False,,fbcsv-mls-1997-1997-06-15-LA Galaxy-Tampa Bay Mutiny,Regular
1997-06-21,1997,MLS,True,Tampa Bay Mutiny,San Jose Earthquakes,3,1,,,False,,False,,fbcsv-mls-1997-1997-06-21-Tampa Bay Mutiny-San Jose Earthquakes,Regular
1997-06-21,1997,MLS,True,Columbus Crew,Red Bull New York,2,1,,,False,,False,,fbcsv-mls-1997-1997-06-21-Columbus Crew SC-Red Bull New York,Regular
1997-06-21,1997,MLS,True,Sporting Kansas City,D.C. United,6,1,,,False,,False,,fbcsv-mls-1997-1997-06-21-Sporting Kansas City-D.C. United,Regular
1997-06-21,1997,MLS,True,Colorado Rapids,LA Galaxy,2,1,,,False,,False,,fbcsv-mls-1997-1997-06-21-Colorado Rapids-LA Galaxy,Regular
1997-06-22,1997,MLS,True,New England Revolution,FC Dallas,3,2,,,False,,False,,fbcsv-mls-1997-1997-06-22-New England Revolution-FC Dallas,Regular
1997-06-25,1997,MLS,True,Sporting Kansas City,Tampa Bay Mutiny,3,2,,,False,,False,,fbcsv-mls-1997-1997-06-25-Sporting Kansas City-Tampa Bay Mutiny,Regular
1997-06-28,1997,MLS,True,Tampa Bay Mutiny,LA Galaxy,3,2,,,False,,False,,fbcsv-mls-1997-1997-06-28-Tampa Bay Mutiny-LA Galaxy,Regular
1997-06-28,1997,MLS,True,Colorado Rapids,Sporting Kansas City,3,4,,,False,,False,,fbcsv-mls-1997-1997-06-28-Colorado Rapids-Sporting Kansas City,Regular
1997-06-28,1997,MLS,True,San Jose Earthquakes,FC Dallas,3,1,,,False,,False,,fbcsv-mls-1997-1997-06-28-San Jose Earthquakes-FC Dallas,Regular
1997-07-04,1997,MLS,True,Tampa Bay Mutiny,Red Bull New York,1,0,,,False,,False,,fbcsv-mls-1997-1997-07-04-Tampa Bay Mutiny-Red Bull New York,Regular
1997-07-04,1997,MLS,True,Columbus Crew,Sporting Kansas City,1,2,,,False,,False,,fbcsv-mls-1997-1997-07-04-Columbus Crew SC-Sporting Kansas City,Regular
1997-07-04,1997,MLS,True,FC Dallas,D.C. United,2,3,,,False,,False,,fbcsv-mls-1997-1997-07-04-FC Dallas-D.C. United,Regular
1997-07-04,1997,MLS,True,Colorado Rapids,San Jose Earthquakes,3,1,,,False,,False,,fbcsv-mls-1997-1997-07-04-Colorado Rapids-San Jose Earthquakes,Regular
1997-07-04,1997,MLS,True,LA Galaxy,New England Revolution,2,0,,,False,,False,,fbcsv-mls-1997-1997-07-04-LA Galaxy-New England Revolution,Regular
1997-07-06,1997,MLS,True,D.C. United,Tampa Bay Mutiny,3,2,,,False,,False,,fbcsv-mls-1997-1997-07-06-D.C. United-Tampa Bay Mutiny,Regular
1997-07-06,1997,MLS,True,Sporting Kansas City,FC Dallas,1,3,,,False,,False,,fbcsv-mls-1997-1997-07-06-Sporting Kansas City-FC Dallas,Regular
1997-07-06,1997,MLS,True,San Jose Earthquakes,New England Revolution,3,2,,,False,,False,,fbcsv-mls-1997-1997-07-06-San Jose Earthquakes-New England Revolution,Regular
1997-07-12,1997,MLS,True,New England Revolution,Sporting Kansas City,2,0,,,False,,False,,fbcsv-mls-1997-1997-07-12-New England Revolution-Sporting Kansas City,Regular
1997-07-12,1997,MLS,True,LA Galaxy,D.C. United,3,1,,,False,,False,,fbcsv-mls-1997-1997-07-12-LA Galaxy-D.C. United,Regular
1997-07-13,1997,MLS,True,Columbus Crew,FC Dallas,1,2,,,False,,False,,fbcsv-mls-1997-1997-07-13-Columbus Crew SC-FC Dallas,Regular
1997-07-13,1997,MLS,True,Red Bull New York,Colorado Rapids,4,1,,,False,,False,,fbcsv-mls-1997-1997-07-13-Red Bull New York-Colorado Rapids,Regular
1997-07-13,1997,MLS,True,San Jose Earthquakes,Tampa Bay Mutiny,2,3,,,False,,False,,fbcsv-mls-1997-1997-07-13-San Jose Earthquakes-Tampa Bay Mutiny,Regular
1997-07-18,1997,MLS,True,New England Revolution,Tampa Bay Mutiny,4,2,,,False,,False,,fbcsv-mls-1997-1997-07-18-New England Revolution-Tampa Bay Mutiny,Regular
1997-07-18,1997,MLS,True,FC Dallas,San Jose Earthquakes,3,1,,,False,,False,,fbcsv-mls-1997-1997-07-18-FC Dallas-San Jose Earthquakes,Regular
1997-07-19,1997,MLS,True,Sporting Kansas City,D.C. United,3,2,,,False,,False,,fbcsv-mls-1997-1997-07-19-Sporting Kansas City-D.C. United,Regular
1997-07-20,1997,MLS,True,Red Bull New York,LA Galaxy,0,4,,,False,,False,,fbcsv-mls-1997-1997-07-20-Red Bull New York-LA Galaxy,Regular
1997-07-20,1997,MLS,True,Columbus Crew,New England Revolution,1,0,,,False,,False,,fbcsv-mls-1997-1997-07-20-Columbus Crew SC-New England Revolution,Regular
1997-07-20,1997,MLS,True,Tampa Bay Mutiny,San Jose Earthquakes,3,1,,,False,,False,,fbcsv-mls-1997-1997-07-20-Tampa Bay Mutiny-San Jose Earthquakes,Regular
1997-07-20,1997,MLS,True,Colorado Rapids,FC Dallas,2,4,,,False,,False,,fbcsv-mls-1997-1997-07-20-Colorado Rapids-FC Dallas,Regular
1997-07-25,1997,MLS,True,D.C. United,Columbus Crew,2,1,,,False,,False,,fbcsv-mls-1997-1997-07-25-D.C. United-Columbus Crew SC,Regular
1997-07-25,1997,MLS,True,FC Dallas,LA Galaxy,0,3,,,False,,False,,fbcsv-mls-1997-1997-07-25-FC Dallas-LA Galaxy,Regular
1997-07-25,1997,MLS,True,San Jose Earthquakes,Colorado Rapids,1,2,,,False,,False,,fbcsv-mls-1997-1997-07-25-San Jose Earthquakes-Colorado Rapids,Regular
1997-07-26,1997,MLS,True,Sporting Kansas City,New England Revolution,1,0,,,False,,False,,fbcsv-mls-1997-1997-07-26-Sporting Kansas City-New England Revolution,Regular
1997-07-27,1997,MLS,True,Columbus Crew,Tampa Bay Mutiny,0,1,,,False,,False,,fbcsv-mls-1997-1997-07-27-Columbus Crew SC-Tampa Bay Mutiny,Regular
1997-07-27,1997,MLS,True,Red Bull New York,D.C. United,2,1,,,False,,False,,fbcsv-mls-1997-1997-07-27-Red Bull New York-D.C. United,Regular
1997-07-27,1997,MLS,True,Colorado Rapids,LA Galaxy,1,2,,,False,,False,,fbcsv-mls-1997-1997-07-27-Colorado Rapids-LA Galaxy,Regular
1997-07-30,1997,MLS,True,D.C. United,Columbus Crew,4,2,,,False,,False,,fbcsv-mls-1997-1997-07-30-D.C. United-Columbus Crew SC,Regular
1997-08-02,1997,MLS,True,D.C. United,Colorado Rapids,2,3,,,False,,False,,fbcsv-mls-1997-1997-08-02-D.C. United-Colorado Rapids,Regular
1997-08-02,1997,MLS,True,FC Dallas,Sporting Kansas City,1,2,,,False,,False,,fbcsv-mls-1997-1997-08-02-FC Dallas-Sporting Kansas City,Regular
1997-08-02,1997,MLS,True,LA Galaxy,Columbus Crew,1,2,,,False,,False,,fbcsv-mls-1997-1997-08-02-LA Galaxy-Columbus Crew SC,Regular
1997-08-03,1997,MLS,True,New England Revolution,San Jose Earthquakes,1,5,,,False,,False,,fbcsv-mls-1997-1997-08-03-New England Revolution-San Jose Earthquakes,Regular
1997-08-03,1997,MLS,True,Red Bull New York,Tampa Bay Mutiny,2,3,,,False,,False,,fbcsv-mls-1997-1997-08-03-Red Bull New York-Tampa Bay Mutiny,Regular
1997-08-09,1997,MLS,True,D.C. United,LA Galaxy,4,2,,,False,,False,,fbcsv-mls-1997-1997-08-09-D.C. United-LA Galaxy,Regular
1997-08-09,1997,MLS,True,Tampa Bay Mutiny,Sporting Kansas City,0,2,,,False,,False,,fbcsv-mls-1997-1997-08-09-Tampa Bay Mutiny-Sporting Kansas City,Regular
1997-08-09,1997,MLS,True,Colorado Rapids,New England Revolution,3,0,,,False,,False,,fbcsv-mls-1997-1997-08-09-Colorado Rapids-New England Revolution,Regular
1997-08-09,1997,MLS,True,San Jose Earthquakes,Columbus Crew,2,1,,,False,,False,,fbcsv-mls-1997-1997-08-09-San Jose Earthquakes-Columbus Crew SC,Regular
1997-08-14,1997,MLS,True,New England Revolution,LA Galaxy,1,2,,,False,,False,,fbcsv-mls-1997-1997-08-14-New England Revolution-LA Galaxy,Regular
1997-08-15,1997,MLS,True,Tampa Bay Mutiny,FC Dallas,2,1,,,False,,False,,fbcsv-mls-1997-1997-08-15-Tampa Bay Mutiny-FC Dallas,Regular
1997-08-15,1997,MLS,True,Colorado Rapids,Red Bull New York,2,0,,,False,,False,,fbcsv-mls-1997-1997-08-15-Colorado Rapids-Red Bull New York,Regular
1997-08-16,1997,MLS,True,Columbus Crew,D.C. United,2,0,,,False,,False,,fbcsv-mls-1997-1997-08-16-Columbus Crew SC-D.C. United,Regular
1997-08-17,1997,MLS,True,Sporting Kansas City,Red Bull New York,4,3,,,False,,False,,fbcsv-mls-1997-1997-08-17-Sporting Kansas City-Red Bull New York,Regular
1997-08-17,1997,MLS,True,LA Galaxy,San Jose Earthquakes,2,3,,,False,,False,,fbcsv-mls-1997-1997-08-17-LA Galaxy-San Jose Earthquakes,Regular
1997-08-23,1997,MLS,True,Columbus Crew,New England Revolution,2,1,,,False,,False,,fbcsv-mls-1997-1997-08-23-Columbus Crew SC-New England Revolution,Regular
1997-08-23,1997,MLS,True,FC Dallas,Red Bull New York,1,2,,,False,,False,,fbcsv-mls-1997-1997-08-23-FC Dallas-Red Bull New York,Regular
1997-08-24,1997,MLS,True,San Jose Earthquakes,Sporting Kansas City,2,3,,,False,,False,,fbcsv-mls-1997-1997-08-24-San Jose Earthquakes-Sporting Kansas City,Regular
1997-08-27,1997,MLS,True,D.C. United,New England Revolution,3,2,,,False,,False,,fbcsv-mls-1997-1997-08-27-D.C. United-New England Revolution,Regular
1997-08-28,1997,MLS,True,Sporting Kansas City,Colorado Rapids,1,0,,,False,,False,,fbcsv-mls-1997-1997-08-28-Sporting Kansas City-Colorado Rapids,Regular
1997-08-29,1997,MLS,True,Red Bull New York,San Jose Earthquakes,3,0,,,False,,False,,fbcsv-mls-1997-1997-08-29-Red Bull New York-San Jose Earthquakes,Regular
1997-08-30,1997,MLS,True,Columbus Crew,LA Galaxy,2,0,,,False,,False,,fbcsv-mls-1997-1997-08-30-Columbus Crew SC-LA Galaxy,Regular
1997-08-30,1997,MLS,True,Tampa Bay Mutiny,New England Revolution,4,0,,,False,,False,,fbcsv-mls-1997-1997-08-30-Tampa Bay Mutiny-New England Revolution,Regular
1997-08-31,1997,MLS,True,D.C. United,Sporting Kansas City,2,0,,,False,,False,,fbcsv-mls-1997-1997-08-31-D.C. United-Sporting Kansas City,Regular
1997-08-31,1997,MLS,True,FC Dallas,Colorado Rapids,4,1,,,False,,False,,fbcsv-mls-1997-1997-08-31-FC Dallas-Colorado Rapids,Regular
1997-09-04,1997,MLS,True,LA Galaxy,Red Bull New York,1,3,,,False,,False,,fbcsv-mls-1997-1997-09-04-LA Galaxy-Red Bull New York,Regular
1997-09-06,1997,MLS,True,FC Dallas,Columbus Crew,3,0,,,False,,False,,fbcsv-mls-1997-1997-09-06-FC Dallas-Columbus Crew SC,Regular
1997-09-06,1997,MLS,True,Colorado Rapids,Sporting Kansas City,1,2,,,False,,False,,fbcsv-mls-1997-1997-09-06-Colorado Rapids-Sporting Kansas City,Regular
1997-09-06,1997,MLS,True,San Jose Earthquakes,Red Bull New York,4,0,,,False,,False,,fbcsv-mls-1997-1997-09-06-San Jose Earthquakes-Red Bull New York,Regular
1997-09-07,1997,MLS,True,LA Galaxy,Tampa Bay Mutiny,6,1,,,False,,False,,fbcsv-mls-1997-1997-09-07-LA Galaxy-Tampa Bay Mutiny,Regular
1997-09-09,1997,MLS,True,Red Bull New York,New England Revolution,3,1,,,False,,False,,fbcsv-mls-1997-1997-09-09-Red Bull New York-New England Revolution,Regular
1997-09-10,1997,MLS,True,LA Galaxy,Colorado Rapids,2,0,,,False,,False,,fbcsv-mls-1997-1997-09-10-LA Galaxy-Colorado Rapids,Regular
1997-09-11,1997,MLS,True,San Jose Earthquakes,FC Dallas,0,1,,,False,,False,,fbcsv-mls-1997-1997-09-11-San Jose Earthquakes-FC Dallas,Regular
1997-09-12,1997,MLS,True,New England Revolution,Columbus Crew,1,0,,,False,,False,,fbcsv-mls-1997-1997-09-12-New England Revolution-Columbus Crew SC,Regular
1997-09-12,1997,MLS,True,Sporting Kansas City,Red Bull New York,0,1,,,False,,False,,fbcsv-mls-1997-1997-09-12-Sporting Kansas City-Red Bull New York,Regular
1997-09-13,1997,MLS,True,Tampa Bay Mutiny,D.C. United,1,2,,,False,,False,,fbcsv-mls-1997-1997-09-13-Tampa Bay Mutiny-D.C. United,Regular
1997-09-14,1997,MLS,True,Columbus Crew,Sporting Kansas City,4,0,,,False,,False,,fbcsv-mls-1997-1997-09-14-Columbus Crew SC-Sporting Kansas City,Regular
1997-09-14,1997,MLS,True,FC Dallas,LA Galaxy,1,3,,,False,,False,,fbcsv-mls-1997-1997-09-14-FC Dallas-LA Galaxy,Regular
1997-09-16,1997,MLS,True,Red Bull New York,FC Dallas,0,1,,,False,,False,,fbcsv-mls-1997-1997-09-16-Red Bull New York-FC Dallas,Regular
1997-09-16,1997,MLS,True,D.C. United,New England Revolution,3,2,,,False,,False,,fbcsv-mls-1997-1997-09-16-D.C. United-New England Revolution,Regular
1997-09-17,1997,MLS,True,Colorado Rapids,San Jose Earthquakes,1,2,,,False,,False,,fbcsv-mls-1997-1997-09-17-Colorado Rapids-San Jose Earthquakes,Regular
1997-09-18,1997,MLS,True,Tampa Bay Mutiny,Columbus Crew,2,1,,,False,,False,,fbcsv-mls-1997-1997-09-18-Tampa Bay Mutiny-Columbus Crew SC,Regular
1997-09-19,1997,MLS,True,LA Galaxy,FC Dallas,2,1,,,False,,False,,fbcsv-mls-1997-1997-09-19-LA Galaxy-FC Dallas,Regular
1997-09-20,1997,MLS,True,New England Revolution,Red Bull New York,3,2,,,False,,False,,fbcsv-mls-1997-1997-09-20-New England Revolution-Red Bull New York,Regular
1997-09-21,1997,MLS,True,D.C. United,Tampa Bay Mutiny,1,2,,,False,,False,,fbcsv-mls-1997-1997-09-21-D.C. United-Tampa Bay Mutiny,Regular
1997-09-21,1997,MLS,True,San Jose Earthquakes,LA Galaxy,2,3,,,False,,False,,fbcsv-mls-1997-1997-09-21-San Jose Earthquakes-LA Galaxy,Regular
1997-09-25,1997,MLS,True,Red Bull New York,Columbus Crew,0,1,,,False,,False,,fbcsv-mls-1997-1997-09-25-Red Bull New York-Columbus Crew SC,Regular
1997-09-25,1997,MLS,True,FC Dallas,New England Revolution,1,2,,,False,,False,,fbcsv-mls-1997-1997-09-25-FC Dallas-New England Revolution,Regular
1997-09-26,1997,MLS,True,Tampa Bay Mutiny,D.C. United,1,5,,,False,,False,,fbcsv-mls-1997-1997-09-26-Tampa Bay Mutiny-D.C. United,Regular
1997-09-26,1997,MLS,True,Sporting Kansas City,Colorado Rapids,5,2,,,False,,False,,fbcsv-mls-1997-1997-09-26-Sporting Kansas City-Colorado Rapids,Regular
1997-09-28,1997,MLS,True,Columbus Crew,Tampa Bay Mutiny,2,1,,,False,,False,,fbcsv-mls-1997-1997-09-28-Columbus Crew SC-Tampa Bay Mutiny,Regular
1997-09-28,1997,MLS,True,D.C. United,Red Bull New York,1,3,,,False,,False,,fbcsv-mls-1997-1997-09-28-D.C. United-Red Bull New York,Regular
1997-09-28,1997,MLS,True,LA Galaxy,Sporting Kansas City,2,0,,,False,,False,,fbcsv-mls-1997-1997-09-28-LA Galaxy-Sporting Kansas City,Regular
1997-09-28,1997,MLS,True,San Jose Earthquakes,Colorado Rapids,1,3,,,False,,False,,fbcsv-mls-1997-1997-09-28-San Jose Earthquakes-Colorado Rapids,Regular
1997-10-04,1997,MLS,True,Sporting Kansas City,Colorado Rapids,0,3,,,False,,False,,fbcsv-mls-1997-1997-10-04-Sporting Kansas City-Colorado Rapids,Playoff
1997-10-05,1997,MLS,True,D.C. United,New England Revolution,4,1,,,False,,False,,fbcsv-mls-1997-1997-10-05-D.C. United-New England Revolution,Playoff
1997-10-05,1997,MLS,True,Tampa Bay Mutiny,Columbus Crew,1,2,,,False,,False,,fbcsv-mls-1997-1997-10-05-Tampa Bay Mutiny-Columbus Crew SC,Playoff
1997-10-08,1997,MLS,True,Colorado Rapids,Sporting Kansas City,3,2,,,False,,False,,fbcsv-mls-1997-1997-10-08-Colorado Rapids-Sporting Kansas City,Playoff
1997-10-08,1997,MLS,True,FC Dallas,LA Galaxy,3,0,,,False,,False,,fbcsv-mls-1997-1997-10-08-FC Dallas-LA Galaxy,Playoff
1997-10-08,1997,MLS,True,Columbus Crew,Tampa Bay Mutiny,2,0,,,False,,False,,fbcsv-mls-1997-1997-10-08-Columbus Crew SC-Tampa Bay Mutiny,Playoff
1997-10-12,1997,MLS,True,D.C. United,Columbus Crew,3,2,,,False,,False,,fbcsv-mls-1997-1997-10-12-D.C. United-Columbus Crew SC,Playoff
1997-10-12,1997,MLS,True,FC Dallas,Colorado Rapids,0,1,,,False,,False,,fbcsv-mls-1997-1997-10-12-FC Dallas-Colorado Rapids,Playoff
1997-10-15,1997,MLS,True,Columbus Crew,D.C. United,0,1,,,False,,False,,fbcsv-mls-1997-1997-10-15-Columbus Crew SC-D.C. United,Playoff
1997-10-15,1997,MLS,True,Colorado Rapids,FC Dallas,2,1,,,False,,False,,fbcsv-mls-1997-1997-10-15-Colorado Rapids-FC Dallas,Playoff
1997-10-26,1997,MLS,True,D.C. United,Colorado Rapids,2,1,,,False,,False,,fbcsv-mls-1997-1997-10-26-D.C. United-Colorado Rapids,Playoff
1998-03-14,1998,MLS,True,Miami Fusion,D.C. United,0,2,,,False,,False,,fbcsv-mls-1998-1998-03-14-Miami Fusion-D.C. United,Regular
1998-03-20,1998,MLS,True,D.C. United,Sporting Kansas City,3,2,,,False,,False,,fbcsv-mls-1998-1998-03-20-D.C. United-Sporting Kansas City,Regular
1998-03-20,1998,MLS,True,FC Dallas,Colorado Rapids,2,1,,,False,,False,,fbcsv-mls-1998-1998-03-20-FC Dallas-Colorado Rapids,Regular
1998-03-20,1998,MLS,True,LA Galaxy,San Jose Earthquakes,4,3,,,False,,False,,fbcsv-mls-1998-1998-03-20-LA Galaxy-San Jose Earthquakes,Regular
1998-03-20,1998,MLS,True,Miami Fusion,Chicago Fire FC,0,2,,,False,,False,,fbcsv-mls-1998-1998-03-20-Miami Fusion-Chicago Fire,Regular
1998-03-20,1998,MLS,True,Tampa Bay Mutiny,Columbus Crew,1,2,,,False,,False,,fbcsv-mls-1998-1998-03-20-Tampa Bay Mutiny-Columbus Crew SC,Regular
1998-03-25,1998,MLS,True,Tampa Bay Mutiny,Miami Fusion,0,1,,,False,,False,,fbcsv-mls-1998-1998-03-25-Tampa Bay Mutiny-Miami Fusion,Regular
1998-03-27,1998,MLS,True,San Jose Earthquakes,Colorado Rapids,2,3,,,False,,False,,fbcsv-mls-1998-1998-03-27-San Jose Earthquakes-Colorado Rapids,Regular
1998-03-27,1998,MLS,True,LA Galaxy,Red Bull New York,3,2,,,False,,False,,fbcsv-mls-1998-1998-03-27-LA Galaxy-Red Bull New York,Regular
1998-03-28,1998,MLS,True,D.C. United,New England Revolution,2,1,,,False,,False,,fbcsv-mls-1998-1998-03-28-D.C. United-New England Revolution,Regular
1998-03-28,1998,MLS,True,FC Dallas,Columbus Crew,2,1,,,False,,False,,fbcsv-mls-1998-1998-03-28-FC Dallas-Columbus Crew SC,Regular
1998-04-03,1998,MLS,True,Chicago Fire FC,Tampa Bay Mutiny,2,0,,,False,,False,,fbcsv-mls-1998-1998-04-03-Chicago Fire-Tampa Bay Mutiny,Regular
1998-04-03,1998,MLS,True,Colorado Rapids,LA Galaxy,0,1,,,False,,False,,fbcsv-mls-1998-1998-04-03-Colorado Rapids-LA Galaxy,Regular
1998-04-03,1998,MLS,True,Columbus Crew,D.C. United,2,1,,,False,,False,,fbcsv-mls-1998-1998-04-03-Columbus Crew SC-D.C. United,Regular
1998-04-03,1998,MLS,True,Miami Fusion,New England Revolution,2,1,,,False,,False,,fbcsv-mls-1998-1998-04-03-Miami Fusion-New England Revolution,Regular
1998-04-03,1998,MLS,True,Sporting Kansas City,Red Bull New York,2,0,,,False,,False,,fbcsv-mls-1998-1998-04-03-Sporting Kansas City-Red Bull New York,Regular
1998-04-04,1998,MLS,True,San Jose Earthquakes,FC Dallas,2,3,,,False,,False,,fbcsv-mls-1998-1998-04-04-San Jose Earthquakes-FC Dallas,Regular
1998-04-07,1998,MLS,True,Sporting Kansas City,Chicago Fire FC,1,0,,,False,,False,,fbcsv-mls-1998-1998-04-07-Sporting Kansas City-Chicago Fire,Regular
1998-04-10,1998,MLS,True,Columbus Crew,New England Revolution,3,2,,,False,,False,,fbcsv-mls-1998-1998-04-10-Columbus Crew SC-New England Revolution,Regular
1998-04-10,1998,MLS,True,D.C. United,Colorado Rapids,4,3,,,False,,False,,fbcsv-mls-1998-1998-04-10-D.C. United-Colorado Rapids,Regular
1998-04-10,1998,MLS,True,San Jose Earthquakes,Chicago Fire FC,1,0,,,False,,False,,fbcsv-mls-1998-1998-04-10-San Jose Earthquakes-Chicago Fire,Regular
1998-04-10,1998,MLS,True,Miami Fusion,Sporting Kansas City,2,1,,,False,,False,,fbcsv-mls-1998-1998-04-10-Miami Fusion-Sporting Kansas City,Regular
1998-04-10,1998,MLS,True,Tampa Bay Mutiny,FC Dallas,3,1,,,False,,False,,fbcsv-mls-1998-1998-04-10-Tampa Bay Mutiny-FC Dallas,Regular
1998-04-10,1998,MLS,True,Red Bull New York,LA Galaxy,2,3,,,False,,False,,fbcsv-mls-1998-1998-04-10-Red Bull New York-LA Galaxy,Regular
1998-04-16,1998,MLS,True,Chicago Fire FC,Red Bull New York,0,1,,,False,,False,,fbcsv-mls-1998-1998-04-16-Chicago Fire-Red Bull New York,Regular
1998-04-17,1998,MLS,True,Columbus Crew,Miami Fusion,5,1,,,False,,False,,fbcsv-mls-1998-1998-04-17-Columbus Crew SC-Miami Fusion,Regular
1998-04-17,1998,MLS,True,FC Dallas,San Jose Earthquakes,1,2,,,False,,False,,fbcsv-mls-1998-1998-04-17-FC Dallas-San Jose Earthquakes,Regular
1998-04-17,1998,MLS,True,New England Revolution,D.C. United,2,1,,,False,,False,,fbcsv-mls-1998-1998-04-17-New England Revolution-D.C. United,Regular
1998-04-17,1998,MLS,True,Sporting Kansas City,LA Galaxy,1,2,,,False,,False,,fbcsv-mls-1998-1998-04-17-Sporting Kansas City-LA Galaxy,Regular
1998-04-18,1998,MLS,True,Colorado Rapids,Tampa Bay Mutiny,3,0,,,False,,False,,fbcsv-mls-1998-1998-04-18-Colorado Rapids-Tampa Bay Mutiny,Regular
1998-04-24,1998,MLS,True,Colorado Rapids,Chicago Fire FC,5,4,,,False,,False,,fbcsv-mls-1998-1998-04-24-Colorado Rapids-Chicago Fire,Regular
1998-04-24,1998,MLS,True,FC Dallas,Sporting Kansas City,3,1,,,False,,False,,fbcsv-mls-1998-1998-04-24-FC Dallas-Sporting Kansas City,Regular
1998-04-24,1998,MLS,True,LA Galaxy,Tampa Bay Mutiny,5,1,,,False,,False,,fbcsv-mls-1998-1998-04-24-LA Galaxy-Tampa Bay Mutiny,Regular
1998-04-24,1998,MLS,True,New England Revolution,Miami Fusion,3,0,,,False,,False,,fbcsv-mls-1998-1998-04-24-New England Revolution-Miami Fusion,Regular
1998-04-24,1998,MLS,True,Red Bull New York,San Jose Earthquakes,4,3,,,False,,False,,fbcsv-mls-1998-1998-04-24-Red Bull New York-San Jose Earthquakes,Regular
1998-04-25,1998,MLS,True,D.C. United,Columbus Crew,2,1,,,False,,False,,fbcsv-mls-1998-1998-04-25-D.C. United-Columbus Crew SC,Regular
1998-04-28,1998,MLS,True,D.C. United,San Jose Earthquakes,3,1,,,False,,False,,fbcsv-mls-1998-1998-04-28-D.C. United-San Jose Earthquakes,Regular
1998-04-28,1998,MLS,True,Sporting Kansas City,LA Galaxy,0,2,,,False,,False,,fbcsv-mls-1998-1998-04-28-Sporting Kansas City-LA Galaxy,Regular
1998-04-29,1998,MLS,True,Tampa Bay Mutiny,Columbus Crew,0,1,,,False,,False,,fbcsv-mls-1998-1998-04-29-Tampa Bay Mutiny-Columbus Crew SC,Regular
1998-05-01,1998,MLS,True,Chicago Fire FC,D.C. United,1,3,,,False,,False,,fbcsv-mls-1998-1998-05-01-Chicago Fire-D.C. United,Regular
1998-05-01,1998,MLS,True,Miami Fusion,Colorado Rapids,3,2,,,False,,False,,fbcsv-mls-1998-1998-05-01-Miami Fusion-Colorado Rapids,Regular
1998-05-02,1998,MLS,True,San Jose Earthquakes,New England Revolution,1,3,,,False,,False,,fbcsv-mls-1998-1998-05-02-San Jose Earthquakes-New England Revolution,Regular
1998-05-02,1998,MLS,True,Tampa Bay Mutiny,Red Bull New York,0,1,,,False,,False,,fbcsv-mls-1998-1998-05-02-Tampa Bay Mutiny-Red Bull New York,Regular
1998-05-05,1998,MLS,True,LA Galaxy,Colorado Rapids,7,4,,,False,,False,,fbcsv-mls-1998-1998-05-05-LA Galaxy-Colorado Rapids,Regular
1998-05-05,1998,MLS,True,Red Bull New York,FC Dallas,0,1,,,False,,False,,fbcsv-mls-1998-1998-05-05-Red Bull New York-FC Dallas,Regular
1998-05-08,1998,MLS,True,Colorado Rapids,San Jose Earthquakes,2,3,,,False,,False,,fbcsv-mls-1998-1998-05-08-Colorado Rapids-San Jose Earthquakes,Regular
1998-05-08,1998,MLS,True,D.C. United,Red Bull New York,2,0,,,False,,False,,fbcsv-mls-1998-1998-05-08-D.C. United-Red Bull New York,Regular
1998-05-08,1998,MLS,True,Miami Fusion,Columbus Crew,2,0,,,False,,False,,fbcsv-mls-1998-1998-05-08-Miami Fusion-Columbus Crew SC,Regular
1998-05-09,1998,MLS,True,New England Revolution,Tampa Bay Mutiny,4,3,,,False,,False,,fbcsv-mls-1998-1998-05-09-New England Revolution-Tampa Bay Mutiny,Regular
1998-05-12,1998,MLS,True,D.C. United,New England Revolution,3,2,,,False,,False,,fbcsv-mls-1998-1998-05-12-D.C. United-New England Revolution,Regular
1998-05-12,1998,MLS,True,Tampa Bay Mutiny,Sporting Kansas City,2,1,,,False,,False,,fbcsv-mls-1998-1998-05-12-Tampa Bay Mutiny-Sporting Kansas City,Regular
1998-05-15,1998,MLS,True,FC Dallas,Colorado Rapids,2,1,,,False,,False,,fbcsv-mls-1998-1998-05-15-FC Dallas-Colorado Rapids,Regular
1998-05-15,1998,MLS,True,San Jose Earthquakes,Miami Fusion,2,0,,,False,,False,,fbcsv-mls-1998-1998-05-15-San Jose Earthquakes-Miami Fusion,Regular
1998-05-15,1998,MLS,True,Tampa Bay Mutiny,Chicago Fire FC,1,2,,,False,,False,,fbcsv-mls-1998-1998-05-15-Tampa Bay Mutiny-Chicago Fire,Regular
1998-05-15,1998,MLS,True,New England Revolution,Sporting Kansas City,1,3,,,False,,False,,fbcsv-mls-1998-1998-05-15-New England Revolution-Sporting Kansas City,Regular
1998-05-15,1998,MLS,True,Red Bull New York,D.C. United,4,3,,,False,,False,,fbcsv-mls-1998-1998-05-15-Red Bull New York-D.C. United,Regular
1998-05-16,1998,MLS,True,Columbus Crew,LA Galaxy,2,4,,,False,,False,,fbcsv-mls-1998-1998-05-16-Columbus Crew SC-LA Galaxy,Regular
1998-05-19,1998,MLS,True,Chicago Fire FC,LA Galaxy,3,1,,,False,,False,,fbcsv-mls-1998-1998-05-19-Chicago Fire-LA Galaxy,Regular
1998-05-19,1998,MLS,True,FC Dallas,Sporting Kansas City,1,2,,,False,,False,,fbcsv-mls-1998-1998-05-19-FC Dallas-Sporting Kansas City,Regular
1998-05-21,1998,MLS,True,New England Revolution,Columbus Crew,0,2,,,False,,False,,fbcsv-mls-1998-1998-05-21-New England Revolution-Columbus Crew SC,Regular
1998-05-22,1998,MLS,True,Chicago Fire FC,Colorado Rapids,5,0,,,False,,False,,fbcsv-mls-1998-1998-05-22-Chicago Fire-Colorado Rapids,Regular
1998-05-22,1998,MLS,True,D.C. United,Tampa Bay Mutiny,3,2,,,False,,False,,fbcsv-mls-1998-1998-05-22-D.C. United-Tampa Bay Mutiny,Regular
1998-05-22,1998,MLS,True,LA Galaxy,FC Dallas,4,1,,,False,,False,,fbcsv-mls-1998-1998-05-22-LA Galaxy-FC Dallas,Regular
1998-05-22,1998,MLS,True,Red Bull New York,Miami Fusion,4,2,,,False,,False,,fbcsv-mls-1998-1998-05-22-Red Bull New York-Miami Fusion,Regular
1998-05-22,1998,MLS,True,Sporting Kansas City,San Jose Earthquakes,0,1,,,False,,False,,fbcsv-mls-1998-1998-05-22-Sporting Kansas City-San Jose Earthquakes,Regular
1998-05-26,1998,MLS,True,Sporting Kansas City,Columbus Crew,2,1,,,False,,False,,fbcsv-mls-1998-1998-05-26-Sporting Kansas City-Columbus Crew SC,Regular
1998-05-27,1998,MLS,True,Colorado Rapids,Miami Fusion,3,0,,,False,,False,,fbcsv-mls-1998-1998-05-27-Colorado Rapids-Miami Fusion,Regular
1998-05-29,1998,MLS,True,Columbus Crew,San Jose Earthquakes,4,1,,,False,,False,,fbcsv-mls-1998-1998-05-29-Columbus Crew SC-San Jose Earthquakes,Regular
1998-05-29,1998,MLS,True,LA Galaxy,Chicago Fire FC,1,2,,,False,,False,,fbcsv-mls-1998-1998-05-29-LA Galaxy-Chicago Fire,Regular
1998-05-29,1998,MLS,True,Tampa Bay Mutiny,D.C. United,1,2,,,False,,False,,fbcsv-mls-1998-1998-05-29-Tampa Bay Mutiny-D.C. United,Regular
1998-05-30,1998,MLS,True,Colorado Rapids,Sporting Kansas City,2,1,,,False,,False,,fbcsv-mls-1998-1998-05-30-Colorado Rapids-Sporting Kansas City,Regular
1998-05-30,1998,MLS,True,FC Dallas,Miami Fusion,2,0,,,False,,False,,fbcsv-mls-1998-1998-05-30-FC Dallas-Miami Fusion,Regular
1998-05-30,1998,MLS,True,New England Revolution,Red Bull New York,1,2,,,False,,False,,fbcsv-mls-1998-1998-05-30-New England Revolution-Red Bull New York,Regular
1998-06-02,1998,MLS,True,San Jose Earthquakes,D.C. United,0,4,,,False,,False,,fbcsv-mls-1998-1998-06-02-San Jose Earthquakes-D.C. United,Regular
1998-06-02,1998,MLS,True,Red Bull New York,Tampa Bay Mutiny,1,2,,,False,,False,,fbcsv-mls-1998-1998-06-02-Red Bull New York-Tampa Bay Mutiny,Regular
1998-06-03,1998,MLS,True,FC Dallas,LA Galaxy,1,8,,,False,,False,,fbcsv-mls-1998-1998-06-03-FC Dallas-LA Galaxy,Regular
1998-06-05,1998,MLS,True,Chicago Fire FC,Columbus Crew,2,0,,,False,,False,,fbcsv-mls-1998-1998-06-05-Chicago Fire-Columbus Crew SC,Regular
1998-06-05,1998,MLS,True,Colorado Rapids,San Jose Earthquakes,2,0,,,False,,False,,fbcsv-mls-1998-1998-06-05-Colorado Rapids-San Jose Earthquakes,Regular
1998-06-05,1998,MLS,True,Sporting Kansas City,Tampa Bay Mutiny,1,0,,,False,,False,,fbcsv-mls-1998-1998-06-05-Sporting Kansas City-Tampa Bay Mutiny,Regular
1998-06-06,1998,MLS,True,D.C. United,FC Dallas,4,5,,,False,,False,,fbcsv-mls-1998-1998-06-06-D.C. United-FC Dallas,Regular
1998-06-06,1998,MLS,True,LA Galaxy,New England Revolution,5,1,,,False,,False,,fbcsv-mls-1998-1998-06-06-LA Galaxy-New England Revolution,Regular
1998-06-06,1998,MLS,True,Miami Fusion,Red Bull New York,1,2,,,False,,False,,fbcsv-mls-1998-1998-06-06-Miami Fusion-Red Bull New York,Regular
1998-06-10,1998,MLS,True,Chicago Fire FC,San Jose Earthquakes,5,2,,,False,,False,,fbcsv-mls-1998-1998-06-10-Chicago Fire-San Jose Earthquakes,Regular
1998-06-12,1998,MLS,True,Columbus Crew,D.C. United,3,4,,,False,,False,,fbcsv-mls-1998-1998-06-12-Columbus Crew SC-D.C. United,Regular
1998-06-12,1998,MLS,True,Red Bull New York,Miami Fusion,3,1,,,False,,False,,fbcsv-mls-1998-1998-06-12-Red Bull New York-Miami Fusion,Regular
1998-06-13,1998,MLS,True,New England Revolution,Chicago Fire FC,1,3,,,False,,False,,fbcsv-mls-1998-1998-06-13-New England Revolution-Chicago Fire,Regular
1998-06-16,1998,MLS,True,Chicago Fire FC,FC Dallas,1,0,,,False,,False,,fbcsv-mls-1998-1998-06-16-Chicago Fire-FC Dallas,Regular
1998-06-17,1998,MLS,True,LA Galaxy,Colorado Rapids,2,1,,,False,,False,,fbcsv-mls-1998-1998-06-17-LA Galaxy-Colorado Rapids,Regular
1998-06-19,1998,MLS,True,Columbus Crew,Red Bull New York,2,1,,,False,,False,,fbcsv-mls-1998-1998-06-19-Columbus Crew SC-Red Bull New York,Regular
1998-06-20,1998,MLS,True,FC Dallas,Tampa Bay Mutiny,0,1,,,False,,False,,fbcsv-mls-1998-1998-06-20-FC Dallas-Tampa Bay Mutiny,Regular
1998-06-23,1998,MLS,True,Chicago Fire FC,Sporting Kansas City,4,1,,,False,,False,,fbcsv-mls-1998-1998-06-23-Chicago Fire-Sporting Kansas City,Regular
1998-06-23,1998,MLS,True,Red Bull New York,New England Revolution,5,3,,,False,,False,,fbcsv-mls-1998-1998-06-23-Red Bull New York-New England Revolution,Regular
1998-06-24,1998,MLS,True,Colorado Rapids,D.C. United,3,1,,,False,,False,,fbcsv-mls-1998-1998-06-24-Colorado Rapids-D.C. United,Regular
1998-06-26,1998,MLS,True,San Jose Earthquakes,LA Galaxy,1,2,,,False,,False,,fbcsv-mls-1998-1998-06-26-San Jose Earthquakes-LA Galaxy,Regular
1998-06-26,1998,MLS,True,Miami Fusion,Tampa Bay Mutiny,2,1,,,False,,False,,fbcsv-mls-1998-1998-06-26-Miami Fusion-Tampa Bay Mutiny,Regular
1998-06-26,1998,MLS,True,New England Revolution,FC Dallas,3,4,,,False,,False,,fbcsv-mls-1998-1998-06-26-New England Revolution-FC Dallas,Regular
1998-06-30,1998,MLS,True,Chicago Fire FC,FC Dallas,4,1,,,False,,False,,fbcsv-mls-1998-1998-06-30-Chicago Fire-FC Dallas,Regular
1998-06-30,1998,MLS,True,Sporting Kansas City,New England Revolution,1,0,,,False,,False,,fbcsv-mls-1998-1998-06-30-Sporting Kansas City-New England Revolution,Regular
1998-07-01,1998,MLS,True,D.C. United,Miami Fusion,3,1,,,False,,False,,fbcsv-mls-1998-1998-07-01-D.C. United-Miami Fusion,Regular
1998-07-02,1998,MLS,True,San Jose Earthquakes,Columbus Crew,2,1,,,False,,False,,fbcsv-mls-1998-1998-07-02-San Jose Earthquakes-Columbus Crew SC,Regular
1998-07-03,1998,MLS,True,Colorado Rapids,Red Bull New York,1,0,,,False,,False,,fbcsv-mls-1998-1998-07-03-Colorado Rapids-Red Bull New York,Regular
1998-07-03,1998,MLS,True,FC Dallas,Chicago Fire FC,0,1,,,False,,False,,fbcsv-mls-1998-1998-07-03-FC Dallas-Chicago Fire,Regular
1998-07-03,1998,MLS,True,LA Galaxy,Sporting Kansas City,2,0,,,False,,False,,fbcsv-mls-1998-1998-07-03-LA Galaxy-Sporting Kansas City,Regular
1998-07-03,1998,MLS,True,Tampa Bay Mutiny,New England Revolution,2,3,,,False,,False,,fbcsv-mls-1998-1998-07-03-Tampa Bay Mutiny-New England Revolution,Regular
1998-07-08,1998,MLS,True,Columbus Crew,Chicago Fire FC,3,0,,,False,,False,,fbcsv-mls-1998-1998-07-08-Columbus Crew SC-Chicago Fire,Regular
1998-07-10,1998,MLS,True,Colorado Rapids,New England Revolution,2,1,,,False,,False,,fbcsv-mls-1998-1998-07-10-Colorado Rapids-New England Revolution,Regular
1998-07-10,1998,MLS,True,D.C. United,LA Galaxy,3,0,,,False,,False,,fbcsv-mls-1998-1998-07-10-D.C. United-LA Galaxy,Regular
1998-07-10,1998,MLS,True,Red Bull New York,Tampa Bay Mutiny,1,2,,,False,,False,,fbcsv-mls-1998-1998-07-10-Red Bull New York-Tampa Bay Mutiny,Regular
1998-07-10,1998,MLS,True,Sporting Kansas City,FC Dallas,2,0,,,False,,False,,fbcsv-mls-1998-1998-07-10-Sporting Kansas City-FC Dallas,Regular
1998-07-14,1998,MLS,True,Miami Fusion,San Jose Earthquakes,3,2,,,False,,False,,fbcsv-mls-1998-1998-07-14-Miami Fusion-San Jose Earthquakes,Regular
1998-07-14,1998,MLS,True,Tampa Bay Mutiny,LA Galaxy,1,3,,,False,,False,,fbcsv-mls-1998-1998-07-14-Tampa Bay Mutiny-LA Galaxy,Regular
1998-07-14,1998,MLS,True,New England Revolution,D.C. United,0,1,,,False,,False,,fbcsv-mls-1998-1998-07-14-New England Revolution-D.C. United,Regular
1998-07-17,1998,MLS,True,D.C. United,Chicago Fire FC,4,1,,,False,,False,,fbcsv-mls-1998-1998-07-17-D.C. United-Chicago Fire,Regular
1998-07-17,1998,MLS,True,FC Dallas,New England Revolution,1,3,,,False,,False,,fbcsv-mls-1998-1998-07-17-FC Dallas-New England Revolution,Regular
1998-07-17,1998,MLS,True,San Jose Earthquakes,Tampa Bay Mutiny,0,1,,,False,,False,,fbcsv-mls-1998-1998-07-17-San Jose Earthquakes-Tampa Bay Mutiny,Regular
1998-07-17,1998,MLS,True,LA Galaxy,Miami Fusion,2,3,,,False,,False,,fbcsv-mls-1998-1998-07-17-LA Galaxy-Miami Fusion,Regular
1998-07-18,1998,MLS,True,Red Bull New York,Columbus Crew,3,0,,,False,,False,,fbcsv-mls-1998-1998-07-18-Red Bull New York-Columbus Crew SC,Regular
1998-07-18,1998,MLS,True,Sporting Kansas City,Colorado Rapids,4,1,,,False,,False,,fbcsv-mls-1998-1998-07-18-Sporting Kansas City-Colorado Rapids,Regular
1998-07-24,1998,MLS,True,Columbus Crew,FC Dallas,1,2,,,False,,False,,fbcsv-mls-1998-1998-07-24-Columbus Crew SC-FC Dallas,Regular
1998-07-24,1998,MLS,True,San Jose Earthquakes,Sporting Kansas City,2,1,,,False,,False,,fbcsv-mls-1998-1998-07-24-San Jose Earthquakes-Sporting Kansas City,Regular
1998-07-24,1998,MLS,True,LA Galaxy,D.C. United,0,1,,,False,,False,,fbcsv-mls-1998-1998-07-24-LA Galaxy-D.C. United,Regular
1998-07-24,1998,MLS,True,Tampa Bay Mutiny,Colorado Rapids,2,3,,,False,,False,,fbcsv-mls-1998-1998-07-24-Tampa Bay Mutiny-Colorado Rapids,Regular
1998-07-24,1998,MLS,True,Red Bull New York,Chicago Fire FC,3,2,,,False,,False,,fbcsv-mls-1998-1998-07-24-Red Bull New York-Chicago Fire,Regular
1998-07-25,1998,MLS,True,New England Revolution,Miami Fusion,1,2,,,False,,False,,fbcsv-mls-1998-1998-07-25-New England Revolution-Miami Fusion,Regular
1998-07-28,1998,MLS,True,D.C. United,Tampa Bay Mutiny,3,2,,,False,,False,,fbcsv-mls-1998-1998-07-28-D.C. United-Tampa Bay Mutiny,Regular
1998-07-28,1998,MLS,True,FC Dallas,LA Galaxy,3,0,,,False,,False,,fbcsv-mls-1998-1998-07-28-FC Dallas-LA Galaxy,Regular
1998-07-28,1998,MLS,True,San Jose Earthquakes,Chicago Fire FC,3,0,,,False,,False,,fbcsv-mls-1998-1998-07-28-San Jose Earthquakes-Chicago Fire,Regular
1998-07-28,1998,MLS,True,Miami Fusion,Columbus Crew,3,2,,,False,,False,,fbcsv-mls-1998-1998-07-28-Miami Fusion-Columbus Crew SC,Regular
1998-07-28,1998,MLS,True,New England Revolution,Colorado Rapids,1,3,,,False,,False,,fbcsv-mls-1998-1998-07-28-New England Revolution-Colorado Rapids,Regular
1998-07-28,1998,MLS,True,Red Bull New York,Sporting Kansas City,3,2,,,False,,False,,fbcsv-mls-1998-1998-07-28-Red Bull New York-Sporting Kansas City,Regular
1998-08-04,1998,MLS,True,Colorado Rapids,LA Galaxy,1,6,,,False,,False,,fbcsv-mls-1998-1998-08-04-Colorado Rapids-LA Galaxy,Regular
1998-08-04,1998,MLS,True,New England Revolution,San Jose Earthquakes,3,0,,,False,,False,,fbcsv-mls-1998-1998-08-04-New England Revolution-San Jose Earthquakes,Regular
1998-08-05,1998,MLS,True,Tampa Bay Mutiny,Miami Fusion,3,1,,,False,,False,,fbcsv-mls-1998-1998-08-05-Tampa Bay Mutiny-Miami Fusion,Regular
1998-08-06,1998,MLS,True,FC Dallas,D.C. United,0,1,,,False,,False,,fbcsv-mls-1998-1998-08-06-FC Dallas-D.C. United,Regular
1998-08-07,1998,MLS,True,Chicago Fire FC,LA Galaxy,1,2,,,False,,False,,fbcsv-mls-1998-1998-08-07-Chicago Fire-LA Galaxy,Regular
1998-08-07,1998,MLS,True,Columbus Crew,New England Revolution,6,1,,,False,,False,,fbcsv-mls-1998-1998-08-07-Columbus Crew SC-New England Revolution,Regular
1998-08-07,1998,MLS,True,Sporting Kansas City,Colorado Rapids,3,1,,,False,,False,,fbcsv-mls-1998-1998-08-07-Sporting Kansas City-Colorado Rapids,Regular
1998-08-08,1998,MLS,True,San Jose Earthquakes,Red Bull New York,5,1,,,False,,False,,fbcsv-mls-1998-1998-08-08-San Jose Earthquakes-Red Bull New York,Regular
1998-08-11,1998,MLS,True,Red Bull New York,Columbus Crew,3,1,,,False,,False,,fbcsv-mls-1998-1998-08-11-Red Bull New York-Columbus Crew SC,Regular
1998-08-12,1998,MLS,True,LA Galaxy,Sporting Kansas City,3,0,,,False,,False,,fbcsv-mls-1998-1998-08-12-LA Galaxy-Sporting Kansas City,Regular
1998-08-13,1998,MLS,True,Tampa Bay Mutiny,New England Revolution,1,2,,,False,,False,,fbcsv-mls-1998-1998-08-13-Tampa Bay Mutiny-New England Revolution,Regular
1998-08-14,1998,MLS,True,Chicago Fire FC,San Jose Earthquakes,2,1,,,False,,False,,fbcsv-mls-1998-1998-08-14-Chicago Fire-San Jose Earthquakes,Regular
1998-08-14,1998,MLS,True,Colorado Rapids,FC Dallas,0,1,,,False,,False,,fbcsv-mls-1998-1998-08-14-Colorado Rapids-FC Dallas,Regular
1998-08-14,1998,MLS,True,Miami Fusion,Red Bull New York,3,1,,,False,,False,,fbcsv-mls-1998-1998-08-14-Miami Fusion-Red Bull New York,Regular
1998-08-15,1998,MLS,True,Columbus Crew,Sporting Kansas City,5,3,,,False,,False,,fbcsv-mls-1998-1998-08-15-Columbus Crew SC-Sporting Kansas City,Regular
1998-08-17,1998,MLS,True,Red Bull New York,Colorado Rapids,4,1,,,False,,False,,fbcsv-mls-1998-1998-08-17-Red Bull New York-Colorado Rapids,Regular
1998-08-18,1998,MLS,True,Miami Fusion,FC Dallas,2,1,,,False,,False,,fbcsv-mls-1998-1998-08-18-Miami Fusion-FC Dallas,Regular
1998-08-20,1998,MLS,True,Colorado Rapids,Chicago Fire FC,0,2,,,False,,False,,fbcsv-mls-1998-1998-08-20-Colorado Rapids-Chicago Fire,Regular
1998-08-21,1998,MLS,True,Columbus Crew,Tampa Bay Mutiny,3,1,,,False,,False,,fbcsv-mls-1998-1998-08-21-Columbus Crew SC-Tampa Bay Mutiny,Regular
1998-08-21,1998,MLS,True,D.C. United,Red Bull New York,2,1,,,False,,False,,fbcsv-mls-1998-1998-08-21-D.C. United-Red Bull New York,Regular
1998-08-21,1998,MLS,True,San Jose Earthquakes,FC Dallas,2,1,,,False,,False,,fbcsv-mls-1998-1998-08-21-San Jose Earthquakes-FC Dallas,Regular
1998-08-21,1998,MLS,True,New England Revolution,LA Galaxy,1,5,,,False,,False,,fbcsv-mls-1998-1998-08-21-New England Revolution-LA Galaxy,Regular
1998-08-22,1998,MLS,True,Sporting Kansas City,Miami Fusion,2,0,,,False,,False,,fbcsv-mls-1998-1998-08-22-Sporting Kansas City-Miami Fusion,Regular
1998-08-25,1998,MLS,True,Sporting Kansas City,D.C. United,1,2,,,False,,False,,fbcsv-mls-1998-1998-08-25-Sporting Kansas City-D.C. United,Regular
1998-08-28,1998,MLS,True,FC Dallas,Red Bull New York,2,0,,,False,,False,,fbcsv-mls-1998-1998-08-28-FC Dallas-Red Bull New York,Regular
1998-08-28,1998,MLS,True,San Jose Earthquakes,Colorado Rapids,1,3,,,False,,False,,fbcsv-mls-1998-1998-08-28-San Jose Earthquakes-Colorado Rapids,Regular
1998-08-28,1998,MLS,True,LA Galaxy,Columbus Crew,0,3,,,False,,False,,fbcsv-mls-1998-1998-08-28-LA Galaxy-Columbus Crew SC,Regular
1998-08-28,1998,MLS,True,Tampa Bay Mutiny,D.C. United,3,2,,,False,,False,,fbcsv-mls-1998-1998-08-28-Tampa Bay Mutiny-D.C. United,Regular
1998-08-28,1998,MLS,True,Sporting Kansas City,Chicago Fire FC,2,3,,,False,,False,,fbcsv-mls-1998-1998-08-28-Sporting Kansas City-Chicago Fire,Regular
1998-08-29,1998,MLS,True,Miami Fusion,New England Revolution,3,2,,,False,,False,,fbcsv-mls-1998-1998-08-29-Miami Fusion-New England Revolution,Regular
1998-09-01,1998,MLS,True,Chicago Fire FC,Miami Fusion,3,2,,,False,,False,,fbcsv-mls-1998-1998-09-01-Chicago Fire-Miami Fusion,Regular
1998-09-01,1998,MLS,True,Colorado Rapids,Sporting Kansas City,3,2,,,False,,False,,fbcsv-mls-1998-1998-09-01-Colorado Rapids-Sporting Kansas City,Regular
1998-09-01,1998,MLS,True,LA Galaxy,FC Dallas,3,0,,,False,,False,,fbcsv-mls-1998-1998-09-01-LA Galaxy-FC Dallas,Regular
1998-09-01,1998,MLS,True,Red Bull New York,New England Revolution,0,2,,,False,,False,,fbcsv-mls-1998-1998-09-01-Red Bull New York-New England Revolution,Regular
1998-09-02,1998,MLS,True,Tampa Bay Mutiny,San Jose Earthquakes,2,1,,,False,,False,,fbcsv-mls-1998-1998-09-02-Tampa Bay Mutiny-San Jose Earthquakes,Regular
1998-09-04,1998,MLS,True,Miami Fusion,LA Galaxy,3,5,,,False,,False,,fbcsv-mls-1998-1998-09-04-Miami Fusion-LA Galaxy,Regular
1998-09-04,1998,MLS,True,Sporting Kansas City,San Jose Earthquakes,5,1,,,False,,False,,fbcsv-mls-1998-1998-09-04-Sporting Kansas City-San Jose Earthquakes,Regular
1998-09-05,1998,MLS,True,Columbus Crew,Red Bull New York,4,3,,,False,,False,,fbcsv-mls-1998-1998-09-05-Columbus Crew SC-Red Bull New York,Regular
1998-09-08,1998,MLS,True,Columbus Crew,Miami Fusion,1,0,,,False,,False,,fbcsv-mls-1998-1998-09-08-Columbus Crew SC-Miami Fusion,Regular
1998-09-09,1998,MLS,True,FC Dallas,Chicago Fire FC,3,2,,,False,,False,,fbcsv-mls-1998-1998-09-09-FC Dallas-Chicago Fire,Regular
1998-09-11,1998,MLS,True,New England Revolution,Columbus Crew,2,0,,,False,,False,,fbcsv-mls-1998-1998-09-11-New England Revolution-Columbus Crew SC,Regular
1998-09-12,1998,MLS,True,Chicago Fire FC,Colorado Rapids,3,1,,,False,,False,,fbcsv-mls-1998-1998-09-12-Chicago Fire-Colorado Rapids,Regular
1998-09-12,1998,MLS,True,FC Dallas,San Jose Earthquakes,1,3,,,False,,False,,fbcsv-mls-1998-1998-09-12-FC Dallas-San Jose Earthquakes,Regular
1998-09-12,1998,MLS,True,Miami Fusion,D.C. United,4,3,,,False,,False,,fbcsv-mls-1998-1998-09-12-Miami Fusion-D.C. United,Regular
1998-09-12,1998,MLS,True,Tampa Bay Mutiny,Red Bull New York,2,1,,,False,,False,,fbcsv-mls-1998-1998-09-12-Tampa Bay Mutiny-Red Bull New York,Regular
1998-09-15,1998,MLS,True,Columbus Crew,Colorado Rapids,2,4,,,False,,False,,fbcsv-mls-1998-1998-09-15-Columbus Crew SC-Colorado Rapids,Regular
1998-09-15,1998,MLS,True,San Jose Earthquakes,LA Galaxy,0,1,,,False,,False,,fbcsv-mls-1998-1998-09-15-San Jose Earthquakes-LA Galaxy,Regular
1998-09-15,1998,MLS,True,Red Bull New York,D.C. United,0,5,,,False,,False,,fbcsv-mls-1998-1998-09-15-Red Bull New York-D.C. United,Regular
1998-09-16,1998,MLS,True,Chicago Fire FC,Sporting Kansas City,1,0,,,False,,False,,fbcsv-mls-1998-1998-09-16-Chicago Fire-Sporting Kansas City,Regular
1998-09-18,1998,MLS,True,Colorado Rapids,Columbus Crew,2,1,,,False,,False,,fbcsv-mls-1998-1998-09-18-Colorado Rapids-Columbus Crew SC,Regular
1998-09-18,1998,MLS,True,D.C. United,Miami Fusion,1,3,,,False,,False,,fbcsv-mls-1998-1998-09-18-D.C. United-Miami Fusion,Regular
1998-09-18,1998,MLS,True,New England Revolution,Tampa Bay Mutiny,3,0,,,False,,False,,fbcsv-mls-1998-1998-09-18-New England Revolution-Tampa Bay Mutiny,Regular
1998-09-18,1998,MLS,True,Sporting Kansas City,FC Dallas,0,1,,,False,,False,,fbcsv-mls-1998-1998-09-18-Sporting Kansas City-FC Dallas,Regular
1998-09-19,1998,MLS,True,LA Galaxy,San Jose Earthquakes,0,1,,,False,,False,,fbcsv-mls-1998-1998-09-19-LA Galaxy-San Jose Earthquakes,Regular
1998-09-22,1998,MLS,True,Chicago Fire FC,New England Revolution,3,2,,,False,,False,,fbcsv-mls-1998-1998-09-22-Chicago Fire-New England Revolution,Regular
1998-09-23,1998,MLS,True,Columbus Crew,Tampa Bay Mutiny,3,4,,,False,,False,,fbcsv-mls-1998-1998-09-23-Columbus Crew SC-Tampa Bay Mutiny,Regular
1998-09-25,1998,MLS,True,Colorado Rapids,FC Dallas,3,1,,,False,,False,,fbcsv-mls-1998-1998-09-25-Colorado Rapids-FC Dallas,Regular
1998-09-25,1998,MLS,True,New England Revolution,Red Bull New York,0,1,,,False,,False,,fbcsv-mls-1998-1998-09-25-New England Revolution-Red Bull New York,Regular
1998-09-26,1998,MLS,True,D.C. United,Columbus Crew,3,2,,,False,,False,,fbcsv-mls-1998-1998-09-26-D.C. United-Columbus Crew SC,Regular
1998-09-26,1998,MLS,True,San Jose Earthquakes,Sporting Kansas City,2,0,,,False,,False,,fbcsv-mls-1998-1998-09-26-San Jose Earthquakes-Sporting Kansas City,Regular
1998-09-26,1998,MLS,True,LA Galaxy,Chicago Fire FC,1,0,,,False,,False,,fbcsv-mls-1998-1998-09-26-LA Galaxy-Chicago Fire,Regular
1998-09-26,1998,MLS,True,Miami Fusion,Tampa Bay Mutiny,1,3,,,False,,False,,fbcsv-mls-1998-1998-09-26-Miami Fusion-Tampa Bay Mutiny,Regular
1998-09-29,1998,MLS,True,Columbus Crew,Red Bull New York,5,3,,,False,,False,,fbcsv-mls-1998-1998-09-29-Columbus Crew SC-Red Bull New York,Playoff
1998-09-29,1998,MLS,True,D.C. United,Miami Fusion,2,1,,,False,,False,,fbcsv-mls-1998-1998-09-29-D.C. United-Miami Fusion,Playoff
1998-09-30,1998,MLS,True,Chicago Fire FC,Colorado Rapids,2,1,,,False,,False,,fbcsv-mls-1998-1998-09-30-Chicago Fire-Colorado Rapids,Playoff
1998-09-30,1998,MLS,True,LA Galaxy,FC Dallas,6,1,,,False,,False,,fbcsv-mls-1998-1998-09-30-LA Galaxy-FC Dallas,Playoff
1998-10-03,1998,MLS,True,FC Dallas,LA Galaxy,2,3,,,False,,False,,fbcsv-mls-1998-1998-10-03-FC Dallas-LA Galaxy,Playoff
1998-10-04,1998,MLS,True,Colorado Rapids,Chicago Fire FC,0,1,,,False,,False,,fbcsv-mls-1998-1998-10-04-Colorado Rapids-Chicago Fire,Playoff
1998-10-09,1998,MLS,True,LA Galaxy,Chicago Fire FC,0,1,,,False,,False,,fbcsv-mls-1998-1998-10-09-LA Galaxy-Chicago Fire,Playoff
1998-10-10,1998,MLS,True,D.C. United,Columbus Crew,2,0,,,False,,False,,fbcsv-mls-1998-1998-10-10-D.C. United-Columbus Crew SC,Playoff
1998-10-17,1998,MLS,True,Columbus Crew,D.C. United,4,2,,,False,,False,,fbcsv-mls-1998-1998-10-17-Columbus Crew SC-D.C. United,Playoff
1998-10-20,1998,MLS,True,D.C. United,Columbus Crew,3,0,,,False,,False,,fbcsv-mls-1998-1998-10-20-D.C. United-Columbus Crew SC,Playoff
1998-10-24,1998,MLS,True,Chicago Fire FC,D.C. United,2,0,,,False,,False,,fbcsv-mls-1998-1998-10-24-Chicago Fire-D.C. United,Playoff
1999-03-19,1999,MLS,True,FC Dallas,Sporting Kansas City,4,0,,,False,,False,,fbcsv-mls-1999-1999-03-19-FC Dallas-Sporting Kansas City,Regular
1999-03-19,1999,MLS,True,San Jose Earthquakes,Chicago Fire FC,1,3,,,False,,False,,fbcsv-mls-1999-1999-03-19-San Jose Earthquakes-Chicago Fire,Regular
1999-03-19,1999,MLS,True,LA Galaxy,Colorado Rapids,2,1,,,False,,False,,fbcsv-mls-1999-1999-03-19-LA Galaxy-Colorado Rapids,Regular
1999-03-19,1999,MLS,True,Miami Fusion,Red Bull New York,2,3,,,False,,False,,fbcsv-mls-1999-1999-03-19-Miami Fusion-Red Bull New York,Regular
1999-03-19,1999,MLS,True,Tampa Bay Mutiny,D.C. United,2,5,,,False,,False,,fbcsv-mls-1999-1999-03-19-Tampa Bay Mutiny-D.C. United,Regular
1999-03-26,1999,MLS,True,San Jose Earthquakes,Colorado Rapids,3,2,,,False,,False,,fbcsv-mls-1999-1999-03-26-San Jose Earthquakes-Colorado Rapids,Regular
1999-03-26,1999,MLS,True,Sporting Kansas City,Chicago Fire FC,0,3,,,False,,False,,fbcsv-mls-1999-1999-03-26-Sporting Kansas City-Chicago Fire,Regular
1999-03-27,1999,MLS,True,LA Galaxy,FC Dallas,1,0,,,False,,False,,fbcsv-mls-1999-1999-03-27-LA Galaxy-FC Dallas,Regular
1999-03-27,1999,MLS,True,Miami Fusion,New England Revolution,2,1,,,False,,False,,fbcsv-mls-1999-1999-03-27-Miami Fusion-New England Revolution,Regular
1999-03-27,1999,MLS,True,Red Bull New York,Columbus Crew,1,0,,,False,,False,,fbcsv-mls-1999-1999-03-27-Red Bull New York-Columbus Crew SC,Regular
1999-04-02,1999,MLS,True,San Jose Earthquakes,LA Galaxy,2,1,,,False,,False,,fbcsv-mls-1999-1999-04-02-San Jose Earthquakes-LA Galaxy,Regular
1999-04-02,1999,MLS,True,Miami Fusion,Chicago Fire FC,1,4,,,False,,False,,fbcsv-mls-1999-1999-04-02-Miami Fusion-Chicago Fire,Regular
1999-04-02,1999,MLS,True,Tampa Bay Mutiny,Columbus Crew,2,3,,,False,,False,,fbcsv-mls-1999-1999-04-02-Tampa Bay Mutiny-Columbus Crew SC,Regular
1999-04-02,1999,MLS,True,Red Bull New York,D.C. United,0,1,,,False,,False,,fbcsv-mls-1999-1999-04-02-Red Bull New York-D.C. United,Regular
1999-04-02,1999,MLS,True,Sporting Kansas City,New England Revolution,0,1,,,False,,False,,fbcsv-mls-1999-1999-04-02-Sporting Kansas City-New England Revolution,Regular
1999-04-07,1999,MLS,True,LA Galaxy,Columbus Crew,1,2,,,False,,False,,fbcsv-mls-1999-1999-04-07-LA Galaxy-Columbus Crew SC,Regular
1999-04-09,1999,MLS,True,Chicago Fire FC,FC Dallas,0,1,,,False,,False,,fbcsv-mls-1999-1999-04-09-Chicago Fire-FC Dallas,Regular
1999-04-09,1999,MLS,True,Colorado Rapids,Miami Fusion,4,1,,,False,,False,,fbcsv-mls-1999-1999-04-09-Colorado Rapids-Miami Fusion,Regular
1999-04-09,1999,MLS,True,New England Revolution,D.C. United,2,3,,,False,,False,,fbcsv-mls-1999-1999-04-09-New England Revolution-D.C. United,Regular
1999-04-09,1999,MLS,True,Sporting Kansas City,San Jose Earthquakes,1,2,,,False,,False,,fbcsv-mls-1999-1999-04-09-Sporting Kansas City-San Jose Earthquakes,Regular
1999-04-10,1999,MLS,True,Tampa Bay Mutiny,Red Bull New York,1,2,,,False,,False,,fbcsv-mls-1999-1999-04-10-Tampa Bay Mutiny-Red Bull New York,Regular
1999-04-14,1999,MLS,True,Miami Fusion,FC Dallas,2,1,,,False,,False,,fbcsv-mls-1999-1999-04-14-Miami Fusion-FC Dallas,Regular
1999-04-16,1999,MLS,True,Chicago Fire FC,LA Galaxy,1,0,,,False,,False,,fbcsv-mls-1999-1999-04-16-Chicago Fire-LA Galaxy,Regular
1999-04-16,1999,MLS,True,Colorado Rapids,Sporting Kansas City,2,1,,,False,,False,,fbcsv-mls-1999-1999-04-16-Colorado Rapids-Sporting Kansas City,Regular
1999-04-16,1999,MLS,True,D.C. United,San Jose Earthquakes,1,2,,,False,,False,,fbcsv-mls-1999-1999-04-16-D.C. United-San Jose Earthquakes,Regular
1999-04-16,1999,MLS,True,New England Revolution,Columbus Crew,0,1,,,False,,False,,fbcsv-mls-1999-1999-04-16-New England Revolution-Columbus Crew SC,Regular
1999-04-17,1999,MLS,True,FC Dallas,Tampa Bay Mutiny,2,1,,,False,,False,,fbcsv-mls-1999-1999-04-17-FC Dallas-Tampa Bay Mutiny,Regular
1999-04-23,1999,MLS,True,D.C. United,New England Revolution,2,3,,,False,,False,,fbcsv-mls-1999-1999-04-23-D.C. United-New England Revolution,Regular
1999-04-23,1999,MLS,True,FC Dallas,Columbus Crew,2,0,,,False,,False,,fbcsv-mls-1999-1999-04-23-FC Dallas-Columbus Crew SC,Regular
1999-04-23,1999,MLS,True,LA Galaxy,San Jose Earthquakes,1,0,,,False,,False,,fbcsv-mls-1999-1999-04-23-LA Galaxy-San Jose Earthquakes,Regular
1999-04-23,1999,MLS,True,Miami Fusion,Sporting Kansas City,1,0,,,False,,False,,fbcsv-mls-1999-1999-04-23-Miami Fusion-Sporting Kansas City,Regular
1999-04-24,1999,MLS,True,Red Bull New York,Tampa Bay Mutiny,0,1,,,False,,False,,fbcsv-mls-1999-1999-04-24-Red Bull New York-Tampa Bay Mutiny,Regular
1999-04-27,1999,MLS,True,Sporting Kansas City,Columbus Crew,0,1,,,False,,False,,fbcsv-mls-1999-1999-04-27-Sporting Kansas City-Columbus Crew SC,Regular
1999-04-29,1999,MLS,True,San Jose Earthquakes,FC Dallas,2,1,,,False,,False,,fbcsv-mls-1999-1999-04-29-San Jose Earthquakes-FC Dallas,Regular
1999-04-30,1999,MLS,True,Chicago Fire FC,D.C. United,3,2,,,False,,False,,fbcsv-mls-1999-1999-04-30-Chicago Fire-D.C. United,Regular
1999-04-30,1999,MLS,True,Tampa Bay Mutiny,Miami Fusion,2,1,,,False,,False,,fbcsv-mls-1999-1999-04-30-Tampa Bay Mutiny-Miami Fusion,Regular
1999-04-30,1999,MLS,True,New England Revolution,Colorado Rapids,1,2,,,False,,False,,fbcsv-mls-1999-1999-04-30-New England Revolution-Colorado Rapids,Regular
1999-04-30,1999,MLS,True,Red Bull New York,LA Galaxy,0,1,,,False,,False,,fbcsv-mls-1999-1999-04-30-Red Bull New York-LA Galaxy,Regular
1999-05-07,1999,MLS,True,D.C. United,Red Bull New York,2,1,,,False,,False,,fbcsv-mls-1999-1999-05-07-D.C. United-Red Bull New York,Regular
1999-05-07,1999,MLS,True,FC Dallas,Colorado Rapids,1,2,,,False,,False,,fbcsv-mls-1999-1999-05-07-FC Dallas-Colorado Rapids,Regular
1999-05-07,1999,MLS,True,Tampa Bay Mutiny,Chicago Fire FC,2,1,,,False,,False,,fbcsv-mls-1999-1999-05-07-Tampa Bay Mutiny-Chicago Fire,Regular
1999-05-07,1999,MLS,True,New England Revolution,Miami Fusion,1,0,,,False,,False,,fbcsv-mls-1999-1999-05-07-New England Revolution-Miami Fusion,Regular
1999-05-07,1999,MLS,True,Sporting Kansas City,LA Galaxy,2,1,,,False,,False,,fbcsv-mls-1999-1999-05-07-Sporting Kansas City-LA Galaxy,Regular
1999-05-08,1999,MLS,True,San Jose Earthquakes,Columbus Crew,1,2,,,False,,False,,fbcsv-mls-1999-1999-05-08-San Jose Earthquakes-Columbus Crew SC,Regular
1999-05-14,1999,MLS,True,Columbus Crew,New England Revolution,2,0,,,False,,False,,fbcsv-mls-1999-1999-05-14-Columbus Crew SC-New England Revolution,Regular
1999-05-14,1999,MLS,True,FC Dallas,San Jose Earthquakes,2,1,,,False,,False,,fbcsv-mls-1999-1999-05-14-FC Dallas-San Jose Earthquakes,Regular
1999-05-14,1999,MLS,True,LA Galaxy,Tampa Bay Mutiny,0,1,,,False,,False,,fbcsv-mls-1999-1999-05-14-LA Galaxy-Tampa Bay Mutiny,Regular
1999-05-14,1999,MLS,True,Red Bull New York,Miami Fusion,3,2,,,False,,False,,fbcsv-mls-1999-1999-05-14-Red Bull New York-Miami Fusion,Regular
1999-05-14,1999,MLS,True,Sporting Kansas City,D.C. United,3,4,,,False,,False,,fbcsv-mls-1999-1999-05-14-Sporting Kansas City-D.C. United,Regular
1999-05-15,1999,MLS,True,Chicago Fire FC,Colorado Rapids,0,1,,,False,,False,,fbcsv-mls-1999-1999-05-15-Chicago Fire-Colorado Rapids,Regular
1999-05-21,1999,MLS,True,Chicago Fire FC,Sporting Kansas City,3,1,,,False,,False,,fbcsv-mls-1999-1999-05-21-Chicago Fire-Sporting Kansas City,Regular
1999-05-21,1999,MLS,True,Colorado Rapids,Red Bull New York,2,0,,,False,,False,,fbcsv-mls-1999-1999-05-21-Colorado Rapids-Red Bull New York,Regular
1999-05-21,1999,MLS,True,Columbus Crew,Tampa Bay Mutiny,0,1,,,False,,False,,fbcsv-mls-1999-1999-05-21-Columbus Crew SC-Tampa Bay Mutiny,Regular
1999-05-21,1999,MLS,True,San Jose Earthquakes,FC Dallas,2,1,,,False,,False,,fbcsv-mls-1999-1999-05-21-San Jose Earthquakes-FC Dallas,Regular
1999-05-21,1999,MLS,True,Miami Fusion,D.C. United,1,3,,,False,,False,,fbcsv-mls-1999-1999-05-21-Miami Fusion-D.C. United,Regular
1999-05-22,1999,MLS,True,LA Galaxy,New England Revolution,1,0,,,False,,False,,fbcsv-mls-1999-1999-05-22-LA Galaxy-New England Revolution,Regular
1999-05-25,1999,MLS,True,FC Dallas,Miami Fusion,2,1,,,False,,False,,fbcsv-mls-1999-1999-05-25-FC Dallas-Miami Fusion,Regular
1999-05-26,1999,MLS,True,Colorado Rapids,San Jose Earthquakes,4,2,,,False,,False,,fbcsv-mls-1999-1999-05-26-Colorado Rapids-San Jose Earthquakes,Regular
1999-05-28,1999,MLS,True,Columbus Crew,LA Galaxy,2,1,,,False,,False,,fbcsv-mls-1999-1999-05-28-Columbus Crew SC-LA Galaxy,Regular
1999-05-28,1999,MLS,True,D.C. United,Chicago Fire FC,3,1,,,False,,False,,fbcsv-mls-1999-1999-05-28-D.C. United-Chicago Fire,Regular
1999-05-28,1999,MLS,True,Miami Fusion,Tampa Bay Mutiny,2,1,,,False,,False,,fbcsv-mls-1999-1999-05-28-Miami Fusion-Tampa Bay Mutiny,Regular
1999-05-28,1999,MLS,True,Red Bull New York,New England Revolution,3,4,,,False,,False,,fbcsv-mls-1999-1999-05-28-Red Bull New York-New England Revolution,Regular
1999-06-02,1999,MLS,True,San Jose Earthquakes,Colorado Rapids,4,3,,,False,,False,,fbcsv-mls-1999-1999-06-02-San Jose Earthquakes-Colorado Rapids,Regular
1999-06-04,1999,MLS,True,D.C. United,Columbus Crew,1,0,,,False,,False,,fbcsv-mls-1999-1999-06-04-D.C. United-Columbus Crew SC,Regular
1999-06-04,1999,MLS,True,Tampa Bay Mutiny,Miami Fusion,1,0,,,False,,False,,fbcsv-mls-1999-1999-06-04-Tampa Bay Mutiny-Miami Fusion,Regular
1999-06-04,1999,MLS,True,New England Revolution,Chicago Fire FC,2,0,,,False,,False,,fbcsv-mls-1999-1999-06-04-New England Revolution-Chicago Fire,Regular
1999-06-04,1999,MLS,True,Red Bull New York,FC Dallas,2,5,,,False,,False,,fbcsv-mls-1999-1999-06-04-Red Bull New York-FC Dallas,Regular
1999-06-05,1999,MLS,True,LA Galaxy,Sporting Kansas City,1,0,,,False,,False,,fbcsv-mls-1999-1999-06-05-LA Galaxy-Sporting Kansas City,Regular
1999-06-09,1999,MLS,True,D.C. United,Miami Fusion,3,1,,,False,,False,,fbcsv-mls-1999-1999-06-09-D.C. United-Miami Fusion,Regular
1999-06-11,1999,MLS,True,San Jose Earthquakes,Tampa Bay Mutiny,2,1,,,False,,False,,fbcsv-mls-1999-1999-06-11-San Jose Earthquakes-Tampa Bay Mutiny,Regular
1999-06-11,1999,MLS,True,LA Galaxy,Chicago Fire FC,2,1,,,False,,False,,fbcsv-mls-1999-1999-06-11-LA Galaxy-Chicago Fire,Regular
1999-06-11,1999,MLS,True,Red Bull New York,Colorado Rapids,0,1,,,False,,False,,fbcsv-mls-1999-1999-06-11-Red Bull New York-Colorado Rapids,Regular
1999-06-11,1999,MLS,True,Sporting Kansas City,FC Dallas,1,0,,,False,,False,,fbcsv-mls-1999-1999-06-11-Sporting Kansas City-FC Dallas,Regular
1999-06-12,1999,MLS,True,Columbus Crew,D.C. United,1,2,,,False,,False,,fbcsv-mls-1999-1999-06-12-Columbus Crew SC-D.C. United,Regular
1999-06-12,1999,MLS,True,New England Revolution,Miami Fusion,4,3,,,False,,False,,fbcsv-mls-1999-1999-06-12-New England Revolution-Miami Fusion,Regular
1999-06-15,1999,MLS,True,Columbus Crew,New England Revolution,2,1,,,False,,False,,fbcsv-mls-1999-1999-06-15-Columbus Crew SC-New England Revolution,Regular
1999-06-15,1999,MLS,True,FC Dallas,D.C. United,3,0,,,False,,False,,fbcsv-mls-1999-1999-06-15-FC Dallas-D.C. United,Regular
1999-06-18,1999,MLS,True,Chicago Fire FC,San Jose Earthquakes,2,0,,,False,,False,,fbcsv-mls-1999-1999-06-18-Chicago Fire-San Jose Earthquakes,Regular
1999-06-18,1999,MLS,True,Colorado Rapids,FC Dallas,2,1,,,False,,False,,fbcsv-mls-1999-1999-06-18-Colorado Rapids-FC Dallas,Regular
1999-06-18,1999,MLS,True,D.C. United,LA Galaxy,1,2,,,False,,False,,fbcsv-mls-1999-1999-06-18-D.C. United-LA Galaxy,Regular
1999-06-18,1999,MLS,True,Tampa Bay Mutiny,New England Revolution,2,3,,,False,,False,,fbcsv-mls-1999-1999-06-18-Tampa Bay Mutiny-New England Revolution,Regular
1999-06-19,1999,MLS,True,Sporting Kansas City,Red Bull New York,6,0,,,False,,False,,fbcsv-mls-1999-1999-06-19-Sporting Kansas City-Red Bull New York,Regular
1999-06-25,1999,MLS,True,Colorado Rapids,Chicago Fire FC,2,0,,,False,,False,,fbcsv-mls-1999-1999-06-25-Colorado Rapids-Chicago Fire,Regular
1999-06-25,1999,MLS,True,Columbus Crew,Red Bull New York,2,1,,,False,,False,,fbcsv-mls-1999-1999-06-25-Columbus Crew SC-Red Bull New York,Regular
1999-06-25,1999,MLS,True,D.C. United,Sporting Kansas City,3,0,,,False,,False,,fbcsv-mls-1999-1999-06-25-D.C. United-Sporting Kansas City,Regular
1999-06-25,1999,MLS,True,FC Dallas,New England Revolution,2,0,,,False,,False,,fbcsv-mls-1999-1999-06-25-FC Dallas-New England Revolution,Regular
1999-06-25,1999,MLS,True,Miami Fusion,San Jose Earthquakes,1,2,,,False,,False,,fbcsv-mls-1999-1999-06-25-Miami Fusion-San Jose Earthquakes,Regular
1999-06-26,1999,MLS,True,Tampa Bay Mutiny,LA Galaxy,2,4,,,False,,False,,fbcsv-mls-1999-1999-06-26-Tampa Bay Mutiny-LA Galaxy,Regular
1999-06-29,1999,MLS,True,Columbus Crew,San Jose Earthquakes,4,3,,,False,,False,,fbcsv-mls-1999-1999-06-29-Columbus Crew SC-San Jose Earthquakes,Regular
1999-06-29,1999,MLS,True,Red Bull New York,Tampa Bay Mutiny,2,1,,,False,,False,,fbcsv-mls-1999-1999-06-29-Red Bull New York-Tampa Bay Mutiny,Regular
1999-07-01,1999,MLS,True,Chicago Fire FC,FC Dallas,2,1,,,False,,False,,fbcsv-mls-1999-1999-07-01-Chicago Fire-FC Dallas,Regular
1999-07-02,1999,MLS,True,Tampa Bay Mutiny,Sporting Kansas City,1,2,,,False,,False,,fbcsv-mls-1999-1999-07-02-Tampa Bay Mutiny-Sporting Kansas City,Regular
1999-07-03,1999,MLS,True,Colorado Rapids,Columbus Crew,0,3,,,False,,False,,fbcsv-mls-1999-1999-07-03-Colorado Rapids-Columbus Crew SC,Regular
1999-07-03,1999,MLS,True,FC Dallas,Chicago Fire FC,1,2,,,False,,False,,fbcsv-mls-1999-1999-07-03-FC Dallas-Chicago Fire,Regular
1999-07-03,1999,MLS,True,San Jose Earthquakes,D.C. United,2,1,,,False,,False,,fbcsv-mls-1999-1999-07-03-San Jose Earthquakes-D.C. United,Regular
1999-07-03,1999,MLS,True,LA Galaxy,Miami Fusion,1,2,,,False,,False,,fbcsv-mls-1999-1999-07-03-LA Galaxy-Miami Fusion,Regular
1999-07-03,1999,MLS,True,New England Revolution,Red Bull New York,3,2,,,False,,False,,fbcsv-mls-1999-1999-07-03-New England Revolution-Red Bull New York,Regular
1999-07-06,1999,MLS,True,Columbus Crew,D.C. United,1,2,,,False,,False,,fbcsv-mls-1999-1999-07-06-Columbus Crew SC-D.C. United,Regular
1999-07-06,1999,MLS,True,Sporting Kansas City,Colorado Rapids,1,2,,,False,,False,,fbcsv-mls-1999-1999-07-06-Sporting Kansas City-Colorado Rapids,Regular
1999-07-07,1999,MLS,True,Tampa Bay Mutiny,San Jose Earthquakes,2,1,,,False,,False,,fbcsv-mls-1999-1999-07-07-Tampa Bay Mutiny-San Jose Earthquakes,Regular
1999-07-09,1999,MLS,True,Chicago Fire FC,Red Bull New York,2,0,,,False,,False,,fbcsv-mls-1999-1999-07-09-Chicago Fire-Red Bull New York,Regular
1999-07-09,1999,MLS,True,D.C. United,Colorado Rapids,1,2,,,False,,False,,fbcsv-mls-1999-1999-07-09-D.C. United-Colorado Rapids,Regular
1999-07-09,1999,MLS,True,FC Dallas,Sporting Kansas City,5,0,,,False,,False,,fbcsv-mls-1999-1999-07-09-FC Dallas-Sporting Kansas City,Regular
1999-07-09,1999,MLS,True,Miami Fusion,Columbus Crew,2,0,,,False,,False,,fbcsv-mls-1999-1999-07-09-Miami Fusion-Columbus Crew SC,Regular
1999-07-10,1999,MLS,True,New England Revolution,LA Galaxy,2,5,,,False,,False,,fbcsv-mls-1999-1999-07-10-New England Revolution-LA Galaxy,Regular
1999-07-21,1999,MLS,True,Sporting Kansas City,Tampa Bay Mutiny,4,3,,,False,,False,,fbcsv-mls-1999-1999-07-21-Sporting Kansas City-Tampa Bay Mutiny,Regular
1999-07-22,1999,MLS,True,Chicago Fire FC,San Jose Earthquakes,2,3,,,False,,False,,fbcsv-mls-1999-1999-07-22-Chicago Fire-San Jose Earthquakes,Regular
1999-07-23,1999,MLS,True,Columbus Crew,FC Dallas,4,1,,,False,,False,,fbcsv-mls-1999-1999-07-23-Columbus Crew SC-FC Dallas,Regular
1999-07-23,1999,MLS,True,Red Bull New York,Miami Fusion,0,1,,,False,,False,,fbcsv-mls-1999-1999-07-23-Red Bull New York-Miami Fusion,Regular
1999-07-24,1999,MLS,True,Colorado Rapids,Tampa Bay Mutiny,2,3,,,False,,False,,fbcsv-mls-1999-1999-07-24-Colorado Rapids-Tampa Bay Mutiny,Regular
1999-07-24,1999,MLS,True,LA Galaxy,Sporting Kansas City,2,1,,,False,,False,,fbcsv-mls-1999-1999-07-24-LA Galaxy-Sporting Kansas City,Regular
1999-07-24,1999,MLS,True,New England Revolution,D.C. United,0,2,,,False,,False,,fbcsv-mls-1999-1999-07-24-New England Revolution-D.C. United,Regular
1999-07-27,1999,MLS,True,Colorado Rapids,LA Galaxy,1,0,,,False,,False,,fbcsv-mls-1999-1999-07-27-Colorado Rapids-LA Galaxy,Regular
1999-07-28,1999,MLS,True,Miami Fusion,Tampa Bay Mutiny,3,2,,,False,,False,,fbcsv-mls-1999-1999-07-28-Miami Fusion-Tampa Bay Mutiny,Regular
1999-07-30,1999,MLS,True,Chicago Fire FC,LA Galaxy,0,1,,,False,,False,,fbcsv-mls-1999-1999-07-30-Chicago Fire-LA Galaxy,Regular
1999-07-30,1999,MLS,True,FC Dallas,Colorado Rapids,0,2,,,False,,False,,fbcsv-mls-1999-1999-07-30-FC Dallas-Colorado Rapids,Regular
1999-07-30,1999,MLS,True,Tampa Bay Mutiny,New England Revolution,4,1,,,False,,False,,fbcsv-mls-1999-1999-07-30-Tampa Bay Mutiny-New England Revolution,Regular
1999-07-30,1999,MLS,True,Sporting Kansas City,San Jose Earthquakes,3,2,,,False,,False,,fbcsv-mls-1999-1999-07-30-Sporting Kansas City-San Jose Earthquakes,Regular
1999-07-31,1999,MLS,True,Columbus Crew,Miami Fusion,4,0,,,False,,False,,fbcsv-mls-1999-1999-07-31-Columbus Crew SC-Miami Fusion,Regular
1999-08-03,1999,MLS,True,FC Dallas,Red Bull New York,2,0,,,False,,False,,fbcsv-mls-1999-1999-08-03-FC Dallas-Red Bull New York,Regular
1999-08-04,1999,MLS,True,Sporting Kansas City,Chicago Fire FC,1,2,,,False,,False,,fbcsv-mls-1999-1999-08-04-Sporting Kansas City-Chicago Fire,Regular
1999-08-05,1999,MLS,True,Colorado Rapids,New England Revolution,1,0,,,False,,False,,fbcsv-mls-1999-1999-08-05-Colorado Rapids-New England Revolution,Regular
1999-08-06,1999,MLS,True,San Jose Earthquakes,LA Galaxy,1,4,,,False,,False,,fbcsv-mls-1999-1999-08-06-San Jose Earthquakes-LA Galaxy,Regular
1999-08-06,1999,MLS,True,Miami Fusion,Red Bull New York,2,0,,,False,,False,,fbcsv-mls-1999-1999-08-06-Miami Fusion-Red Bull New York,Regular
1999-08-07,1999,MLS,True,Chicago Fire FC,Colorado Rapids,5,0,,,False,,False,,fbcsv-mls-1999-1999-08-07-Chicago Fire-Colorado Rapids,Regular
1999-08-07,1999,MLS,True,Columbus Crew,Sporting Kansas City,2,1,,,False,,False,,fbcsv-mls-1999-1999-08-07-Columbus Crew SC-Sporting Kansas City,Regular
1999-08-07,1999,MLS,True,D.C. United,Tampa Bay Mutiny,3,2,,,False,,False,,fbcsv-mls-1999-1999-08-07-D.C. United-Tampa Bay Mutiny,Regular
1999-08-10,1999,MLS,True,Red Bull New York,D.C. United,1,4,,,False,,False,,fbcsv-mls-1999-1999-08-10-Red Bull New York-D.C. United,Regular
1999-08-11,1999,MLS,True,New England Revolution,San Jose Earthquakes,1,2,,,False,,False,,fbcsv-mls-1999-1999-08-11-New England Revolution-San Jose Earthquakes,Regular
1999-08-12,1999,MLS,True,Tampa Bay Mutiny,Colorado Rapids,0,1,,,False,,False,,fbcsv-mls-1999-1999-08-12-Tampa Bay Mutiny-Colorado Rapids,Regular
1999-08-13,1999,MLS,True,D.C. United,Columbus Crew,2,1,,,False,,False,,fbcsv-mls-1999-1999-08-13-D.C. United-Columbus Crew SC,Regular
1999-08-13,1999,MLS,True,LA Galaxy,FC Dallas,2,0,,,False,,False,,fbcsv-mls-1999-1999-08-13-LA Galaxy-FC Dallas,Regular
1999-08-13,1999,MLS,True,Red Bull New York,Sporting Kansas City,1,2,,,False,,False,,fbcsv-mls-1999-1999-08-13-Red Bull New York-Sporting Kansas City,Regular
1999-08-14,1999,MLS,True,Chicago Fire FC,Miami Fusion,1,2,,,False,,False,,fbcsv-mls-1999-1999-08-14-Chicago Fire-Miami Fusion,Regular
1999-08-17,1999,MLS,True,Colorado Rapids,FC Dallas,0,3,,,False,,False,,fbcsv-mls-1999-1999-08-17-Colorado Rapids-FC Dallas,Regular
1999-08-17,1999,MLS,True,New England Revolution,Tampa Bay Mutiny,0,1,,,False,,False,,fbcsv-mls-1999-1999-08-17-New England Revolution-Tampa Bay Mutiny,Regular
1999-08-17,1999,MLS,True,Red Bull New York,Columbus Crew,2,4,,,False,,False,,fbcsv-mls-1999-1999-08-17-Red Bull New York-Columbus Crew SC,Regular
1999-08-20,1999,MLS,True,San Jose Earthquakes,New England Revolution,2,1,,,False,,False,,fbcsv-mls-1999-1999-08-20-San Jose Earthquakes-New England Revolution,Regular
1999-08-20,1999,MLS,True,LA Galaxy,Red Bull New York,4,1,,,False,,False,,fbcsv-mls-1999-1999-08-20-LA Galaxy-Red Bull New York,Regular
1999-08-20,1999,MLS,True,Miami Fusion,D.C. United,2,3,,,False,,False,,fbcsv-mls-1999-1999-08-20-Miami Fusion-D.C. United,Regular
1999-08-21,1999,MLS,True,Columbus Crew,Tampa Bay Mutiny,1,2,,,False,,False,,fbcsv-mls-1999-1999-08-21-Columbus Crew SC-Tampa Bay Mutiny,Regular
1999-08-21,1999,MLS,True,FC Dallas,Chicago Fire FC,4,3,,,False,,False,,fbcsv-mls-1999-1999-08-21-FC Dallas-Chicago Fire,Regular
1999-08-24,1999,MLS,True,Chicago Fire FC,Sporting Kansas City,2,0,,,False,,False,,fbcsv-mls-1999-1999-08-24-Chicago Fire-Sporting Kansas City,Regular
1999-08-24,1999,MLS,True,D.C. United,Miami Fusion,3,1,,,False,,False,,fbcsv-mls-1999-1999-08-24-D.C. United-Miami Fusion,Regular
1999-08-24,1999,MLS,True,Red Bull New York,New England Revolution,1,2,,,False,,False,,fbcsv-mls-1999-1999-08-24-Red Bull New York-New England Revolution,Regular
1999-08-26,1999,MLS,True,Tampa Bay Mutiny,Columbus Crew,2,1,,,False,,False,,fbcsv-mls-1999-1999-08-26-Tampa Bay Mutiny-Columbus Crew SC,Regular
1999-08-27,1999,MLS,True,Chicago Fire FC,New England Revolution,2,1,,,False,,False,,fbcsv-mls-1999-1999-08-27-Chicago Fire-New England Revolution,Regular
1999-08-27,1999,MLS,True,Colorado Rapids,D.C. United,0,1,,,False,,False,,fbcsv-mls-1999-1999-08-27-Colorado Rapids-D.C. United,Regular
1999-08-27,1999,MLS,True,FC Dallas,LA Galaxy,1,0,,,False,,False,,fbcsv-mls-1999-1999-08-27-FC Dallas-LA Galaxy,Regular
1999-08-27,1999,MLS,True,San Jose Earthquakes,Red Bull New York,2,1,,,False,,False,,fbcsv-mls-1999-1999-08-27-San Jose Earthquakes-Red Bull New York,Regular
1999-08-28,1999,MLS,True,Sporting Kansas City,Miami Fusion,2,0,,,False,,False,,fbcsv-mls-1999-1999-08-28-Sporting Kansas City-Miami Fusion,Regular
1999-08-31,1999,MLS,True,LA Galaxy,San Jose Earthquakes,3,1,,,False,,False,,fbcsv-mls-1999-1999-08-31-LA Galaxy-San Jose Earthquakes,Regular
1999-09-03,1999,MLS,True,Columbus Crew,Colorado Rapids,2,1,,,False,,False,,fbcsv-mls-1999-1999-09-03-Columbus Crew SC-Colorado Rapids,Regular
1999-09-03,1999,MLS,True,D.C. United,FC Dallas,4,1,,,False,,False,,fbcsv-mls-1999-1999-09-03-D.C. United-FC Dallas,Regular
1999-09-03,1999,MLS,True,San Jose Earthquakes,Sporting Kansas City,2,0,,,False,,False,,fbcsv-mls-1999-1999-09-03-San Jose Earthquakes-Sporting Kansas City,Regular
1999-09-03,1999,MLS,True,Miami Fusion,LA Galaxy,1,2,,,False,,False,,fbcsv-mls-1999-1999-09-03-Miami Fusion-LA Galaxy,Regular
1999-09-03,1999,MLS,True,New England Revolution,Tampa Bay Mutiny,1,5,,,False,,False,,fbcsv-mls-1999-1999-09-03-New England Revolution-Tampa Bay Mutiny,Regular
1999-09-03,1999,MLS,True,Red Bull New York,Chicago Fire FC,1,2,,,False,,False,,fbcsv-mls-1999-1999-09-03-Red Bull New York-Chicago Fire,Regular
1999-09-07,1999,MLS,True,New England Revolution,Sporting Kansas City,3,2,,,False,,False,,fbcsv-mls-1999-1999-09-07-New England Revolution-Sporting Kansas City,Regular
1999-09-10,1999,MLS,True,Colorado Rapids,Sporting Kansas City,1,0,,,False,,False,,fbcsv-mls-1999-1999-09-10-Colorado Rapids-Sporting Kansas City,Regular
1999-09-10,1999,MLS,True,FC Dallas,San Jose Earthquakes,1,0,,,False,,False,,fbcsv-mls-1999-1999-09-10-FC Dallas-San Jose Earthquakes,Regular
1999-09-10,1999,MLS,True,LA Galaxy,Chicago Fire FC,1,0,,,False,,False,,fbcsv-mls-1999-1999-09-10-LA Galaxy-Chicago Fire,Regular
1999-09-10,1999,MLS,True,Miami Fusion,New England Revolution,2,1,,,False,,False,,fbcsv-mls-1999-1999-09-10-Miami Fusion-New England Revolution,Regular
1999-09-10,1999,MLS,True,Tampa Bay Mutiny,D.C. United,1,2,,,False,,False,,fbcsv-mls-1999-1999-09-10-Tampa Bay Mutiny-D.C. United,Regular
1999-09-11,1999,MLS,True,Columbus Crew,Red Bull New York,1,2,,,False,,False,,fbcsv-mls-1999-1999-09-11-Columbus Crew SC-Red Bull New York,Regular
1999-09-17,1999,MLS,True,Colorado Rapids,LA Galaxy,1,0,,,False,,False,,fbcsv-mls-1999-1999-09-17-Colorado Rapids-LA Galaxy,Regular
1999-09-17,1999,MLS,True,D.C. United,Red Bull New York,2,1,,,False,,False,,fbcsv-mls-1999-1999-09-17-D.C. United-Red Bull New York,Regular
1999-09-17,1999,MLS,True,New England Revolution,Columbus Crew,0,1,,,False,,False,,fbcsv-mls-1999-1999-09-17-New England Revolution-Columbus Crew SC,Regular
1999-09-17,1999,MLS,True,Sporting Kansas City,FC Dallas,1,2,,,False,,False,,fbcsv-mls-1999-1999-09-17-Sporting Kansas City-FC Dallas,Regular
1999-09-18,1999,MLS,True,Chicago Fire FC,Tampa Bay Mutiny,2,1,,,False,,False,,fbcsv-mls-1999-1999-09-18-Chicago Fire-Tampa Bay Mutiny,Regular
1999-09-18,1999,MLS,True,San Jose Earthquakes,Miami Fusion,6,1,,,False,,False,,fbcsv-mls-1999-1999-09-18-San Jose Earthquakes-Miami Fusion,Regular
1999-09-21,1999,MLS,True,Red Bull New York,San Jose Earthquakes,1,2,,,False,,False,,fbcsv-mls-1999-1999-09-21-Red Bull New York-San Jose Earthquakes,Regular
1999-09-22,1999,MLS,True,Chicago Fire FC,Columbus Crew,1,2,,,False,,False,,fbcsv-mls-1999-1999-09-22-Chicago Fire-Columbus Crew SC,Regular
1999-09-23,1999,MLS,True,New England Revolution,FC Dallas,0,1,,,False,,False,,fbcsv-mls-1999-1999-09-23-New England Revolution-FC Dallas,Regular
1999-09-24,1999,MLS,True,LA Galaxy,D.C. United,0,2,,,False,,False,,fbcsv-mls-1999-1999-09-24-LA Galaxy-D.C. United,Regular
1999-09-24,1999,MLS,True,Tampa Bay Mutiny,Red Bull New York,1,2,,,False,,False,,fbcsv-mls-1999-1999-09-24-Tampa Bay Mutiny-Red Bull New York,Regular
1999-09-24,1999,MLS,True,Sporting Kansas City,Colorado Rapids,0,1,,,False,,False,,fbcsv-mls-1999-1999-09-24-Sporting Kansas City-Colorado Rapids,Regular
1999-09-25,1999,MLS,True,Columbus Crew,Miami Fusion,2,1,,,False,,False,,fbcsv-mls-1999-1999-09-25-Columbus Crew SC-Miami Fusion,Regular
1999-09-25,1999,MLS,True,San Jose Earthquakes,Chicago Fire FC,2,0,,,False,,False,,fbcsv-mls-1999-1999-09-25-San Jose Earthquakes-Chicago Fire,Regular
1999-09-28,1999,MLS,True,LA Galaxy,Colorado Rapids,4,0,,,False,,False,,fbcsv-mls-1999-1999-09-28-LA Galaxy-Colorado Rapids,Regular
1999-09-30,1999,MLS,True,Colorado Rapids,San Jose Earthquakes,1,0,,,False,,False,,fbcsv-mls-1999-1999-09-30-Colorado Rapids-San Jose Earthquakes,Regular
1999-10-01,1999,MLS,True,New England Revolution,Red Bull New York,2,1,,,False,,False,,fbcsv-mls-1999-1999-10-01-New England Revolution-Red Bull New York,Regular
1999-10-02,1999,MLS,True,FC Dallas,LA Galaxy,4,3,,,False,,False,,fbcsv-mls-1999-1999-10-02-FC Dallas-LA Galaxy,Regular
1999-10-02,1999,MLS,True,Miami Fusion,Columbus Crew,4,1,,,False,,False,,fbcsv-mls-1999-1999-10-02-Miami Fusion-Columbus Crew SC,Regular
1999-10-05,1999,MLS,True,Colorado Rapids,Chicago Fire FC,0,1,,,False,,False,,fbcsv-mls-1999-1999-10-05-Colorado Rapids-Chicago Fire,Regular
1999-10-05,1999,MLS,True,D.C. United,Tampa Bay Mutiny,2,4,,,False,,False,,fbcsv-mls-1999-1999-10-05-D.C. United-Tampa Bay Mutiny,Regular
1999-10-05,1999,MLS,True,San Jose Earthquakes,Sporting Kansas City,1,0,,,False,,False,,fbcsv-mls-1999-1999-10-05-San Jose Earthquakes-Sporting Kansas City,Regular
1999-10-08,1999,MLS,True,D.C. United,New England Revolution,1,2,,,False,,False,,fbcsv-mls-1999-1999-10-08-D.C. United-New England Revolution,Regular
1999-10-08,1999,MLS,True,Miami Fusion,Colorado Rapids,2,0,,,False,,False,,fbcsv-mls-1999-1999-10-08-Miami Fusion-Colorado Rapids,Regular
1999-10-08,1999,MLS,True,Sporting Kansas City,LA Galaxy,0,1,,,False,,False,,fbcsv-mls-1999-1999-10-08-Sporting Kansas City-LA Galaxy,Regular
1999-10-09,1999,MLS,True,Columbus Crew,Chicago Fire FC,2,3,,,False,,False,,fbcsv-mls-1999-1999-10-09-Columbus Crew SC-Chicago Fire,Regular
1999-10-09,1999,MLS,True,Tampa Bay Mutiny,FC Dallas,1,2,,,False,,False,,fbcsv-mls-1999-1999-10-09-Tampa Bay Mutiny-FC Dallas,Regular
1999-10-15,1999,MLS,True,D.C. United,Miami Fusion,2,0,,,False,,False,,fbcsv-mls-1999-1999-10-15-D.C. United-Miami Fusion,Playoff
1999-10-15,1999,MLS,True,FC Dallas,Chicago Fire FC,2,1,,,False,,False,,fbcsv-mls-1999-1999-10-15-FC Dallas-Chicago Fire,Playoff
1999-10-16,1999,MLS,True,Columbus Crew,Tampa Bay Mutiny,2,0,,,False,,False,,fbcsv-mls-1999-1999-10-16-Columbus Crew SC-Tampa Bay Mutiny,Playoff
1999-10-16,1999,MLS,True,LA Galaxy,Colorado Rapids,3,0,,,False,,False,,fbcsv-mls-1999-1999-10-16-LA Galaxy-Colorado Rapids,Playoff
1999-10-21,1999,MLS,True,Tampa Bay Mutiny,Columbus Crew,0,2,,,False,,False,,fbcsv-mls-1999-1999-10-21-Tampa Bay Mutiny-Columbus Crew SC,Playoff
1999-10-22,1999,MLS,True,Chicago Fire FC,FC Dallas,4,0,,,False,,False,,fbcsv-mls-1999-1999-10-22-Chicago Fire-FC Dallas,Playoff
1999-10-23,1999,MLS,True,Colorado Rapids,LA Galaxy,0,2,,,False,,False,,fbcsv-mls-1999-1999-10-23-Colorado Rapids-LA Galaxy,Playoff
1999-10-26,1999,MLS,True,FC Dallas,Chicago Fire FC,3,2,,,False,,False,,fbcsv-mls-1999-1999-10-26-FC Dallas-Chicago Fire,Playoff
1999-10-30,1999,MLS,True,D.C. United,Columbus Crew,2,1,,,False,,False,,fbcsv-mls-1999-1999-10-30-D.C. United-Columbus Crew SC,Playoff
1999-10-30,1999,MLS,True,LA Galaxy,FC Dallas,2,1,,,False,,False,,fbcsv-mls-1999-1999-10-30-LA Galaxy-FC Dallas,Playoff
1999-11-06,1999,MLS,True,Columbus Crew,D.C. United,5,1,,,False,,False,,fbcsv-mls-1999-1999-11-06-Columbus Crew SC-D.C. United,Playoff
1999-11-10,1999,MLS,True,LA Galaxy,FC Dallas,3,1,,,False,,False,,fbcsv-mls-1999-1999-11-10-LA Galaxy-FC Dallas,Playoff
1999-11-12,1999,MLS,True,D.C. United,Columbus Crew,4,0,,,False,,False,,fbcsv-mls-1999-1999-11-12-D.C. United-Columbus Crew SC,Playoff
1999-11-20,1999,MLS,True,D.C. United,LA Galaxy,2,0,,,False,,False,,fbcsv-mls-1999-1999-11-20-D.C. United-LA Galaxy,Playoff
2000-03-17,2000,MLS,True,FC Dallas,Chicago Fire FC,4,2,,,False,,False,,fbcsv-mls-2000-2000-03-17-FC Dallas-Chicago Fire,Regular
2000-03-17,2000,MLS,True,LA Galaxy,Colorado Rapids,2,1,,,False,,False,,fbcsv-mls-2000-2000-03-17-LA Galaxy-Colorado Rapids,Regular
2000-03-17,2000,MLS,True,Miami Fusion,New England Revolution,1,1,,,False,,False,,fbcsv-mls-2000-2000-03-17-Miami Fusion-New England Revolution,Regular
2000-03-17,2000,MLS,True,Tampa Bay Mutiny,Columbus Crew,5,1,,,False,,False,,fbcsv-mls-2000-2000-03-17-Tampa Bay Mutiny-Columbus Crew SC,Regular
2000-03-24,2000,MLS,True,Columbus Crew,San Jose Earthquakes,2,1,,,False,,False,,fbcsv-mls-2000-2000-03-24-Columbus Crew SC-San Jose Earthquakes,Regular
2000-03-24,2000,MLS,True,D.C. United,LA Galaxy,0,4,,,False,,False,,fbcsv-mls-2000-2000-03-24-D.C. United-LA Galaxy,Regular
2000-03-24,2000,MLS,True,FC Dallas,Colorado Rapids,0,1,,,False,,False,,fbcsv-mls-2000-2000-03-24-FC Dallas-Colorado Rapids,Regular
2000-03-24,2000,MLS,True,Tampa Bay Mutiny,New England Revolution,1,0,,,False,,False,,fbcsv-mls-2000-2000-03-24-Tampa Bay Mutiny-New England Revolution,Regular
2000-03-24,2000,MLS,True,Sporting Kansas City,Chicago Fire FC,4,3,,,False,,False,,fbcsv-mls-2000-2000-03-24-Sporting Kansas City-Chicago Fire,Regular
2000-03-25,2000,MLS,True,Miami Fusion,Red Bull New York,3,1,,,False,,False,,fbcsv-mls-2000-2000-03-25-Miami Fusion-Red Bull New York,Regular
2000-03-31,2000,MLS,True,Columbus Crew,Chicago Fire FC,0,2,,,False,,False,,fbcsv-mls-2000-2000-03-31-Columbus Crew SC-Chicago Fire,Regular
2000-03-31,2000,MLS,True,FC Dallas,Tampa Bay Mutiny,1,0,,,False,,False,,fbcsv-mls-2000-2000-03-31-FC Dallas-Tampa Bay Mutiny,Regular
2000-03-31,2000,MLS,True,LA Galaxy,New England Revolution,2,2,,,False,,False,,fbcsv-mls-2000-2000-03-31-LA Galaxy-New England Revolution,Regular
2000-03-31,2000,MLS,True,Miami Fusion,San Jose Earthquakes,0,0,,,False,,False,,fbcsv-mls-2000-2000-03-31-Miami Fusion-San Jose Earthquakes,Regular
2000-03-31,2000,MLS,True,Red Bull New York,D.C. United,3,2,,,False,,False,,fbcsv-mls-2000-2000-03-31-Red Bull New York-D.C. United,Regular
2000-03-31,2000,MLS,True,Sporting Kansas City,Colorado Rapids,3,0,,,False,,False,,fbcsv-mls-2000-2000-03-31-Sporting Kansas City-Colorado Rapids,Regular
2000-04-07,2000,MLS,True,Colorado Rapids,Tampa Bay Mutiny,1,0,,,False,,False,,fbcsv-mls-2000-2000-04-07-Colorado Rapids-Tampa Bay Mutiny,Regular
2000-04-07,2000,MLS,True,Columbus Crew,LA Galaxy,2,2,,,False,,False,,fbcsv-mls-2000-2000-04-07-Columbus Crew SC-LA Galaxy,Regular
2000-04-07,2000,MLS,True,D.C. United,Chicago Fire FC,3,2,,,False,,False,,fbcsv-mls-2000-2000-04-07-D.C. United-Chicago Fire,Regular
2000-04-07,2000,MLS,True,FC Dallas,New England Revolution,2,1,,,False,,False,,fbcsv-mls-2000-2000-04-07-FC Dallas-New England Revolution,Regular
2000-04-07,2000,MLS,True,San Jose Earthquakes,Red Bull New York,2,0,,,False,,False,,fbcsv-mls-2000-2000-04-07-San Jose Earthquakes-Red Bull New York,Regular
2000-04-07,2000,MLS,True,Miami Fusion,Sporting Kansas City,0,0,,,False,,False,,fbcsv-mls-2000-2000-04-07-Miami Fusion-Sporting Kansas City,Regular
2000-04-14,2000,MLS,True,Chicago Fire FC,Miami Fusion,1,0,,,False,,False,,fbcsv-mls-2000-2000-04-14-Chicago Fire-Miami Fusion,Regular
2000-04-14,2000,MLS,True,LA Galaxy,FC Dallas,2,1,,,False,,False,,fbcsv-mls-2000-2000-04-14-LA Galaxy-FC Dallas,Regular
2000-04-14,2000,MLS,True,Tampa Bay Mutiny,Colorado Rapids,4,2,,,False,,False,,fbcsv-mls-2000-2000-04-14-Tampa Bay Mutiny-Colorado Rapids,Regular
2000-04-14,2000,MLS,True,New England Revolution,D.C. United,2,1,,,False,,False,,fbcsv-mls-2000-2000-04-14-New England Revolution-D.C. United,Regular
2000-04-14,2000,MLS,True,Red Bull New York,Columbus Crew,0,1,,,False,,False,,fbcsv-mls-2000-2000-04-14-Red Bull New York-Columbus Crew SC,Regular
2000-04-14,2000,MLS,True,Sporting Kansas City,San Jose Earthquakes,2,0,,,False,,False,,fbcsv-mls-2000-2000-04-14-Sporting Kansas City-San Jose Earthquakes,Regular
2000-04-18,2000,MLS,True,Red Bull New York,Sporting Kansas City,1,2,,,False,,False,,fbcsv-mls-2000-2000-04-18-Red Bull New York-Sporting Kansas City,Regular
2000-04-21,2000,MLS,True,Columbus Crew,Colorado Rapids,2,3,,,False,,False,,fbcsv-mls-2000-2000-04-21-Columbus Crew SC-Colorado Rapids,Regular
2000-04-21,2000,MLS,True,D.C. United,Red Bull New York,2,3,,,False,,False,,fbcsv-mls-2000-2000-04-21-D.C. United-Red Bull New York,Regular
2000-04-21,2000,MLS,True,San Jose Earthquakes,FC Dallas,5,0,,,False,,False,,fbcsv-mls-2000-2000-04-21-San Jose Earthquakes-FC Dallas,Regular
2000-04-21,2000,MLS,True,LA Galaxy,Miami Fusion,2,0,,,False,,False,,fbcsv-mls-2000-2000-04-21-LA Galaxy-Miami Fusion,Regular
2000-04-21,2000,MLS,True,New England Revolution,Chicago Fire FC,1,1,,,False,,False,,fbcsv-mls-2000-2000-04-21-New England Revolution-Chicago Fire,Regular
2000-04-21,2000,MLS,True,Sporting Kansas City,Tampa Bay Mutiny,1,0,,,False,,False,,fbcsv-mls-2000-2000-04-21-Sporting Kansas City-Tampa Bay Mutiny,Regular
2000-04-25,2000,MLS,True,Tampa Bay Mutiny,San Jose Earthquakes,4,0,,,False,,False,,fbcsv-mls-2000-2000-04-25-Tampa Bay Mutiny-San Jose Earthquakes,Regular
2000-04-27,2000,MLS,True,Chicago Fire FC,Tampa Bay Mutiny,5,1,,,False,,False,,fbcsv-mls-2000-2000-04-27-Chicago Fire-Tampa Bay Mutiny,Regular
2000-04-28,2000,MLS,True,Colorado Rapids,Sporting Kansas City,0,5,,,False,,False,,fbcsv-mls-2000-2000-04-28-Colorado Rapids-Sporting Kansas City,Regular
2000-04-28,2000,MLS,True,FC Dallas,Columbus Crew,2,1,,,False,,False,,fbcsv-mls-2000-2000-04-28-FC Dallas-Columbus Crew SC,Regular
2000-04-28,2000,MLS,True,San Jose Earthquakes,D.C. United,2,2,,,False,,False,,fbcsv-mls-2000-2000-04-28-San Jose Earthquakes-D.C. United,Regular
2000-04-28,2000,MLS,True,New England Revolution,Miami Fusion,1,1,,,False,,False,,fbcsv-mls-2000-2000-04-28-New England Revolution-Miami Fusion,Regular
2000-04-28,2000,MLS,True,Red Bull New York,LA Galaxy,0,1,,,False,,False,,fbcsv-mls-2000-2000-04-28-Red Bull New York-LA Galaxy,Regular
2000-05-02,2000,MLS,True,Chicago Fire FC,Colorado Rapids,1,2,,,False,,False,,fbcsv-mls-2000-2000-05-02-Chicago Fire-Colorado Rapids,Regular
2000-05-02,2000,MLS,True,D.C. United,Columbus Crew,1,2,,,False,,False,,fbcsv-mls-2000-2000-05-02-D.C. United-Columbus Crew SC,Regular
2000-05-05,2000,MLS,True,Colorado Rapids,D.C. United,2,5,,,False,,False,,fbcsv-mls-2000-2000-05-05-Colorado Rapids-D.C. United,Regular
2000-05-05,2000,MLS,True,Columbus Crew,Red Bull New York,0,2,,,False,,False,,fbcsv-mls-2000-2000-05-05-Columbus Crew SC-Red Bull New York,Regular
2000-05-05,2000,MLS,True,LA Galaxy,Sporting Kansas City,0,0,,,False,,False,,fbcsv-mls-2000-2000-05-05-LA Galaxy-Sporting Kansas City,Regular
2000-05-05,2000,MLS,True,Miami Fusion,Chicago Fire FC,0,3,,,False,,False,,fbcsv-mls-2000-2000-05-05-Miami Fusion-Chicago Fire,Regular
2000-05-05,2000,MLS,True,Tampa Bay Mutiny,FC Dallas,3,1,,,False,,False,,fbcsv-mls-2000-2000-05-05-Tampa Bay Mutiny-FC Dallas,Regular
2000-05-05,2000,MLS,True,New England Revolution,San Jose Earthquakes,2,1,,,False,,False,,fbcsv-mls-2000-2000-05-05-New England Revolution-San Jose Earthquakes,Regular
2000-05-09,2000,MLS,True,Miami Fusion,D.C. United,1,0,,,False,,False,,fbcsv-mls-2000-2000-05-09-Miami Fusion-D.C. United,Regular
2000-05-12,2000,MLS,True,Chicago Fire FC,San Jose Earthquakes,4,1,,,False,,False,,fbcsv-mls-2000-2000-05-12-Chicago Fire-San Jose Earthquakes,Regular
2000-05-12,2000,MLS,True,Colorado Rapids,Miami Fusion,1,2,,,False,,False,,fbcsv-mls-2000-2000-05-12-Colorado Rapids-Miami Fusion,Regular
2000-05-12,2000,MLS,True,D.C. United,New England Revolution,1,3,,,False,,False,,fbcsv-mls-2000-2000-05-12-D.C. United-New England Revolution,Regular
2000-05-12,2000,MLS,True,FC Dallas,LA Galaxy,1,1,,,False,,False,,fbcsv-mls-2000-2000-05-12-FC Dallas-LA Galaxy,Regular
2000-05-12,2000,MLS,True,Tampa Bay Mutiny,Columbus Crew,3,1,,,False,,False,,fbcsv-mls-2000-2000-05-12-Tampa Bay Mutiny-Columbus Crew SC,Regular
2000-05-12,2000,MLS,True,Sporting Kansas City,Red Bull New York,2,0,,,False,,False,,fbcsv-mls-2000-2000-05-12-Sporting Kansas City-Red Bull New York,Regular
2000-05-16,2000,MLS,True,San Jose Earthquakes,LA Galaxy,0,0,,,False,,False,,fbcsv-mls-2000-2000-05-16-San Jose Earthquakes-LA Galaxy,Regular
2000-05-16,2000,MLS,True,New England Revolution,Colorado Rapids,3,4,,,False,,False,,fbcsv-mls-2000-2000-05-16-New England Revolution-Colorado Rapids,Regular
2000-05-16,2000,MLS,True,Sporting Kansas City,D.C. United,2,0,,,False,,False,,fbcsv-mls-2000-2000-05-16-Sporting Kansas City-D.C. United,Regular
2000-05-19,2000,MLS,True,Chicago Fire FC,New England Revolution,0,1,,,False,,False,,fbcsv-mls-2000-2000-05-19-Chicago Fire-New England Revolution,Regular
2000-05-19,2000,MLS,True,Columbus Crew,FC Dallas,2,1,,,False,,False,,fbcsv-mls-2000-2000-05-19-Columbus Crew SC-FC Dallas,Regular
2000-05-19,2000,MLS,True,LA Galaxy,D.C. United,2,1,,,False,,False,,fbcsv-mls-2000-2000-05-19-LA Galaxy-D.C. United,Regular
2000-05-19,2000,MLS,True,Miami Fusion,Colorado Rapids,2,0,,,False,,False,,fbcsv-mls-2000-2000-05-19-Miami Fusion-Colorado Rapids,Regular
2000-05-19,2000,MLS,True,Red Bull New York,Tampa Bay Mutiny,3,2,,,False,,False,,fbcsv-mls-2000-2000-05-19-Red Bull New York-Tampa Bay Mutiny,Regular
2000-05-19,2000,MLS,True,Sporting Kansas City,San Jose Earthquakes,2,0,,,False,,False,,fbcsv-mls-2000-2000-05-19-Sporting Kansas City-San Jose Earthquakes,Regular
2000-05-23,2000,MLS,True,Chicago Fire FC,FC Dallas,4,3,,,False,,False,,fbcsv-mls-2000-2000-05-23-Chicago Fire-FC Dallas,Regular
2000-05-23,2000,MLS,True,New England Revolution,LA Galaxy,2,1,,,False,,False,,fbcsv-mls-2000-2000-05-23-New England Revolution-LA Galaxy,Regular
2000-05-26,2000,MLS,True,D.C. United,FC Dallas,3,2,,,False,,False,,fbcsv-mls-2000-2000-05-26-D.C. United-FC Dallas,Regular
2000-05-26,2000,MLS,True,LA Galaxy,San Jose Earthquakes,1,1,,,False,,False,,fbcsv-mls-2000-2000-05-26-LA Galaxy-San Jose Earthquakes,Regular
2000-05-26,2000,MLS,True,Miami Fusion,Columbus Crew,2,4,,,False,,False,,fbcsv-mls-2000-2000-05-26-Miami Fusion-Columbus Crew SC,Regular
2000-05-26,2000,MLS,True,Tampa Bay Mutiny,Sporting Kansas City,1,2,,,False,,False,,fbcsv-mls-2000-2000-05-26-Tampa Bay Mutiny-Sporting Kansas City,Regular
2000-05-26,2000,MLS,True,Red Bull New York,Chicago Fire FC,4,1,,,False,,False,,fbcsv-mls-2000-2000-05-26-Red Bull New York-Chicago Fire,Regular
2000-05-28,2000,MLS,True,Colorado Rapids,New England Revolution,2,1,,,False,,False,,fbcsv-mls-2000-2000-05-28-Colorado Rapids-New England Revolution,Regular
2000-06-02,2000,MLS,True,Columbus Crew,D.C. United,1,1,,,False,,False,,fbcsv-mls-2000-2000-06-02-Columbus Crew SC-D.C. United,Regular
2000-06-02,2000,MLS,True,FC Dallas,Tampa Bay Mutiny,2,3,,,False,,False,,fbcsv-mls-2000-2000-06-02-FC Dallas-Tampa Bay Mutiny,Regular
2000-06-02,2000,MLS,True,San Jose Earthquakes,Colorado Rapids,4,2,,,False,,False,,fbcsv-mls-2000-2000-06-02-San Jose Earthquakes-Colorado Rapids,Regular
2000-06-02,2000,MLS,True,LA Galaxy,Red Bull New York,0,2,,,False,,False,,fbcsv-mls-2000-2000-06-02-LA Galaxy-Red Bull New York,Regular
2000-06-02,2000,MLS,True,New England Revolution,Miami Fusion,2,0,,,False,,False,,fbcsv-mls-2000-2000-06-02-New England Revolution-Miami Fusion,Regular
2000-06-03,2000,MLS,True,Chicago Fire FC,Sporting Kansas City,3,2,,,False,,False,,fbcsv-mls-2000-2000-06-03-Chicago Fire-Sporting Kansas City,Regular
2000-06-06,2000,MLS,True,Chicago Fire FC,Miami Fusion,2,1,,,False,,False,,fbcsv-mls-2000-2000-06-06-Chicago Fire-Miami Fusion,Regular
2000-06-06,2000,MLS,True,FC Dallas,Columbus Crew,3,2,,,False,,False,,fbcsv-mls-2000-2000-06-06-FC Dallas-Columbus Crew SC,Regular
2000-06-08,2000,MLS,True,Red Bull New York,Tampa Bay Mutiny,0,3,,,False,,False,,fbcsv-mls-2000-2000-06-08-Red Bull New York-Tampa Bay Mutiny,Regular
2000-06-09,2000,MLS,True,Colorado Rapids,LA Galaxy,1,0,,,False,,False,,fbcsv-mls-2000-2000-06-09-Colorado Rapids-LA Galaxy,Regular
2000-06-09,2000,MLS,True,Columbus Crew,FC Dallas,1,1,,,False,,False,,fbcsv-mls-2000-2000-06-09-Columbus Crew SC-FC Dallas,Regular
2000-06-09,2000,MLS,True,D.C. United,Sporting Kansas City,0,0,,,False,,False,,fbcsv-mls-2000-2000-06-09-D.C. United-Sporting Kansas City,Regular
2000-06-09,2000,MLS,True,Miami Fusion,Chicago Fire FC,4,2,,,False,,False,,fbcsv-mls-2000-2000-06-09-Miami Fusion-Chicago Fire,Regular
2000-06-09,2000,MLS,True,New England Revolution,San Jose Earthquakes,3,0,,,False,,False,,fbcsv-mls-2000-2000-06-09-New England Revolution-San Jose Earthquakes,Regular
2000-06-16,2000,MLS,True,Chicago Fire FC,D.C. United,3,2,,,False,,False,,fbcsv-mls-2000-2000-06-16-Chicago Fire-D.C. United,Regular
2000-06-16,2000,MLS,True,Colorado Rapids,Columbus Crew,0,0,,,False,,False,,fbcsv-mls-2000-2000-06-16-Colorado Rapids-Columbus Crew SC,Regular
2000-06-16,2000,MLS,True,FC Dallas,Sporting Kansas City,4,1,,,False,,False,,fbcsv-mls-2000-2000-06-16-FC Dallas-Sporting Kansas City,Regular
2000-06-16,2000,MLS,True,San Jose Earthquakes,Miami Fusion,3,1,,,False,,False,,fbcsv-mls-2000-2000-06-16-San Jose Earthquakes-Miami Fusion,Regular
2000-06-16,2000,MLS,True,LA Galaxy,Tampa Bay Mutiny,2,1,,,False,,False,,fbcsv-mls-2000-2000-06-16-LA Galaxy-Tampa Bay Mutiny,Regular
2000-06-16,2000,MLS,True,Red Bull New York,New England Revolution,4,2,,,False,,False,,fbcsv-mls-2000-2000-06-16-Red Bull New York-New England Revolution,Regular
2000-06-20,2000,MLS,True,San Jose Earthquakes,New England Revolution,2,2,,,False,,False,,fbcsv-mls-2000-2000-06-20-San Jose Earthquakes-New England Revolution,Regular
2000-06-20,2000,MLS,True,LA Galaxy,Chicago Fire FC,1,1,,,False,,False,,fbcsv-mls-2000-2000-06-20-LA Galaxy-Chicago Fire,Regular
2000-06-20,2000,MLS,True,Tampa Bay Mutiny,Miami Fusion,1,4,,,False,,False,,fbcsv-mls-2000-2000-06-20-Tampa Bay Mutiny-Miami Fusion,Regular
2000-06-20,2000,MLS,True,Red Bull New York,D.C. United,2,2,,,False,,False,,fbcsv-mls-2000-2000-06-20-Red Bull New York-D.C. United,Regular
2000-06-20,2000,MLS,True,Sporting Kansas City,FC Dallas,0,0,,,False,,False,,fbcsv-mls-2000-2000-06-20-Sporting Kansas City-FC Dallas,Regular
2000-06-23,2000,MLS,True,Colorado Rapids,Red Bull New York,1,3,,,False,,False,,fbcsv-mls-2000-2000-06-23-Colorado Rapids-Red Bull New York,Regular
2000-06-23,2000,MLS,True,Columbus Crew,New England Revolution,3,1,,,False,,False,,fbcsv-mls-2000-2000-06-23-Columbus Crew SC-New England Revolution,Regular
2000-06-23,2000,MLS,True,D.C. United,FC Dallas,2,0,,,False,,False,,fbcsv-mls-2000-2000-06-23-D.C. United-FC Dallas,Regular
2000-06-23,2000,MLS,True,San Jose Earthquakes,Chicago Fire FC,1,1,,,False,,False,,fbcsv-mls-2000-2000-06-23-San Jose Earthquakes-Chicago Fire,Regular
2000-06-23,2000,MLS,True,Miami Fusion,Tampa Bay Mutiny,2,3,,,False,,False,,fbcsv-mls-2000-2000-06-23-Miami Fusion-Tampa Bay Mutiny,Regular
2000-06-23,2000,MLS,True,Sporting Kansas City,LA Galaxy,2,0,,,False,,False,,fbcsv-mls-2000-2000-06-23-Sporting Kansas City-LA Galaxy,Regular
2000-06-27,2000,MLS,True,Colorado Rapids,FC Dallas,1,0,,,False,,False,,fbcsv-mls-2000-2000-06-27-Colorado Rapids-FC Dallas,Regular
2000-06-27,2000,MLS,True,Columbus Crew,Tampa Bay Mutiny,1,2,,,False,,False,,fbcsv-mls-2000-2000-06-27-Columbus Crew SC-Tampa Bay Mutiny,Regular
2000-06-27,2000,MLS,True,D.C. United,LA Galaxy,1,2,,,False,,False,,fbcsv-mls-2000-2000-06-27-D.C. United-LA Galaxy,Regular
2000-06-27,2000,MLS,True,Red Bull New York,San Jose Earthquakes,0,0,,,False,,False,,fbcsv-mls-2000-2000-06-27-Red Bull New York-San Jose Earthquakes,Regular
2000-06-30,2000,MLS,True,Columbus Crew,San Jose Earthquakes,2,1,,,False,,False,,fbcsv-mls-2000-2000-06-30-Columbus Crew SC-San Jose Earthquakes,Regular
2000-06-30,2000,MLS,True,D.C. United,Colorado Rapids,1,1,,,False,,False,,fbcsv-mls-2000-2000-06-30-D.C. United-Colorado Rapids,Regular
2000-06-30,2000,MLS,True,FC Dallas,LA Galaxy,4,2,,,False,,False,,fbcsv-mls-2000-2000-06-30-FC Dallas-LA Galaxy,Regular
2000-06-30,2000,MLS,True,Tampa Bay Mutiny,Red Bull New York,0,2,,,False,,False,,fbcsv-mls-2000-2000-06-30-Tampa Bay Mutiny-Red Bull New York,Regular
2000-07-03,2000,MLS,True,Colorado Rapids,Chicago Fire FC,2,1,,,False,,False,,fbcsv-mls-2000-2000-07-03-Colorado Rapids-Chicago Fire,Regular
2000-07-03,2000,MLS,True,San Jose Earthquakes,Sporting Kansas City,0,0,,,False,,False,,fbcsv-mls-2000-2000-07-03-San Jose Earthquakes-Sporting Kansas City,Regular
2000-07-03,2000,MLS,True,LA Galaxy,Columbus Crew,1,0,,,False,,False,,fbcsv-mls-2000-2000-07-03-LA Galaxy-Columbus Crew SC,Regular
2000-07-03,2000,MLS,True,Miami Fusion,New England Revolution,2,1,,,False,,False,,fbcsv-mls-2000-2000-07-03-Miami Fusion-New England Revolution,Regular
2000-07-03,2000,MLS,True,Tampa Bay Mutiny,D.C. United,3,0,,,False,,False,,fbcsv-mls-2000-2000-07-03-Tampa Bay Mutiny-D.C. United,Regular
2000-07-04,2000,MLS,True,Red Bull New York,FC Dallas,2,1,,,False,,False,,fbcsv-mls-2000-2000-07-04-Red Bull New York-FC Dallas,Regular
2000-07-07,2000,MLS,True,Chicago Fire FC,Columbus Crew,3,1,,,False,,False,,fbcsv-mls-2000-2000-07-07-Chicago Fire-Columbus Crew SC,Regular
2000-07-07,2000,MLS,True,Colorado Rapids,San Jose Earthquakes,0,1,,,False,,False,,fbcsv-mls-2000-2000-07-07-Colorado Rapids-San Jose Earthquakes,Regular
2000-07-07,2000,MLS,True,FC Dallas,D.C. United,3,0,,,False,,False,,fbcsv-mls-2000-2000-07-07-FC Dallas-D.C. United,Regular
2000-07-07,2000,MLS,True,Miami Fusion,LA Galaxy,3,5,,,False,,False,,fbcsv-mls-2000-2000-07-07-Miami Fusion-LA Galaxy,Regular
2000-07-07,2000,MLS,True,Sporting Kansas City,Red Bull New York,0,1,,,False,,False,,fbcsv-mls-2000-2000-07-07-Sporting Kansas City-Red Bull New York,Regular
2000-07-11,2000,MLS,True,Columbus Crew,New England Revolution,4,1,,,False,,False,,fbcsv-mls-2000-2000-07-11-Columbus Crew SC-New England Revolution,Regular
2000-07-11,2000,MLS,True,D.C. United,Tampa Bay Mutiny,2,2,,,False,,False,,fbcsv-mls-2000-2000-07-11-D.C. United-Tampa Bay Mutiny,Regular
2000-07-14,2000,MLS,True,Chicago Fire FC,Tampa Bay Mutiny,0,0,,,False,,False,,fbcsv-mls-2000-2000-07-14-Chicago Fire-Tampa Bay Mutiny,Regular
2000-07-14,2000,MLS,True,Columbus Crew,Sporting Kansas City,2,0,,,False,,False,,fbcsv-mls-2000-2000-07-14-Columbus Crew SC-Sporting Kansas City,Regular
2000-07-14,2000,MLS,True,San Jose Earthquakes,Colorado Rapids,1,2,,,False,,False,,fbcsv-mls-2000-2000-07-14-San Jose Earthquakes-Colorado Rapids,Regular
2000-07-14,2000,MLS,True,LA Galaxy,D.C. United,1,2,,,False,,False,,fbcsv-mls-2000-2000-07-14-LA Galaxy-D.C. United,Regular
2000-07-14,2000,MLS,True,Miami Fusion,FC Dallas,0,3,,,False,,False,,fbcsv-mls-2000-2000-07-14-Miami Fusion-FC Dallas,Regular
2000-07-14,2000,MLS,True,New England Revolution,Red Bull New York,0,2,,,False,,False,,fbcsv-mls-2000-2000-07-14-New England Revolution-Red Bull New York,Regular
2000-07-18,2000,MLS,True,FC Dallas,Miami Fusion,1,1,,,False,,False,,fbcsv-mls-2000-2000-07-18-FC Dallas-Miami Fusion,Regular
2000-07-18,2000,MLS,True,Sporting Kansas City,New England Revolution,0,1,,,False,,False,,fbcsv-mls-2000-2000-07-18-Sporting Kansas City-New England Revolution,Regular
2000-07-20,2000,MLS,True,Colorado Rapids,Chicago Fire FC,1,1,,,False,,False,,fbcsv-mls-2000-2000-07-20-Colorado Rapids-Chicago Fire,Regular
2000-07-21,2000,MLS,True,San Jose Earthquakes,New England Revolution,1,2,,,False,,False,,fbcsv-mls-2000-2000-07-21-San Jose Earthquakes-New England Revolution,Regular
2000-07-21,2000,MLS,True,Tampa Bay Mutiny,LA Galaxy,2,0,,,False,,False,,fbcsv-mls-2000-2000-07-21-Tampa Bay Mutiny-LA Galaxy,Regular
2000-07-21,2000,MLS,True,Red Bull New York,Miami Fusion,4,2,,,False,,False,,fbcsv-mls-2000-2000-07-21-Red Bull New York-Miami Fusion,Regular
2000-07-21,2000,MLS,True,Sporting Kansas City,Columbus Crew,3,1,,,False,,False,,fbcsv-mls-2000-2000-07-21-Sporting Kansas City-Columbus Crew SC,Regular
2000-08-01,2000,MLS,True,D.C. United,Red Bull New York,3,2,,,False,,False,,fbcsv-mls-2000-2000-08-01-D.C. United-Red Bull New York,Regular
2000-08-01,2000,MLS,True,San Jose Earthquakes,Columbus Crew,1,2,,,False,,False,,fbcsv-mls-2000-2000-08-01-San Jose Earthquakes-Columbus Crew SC,Regular
2000-08-01,2000,MLS,True,Tampa Bay Mutiny,Chicago Fire FC,0,1,,,False,,False,,fbcsv-mls-2000-2000-08-01-Tampa Bay Mutiny-Chicago Fire,Regular
2000-08-01,2000,MLS,True,New England Revolution,FC Dallas,1,2,,,False,,False,,fbcsv-mls-2000-2000-08-01-New England Revolution-FC Dallas,Regular
2000-08-01,2000,MLS,True,Sporting Kansas City,Colorado Rapids,3,1,,,False,,False,,fbcsv-mls-2000-2000-08-01-Sporting Kansas City-Colorado Rapids,Regular
2000-08-04,2000,MLS,True,Colorado Rapids,San Jose Earthquakes,2,0,,,False,,False,,fbcsv-mls-2000-2000-08-04-Colorado Rapids-San Jose Earthquakes,Regular
2000-08-04,2000,MLS,True,D.C. United,Miami Fusion,1,3,,,False,,False,,fbcsv-mls-2000-2000-08-04-D.C. United-Miami Fusion,Regular
2000-08-04,2000,MLS,True,New England Revolution,Columbus Crew,1,1,,,False,,False,,fbcsv-mls-2000-2000-08-04-New England Revolution-Columbus Crew SC,Regular
2000-08-04,2000,MLS,True,Sporting Kansas City,LA Galaxy,1,5,,,False,,False,,fbcsv-mls-2000-2000-08-04-Sporting Kansas City-LA Galaxy,Regular
2000-08-05,2000,MLS,True,Chicago Fire FC,Red Bull New York,3,1,,,False,,False,,fbcsv-mls-2000-2000-08-05-Chicago Fire-Red Bull New York,Regular
2000-08-05,2000,MLS,True,Tampa Bay Mutiny,FC Dallas,2,1,,,False,,False,,fbcsv-mls-2000-2000-08-05-Tampa Bay Mutiny-FC Dallas,Regular
2000-08-11,2000,MLS,True,FC Dallas,D.C. United,1,0,,,False,,False,,fbcsv-mls-2000-2000-08-11-FC Dallas-D.C. United,Regular
2000-08-11,2000,MLS,True,San Jose Earthquakes,Tampa Bay Mutiny,1,2,,,False,,False,,fbcsv-mls-2000-2000-08-11-San Jose Earthquakes-Tampa Bay Mutiny,Regular
2000-08-11,2000,MLS,True,LA Galaxy,Sporting Kansas City,1,1,,,False,,False,,fbcsv-mls-2000-2000-08-11-LA Galaxy-Sporting Kansas City,Regular
2000-08-11,2000,MLS,True,Miami Fusion,Colorado Rapids,4,1,,,False,,False,,fbcsv-mls-2000-2000-08-11-Miami Fusion-Colorado Rapids,Regular
2000-08-11,2000,MLS,True,Red Bull New York,New England Revolution,2,1,,,False,,False,,fbcsv-mls-2000-2000-08-11-Red Bull New York-New England Revolution,Regular
2000-08-15,2000,MLS,True,Columbus Crew,Miami Fusion,2,0,,,False,,False,,fbcsv-mls-2000-2000-08-15-Columbus Crew SC-Miami Fusion,Regular
2000-08-15,2000,MLS,True,FC Dallas,Chicago Fire FC,3,0,,,False,,False,,fbcsv-mls-2000-2000-08-15-FC Dallas-Chicago Fire,Regular
2000-08-15,2000,MLS,True,San Jose Earthquakes,Sporting Kansas City,0,3,,,False,,False,,fbcsv-mls-2000-2000-08-15-San Jose Earthquakes-Sporting Kansas City,Regular
2000-08-15,2000,MLS,True,LA Galaxy,Colorado Rapids,1,0,,,False,,False,,fbcsv-mls-2000-2000-08-15-LA Galaxy-Colorado Rapids,Regular
2000-08-15,2000,MLS,True,Tampa Bay Mutiny,Red Bull New York,4,3,,,False,,False,,fbcsv-mls-2000-2000-08-15-Tampa Bay Mutiny-Red Bull New York,Regular
2000-08-18,2000,MLS,True,Chicago Fire FC,LA Galaxy,2,1,,,False,,False,,fbcsv-mls-2000-2000-08-18-Chicago Fire-LA Galaxy,Regular
2000-08-18,2000,MLS,True,D.C. United,San Jose Earthquakes,0,1,,,False,,False,,fbcsv-mls-2000-2000-08-18-D.C. United-San Jose Earthquakes,Regular
2000-08-18,2000,MLS,True,New England Revolution,Tampa Bay Mutiny,2,1,,,False,,False,,fbcsv-mls-2000-2000-08-18-New England Revolution-Tampa Bay Mutiny,Regular
2000-08-19,2000,MLS,True,Red Bull New York,Colorado Rapids,5,3,,,False,,False,,fbcsv-mls-2000-2000-08-19-Red Bull New York-Colorado Rapids,Regular
2000-08-19,2000,MLS,True,Sporting Kansas City,Miami Fusion,1,2,,,False,,False,,fbcsv-mls-2000-2000-08-19-Sporting Kansas City-Miami Fusion,Regular
2000-08-22,2000,MLS,True,Red Bull New York,Sporting Kansas City,0,0,,,False,,False,,fbcsv-mls-2000-2000-08-22-Red Bull New York-Sporting Kansas City,Regular
2000-08-25,2000,MLS,True,Colorado Rapids,Sporting Kansas City,1,1,,,False,,False,,fbcsv-mls-2000-2000-08-25-Colorado Rapids-Sporting Kansas City,Regular
2000-08-25,2000,MLS,True,D.C. United,Miami Fusion,2,1,,,False,,False,,fbcsv-mls-2000-2000-08-25-D.C. United-Miami Fusion,Regular
2000-08-25,2000,MLS,True,FC Dallas,Red Bull New York,4,6,,,False,,False,,fbcsv-mls-2000-2000-08-25-FC Dallas-Red Bull New York,Regular
2000-08-25,2000,MLS,True,San Jose Earthquakes,LA Galaxy,0,3,,,False,,False,,fbcsv-mls-2000-2000-08-25-San Jose Earthquakes-LA Galaxy,Regular
2000-08-25,2000,MLS,True,Tampa Bay Mutiny,Chicago Fire FC,3,3,,,False,,False,,fbcsv-mls-2000-2000-08-25-Tampa Bay Mutiny-Chicago Fire,Regular
2000-08-25,2000,MLS,True,New England Revolution,Columbus Crew,2,1,,,False,,False,,fbcsv-mls-2000-2000-08-25-New England Revolution-Columbus Crew SC,Regular
2000-08-29,2000,MLS,True,Chicago Fire FC,FC Dallas,4,0,,,False,,False,,fbcsv-mls-2000-2000-08-29-Chicago Fire-FC Dallas,Regular
2000-08-29,2000,MLS,True,Colorado Rapids,Miami Fusion,3,1,,,False,,False,,fbcsv-mls-2000-2000-08-29-Colorado Rapids-Miami Fusion,Regular
2000-08-29,2000,MLS,True,Columbus Crew,Tampa Bay Mutiny,3,4,,,False,,False,,fbcsv-mls-2000-2000-08-29-Columbus Crew SC-Tampa Bay Mutiny,Regular
2000-08-29,2000,MLS,True,LA Galaxy,San Jose Earthquakes,2,1,,,False,,False,,fbcsv-mls-2000-2000-08-29-LA Galaxy-San Jose Earthquakes,Regular
2000-08-29,2000,MLS,True,New England Revolution,D.C. United,1,0,,,False,,False,,fbcsv-mls-2000-2000-08-29-New England Revolution-D.C. United,Regular
2000-09-01,2000,MLS,True,San Jose Earthquakes,Columbus Crew,3,0,,,False,,False,,fbcsv-mls-2000-2000-09-01-San Jose Earthquakes-Columbus Crew SC,Regular
2000-09-01,2000,MLS,True,Miami Fusion,Red Bull New York,4,1,,,False,,False,,fbcsv-mls-2000-2000-09-01-Miami Fusion-Red Bull New York,Regular
2000-09-01,2000,MLS,True,Sporting Kansas City,Tampa Bay Mutiny,1,0,,,False,,False,,fbcsv-mls-2000-2000-09-01-Sporting Kansas City-Tampa Bay Mutiny,Regular
2000-09-02,2000,MLS,True,Chicago Fire FC,Colorado Rapids,2,1,,,False,,False,,fbcsv-mls-2000-2000-09-02-Chicago Fire-Colorado Rapids,Regular
2000-09-02,2000,MLS,True,D.C. United,New England Revolution,2,0,,,False,,False,,fbcsv-mls-2000-2000-09-02-D.C. United-New England Revolution,Regular
2000-09-04,2000,MLS,True,Red Bull New York,Miami Fusion,2,1,,,False,,False,,fbcsv-mls-2000-2000-09-04-Red Bull New York-Miami Fusion,Regular
2000-09-05,2000,MLS,True,Chicago Fire FC,Columbus Crew,3,1,,,False,,False,,fbcsv-mls-2000-2000-09-05-Chicago Fire-Columbus Crew SC,Regular
2000-09-05,2000,MLS,True,LA Galaxy,FC Dallas,0,1,,,False,,False,,fbcsv-mls-2000-2000-09-05-LA Galaxy-FC Dallas,Regular
2000-09-05,2000,MLS,True,New England Revolution,Sporting Kansas City,0,1,,,False,,False,,fbcsv-mls-2000-2000-09-05-New England Revolution-Sporting Kansas City,Regular
2000-09-07,2000,MLS,True,Colorado Rapids,LA Galaxy,1,0,,,False,,False,,fbcsv-mls-2000-2000-09-07-Colorado Rapids-LA Galaxy,Regular
2000-09-08,2000,MLS,True,Columbus Crew,Chicago Fire FC,2,3,,,False,,False,,fbcsv-mls-2000-2000-09-08-Columbus Crew SC-Chicago Fire,Regular
2000-09-08,2000,MLS,True,D.C. United,Miami Fusion,2,6,,,False,,False,,fbcsv-mls-2000-2000-09-08-D.C. United-Miami Fusion,Regular
2000-09-08,2000,MLS,True,FC Dallas,San Jose Earthquakes,2,1,,,False,,False,,fbcsv-mls-2000-2000-09-08-FC Dallas-San Jose Earthquakes,Regular
2000-09-08,2000,MLS,True,Tampa Bay Mutiny,Sporting Kansas City,2,2,,,False,,False,,fbcsv-mls-2000-2000-09-08-Tampa Bay Mutiny-Sporting Kansas City,Regular
2000-09-08,2000,MLS,True,New England Revolution,Red Bull New York,4,3,,,False,,False,,fbcsv-mls-2000-2000-09-08-New England Revolution-Red Bull New York,Regular
2000-09-13,2000,MLS,True,Tampa Bay Mutiny,LA Galaxy,0,1,,,False,,False,,fbcsv-mls-2000-2000-09-13-Tampa Bay Mutiny-LA Galaxy,Playoff
2000-09-14,2000,MLS,True,Chicago Fire FC,New England Revolution,2,1,,,False,,False,,fbcsv-mls-2000-2000-09-14-Chicago Fire-New England Revolution,Playoff
2000-09-15,2000,MLS,True,Sporting Kansas City,Colorado Rapids,1,0,,,False,,False,,fbcsv-mls-2000-2000-09-15-Sporting Kansas City-Colorado Rapids,Playoff
2000-09-18,2000,MLS,True,New England Revolution,Chicago Fire FC,2,1,,,False,,False,,fbcsv-mls-2000-2000-09-18-New England Revolution-Chicago Fire,Playoff
2000-09-19,2000,MLS,True,Colorado Rapids,Sporting Kansas City,0,0,,,False,,False,,fbcsv-mls-2000-2000-09-19-Colorado Rapids-Sporting Kansas City,Playoff
2000-09-19,2000,MLS,True,FC Dallas,Red Bull New York,1,2,,,False,,False,,fbcsv-mls-2000-2000-09-19-FC Dallas-Red Bull New York,Playoff
2000-09-19,2000,MLS,True,LA Galaxy,Tampa Bay Mutiny,5,2,,,False,,False,,fbcsv-mls-2000-2000-09-19-LA Galaxy-Tampa Bay Mutiny,Playoff
2000-09-21,2000,MLS,True,Chicago Fire FC,New England Revolution,6,0,,,False,,False,,fbcsv-mls-2000-2000-09-21-Chicago Fire-New England Revolution,Playoff
2000-09-23,2000,MLS,True,Sporting Kansas City,Colorado Rapids,3,2,,,False,,False,,fbcsv-mls-2000-2000-09-23-Sporting Kansas City-Colorado Rapids,Playoff
2000-09-25,2000,MLS,True,Chicago Fire FC,Red Bull New York,3,0,,,False,,False,,fbcsv-mls-2000-2000-09-25-Chicago Fire-Red Bull New York,Playoff
2000-09-28,2000,MLS,True,Sporting Kansas City,LA Galaxy,0,0,,,False,,False,,fbcsv-mls-2000-2000-09-28-Sporting Kansas City-LA Galaxy,Playoff
2000-09-29,2000,MLS,True,Red Bull New York,Chicago Fire FC,2,0,,,False,,False,,fbcsv-mls-2000-2000-09-29-Red Bull New York-Chicago Fire,Playoff
2000-10-05,2000,MLS,True,Chicago Fire FC,Red Bull New York,3,2,,,False,,False,,fbcsv-mls-2000-2000-10-05-Chicago Fire-Red Bull New York,Playoff
2000-10-05,2000,MLS,True,Sporting Kansas City,LA Galaxy,1,0,,,False,,False,,fbcsv-mls-2000-2000-10-05-Sporting Kansas City-LA Galaxy,Playoff
2000-10-14,2000,MLS,True,Chicago Fire FC,Sporting Kansas City,0,1,,,False,,False,,fbcsv-mls-2000-2000-10-14-Chicago Fire-Sporting Kansas City,Playoff
2001-04-06,2001,MLS,True,Columbus Crew,Chicago Fire FC,1,1,,,False,,False,,fbcsv-mls-2001-2001-04-06-Columbus Crew SC-Chicago Fire,Regular
2001-04-06,2001,MLS,True,D.C. United,Sporting Kansas City,3,2,,,False,,False,,fbcsv-mls-2001-2001-04-06-D.C. United-Sporting Kansas City,Regular
2001-04-06,2001,MLS,True,FC Dallas,Tampa Bay Mutiny,2,4,,,False,,False,,fbcsv-mls-2001-2001-04-06-FC Dallas-Tampa Bay Mutiny,Regular
2001-04-06,2001,MLS,True,LA Galaxy,San Jose Earthquakes,2,3,,,False,,False,,fbcsv-mls-2001-2001-04-06-LA Galaxy-San Jose Earthquakes,Regular
2001-04-06,2001,MLS,True,Miami Fusion,Colorado Rapids,2,1,,,False,,False,,fbcsv-mls-2001-2001-04-06-Miami Fusion-Colorado Rapids,Regular
2001-04-06,2001,MLS,True,Red Bull New York,New England Revolution,2,1,,,False,,False,,fbcsv-mls-2001-2001-04-06-Red Bull New York-New England Revolution,Regular
2001-04-13,2001,MLS,True,Chicago Fire FC,D.C. United,2,0,,,False,,False,,fbcsv-mls-2001-2001-04-13-Chicago Fire-D.C. United,Regular
2001-04-13,2001,MLS,True,Colorado Rapids,Red Bull New York,1,1,,,False,,False,,fbcsv-mls-2001-2001-04-13-Colorado Rapids-Red Bull New York,Regular
2001-04-13,2001,MLS,True,San Jose Earthquakes,FC Dallas,0,1,,,False,,False,,fbcsv-mls-2001-2001-04-13-San Jose Earthquakes-FC Dallas,Regular
2001-04-13,2001,MLS,True,Tampa Bay Mutiny,Columbus Crew,1,2,,,False,,False,,fbcsv-mls-2001-2001-04-13-Tampa Bay Mutiny-Columbus Crew SC,Regular
2001-04-13,2001,MLS,True,New England Revolution,Miami Fusion,0,1,,,False,,False,,fbcsv-mls-2001-2001-04-13-New England Revolution-Miami Fusion,Regular
2001-04-13,2001,MLS,True,Sporting Kansas City,LA Galaxy,2,1,,,False,,False,,fbcsv-mls-2001-2001-04-13-Sporting Kansas City-LA Galaxy,Regular
2001-04-17,2001,MLS,True,Sporting Kansas City,Miami Fusion,2,1,,,False,,False,,fbcsv-mls-2001-2001-04-17-Sporting Kansas City-Miami Fusion,Regular
2001-04-20,2001,MLS,True,Columbus Crew,Sporting Kansas City,0,3,,,False,,False,,fbcsv-mls-2001-2001-04-20-Columbus Crew SC-Sporting Kansas City,Regular
2001-04-20,2001,MLS,True,D.C. United,New England Revolution,2,1,,,False,,False,,fbcsv-mls-2001-2001-04-20-D.C. United-New England Revolution,Regular
2001-04-20,2001,MLS,True,FC Dallas,Chicago Fire FC,3,2,,,False,,False,,fbcsv-mls-2001-2001-04-20-FC Dallas-Chicago Fire,Regular
2001-04-20,2001,MLS,True,LA Galaxy,Colorado Rapids,1,0,,,False,,False,,fbcsv-mls-2001-2001-04-20-LA Galaxy-Colorado Rapids,Regular
2001-04-20,2001,MLS,True,Miami Fusion,San Jose Earthquakes,2,1,,,False,,False,,fbcsv-mls-2001-2001-04-20-Miami Fusion-San Jose Earthquakes,Regular
2001-04-20,2001,MLS,True,Red Bull New York,Tampa Bay Mutiny,1,3,,,False,,False,,fbcsv-mls-2001-2001-04-20-Red Bull New York-Tampa Bay Mutiny,Regular
2001-04-27,2001,MLS,True,Colorado Rapids,LA Galaxy,2,3,,,False,,False,,fbcsv-mls-2001-2001-04-27-Colorado Rapids-LA Galaxy,Regular
2001-04-27,2001,MLS,True,Miami Fusion,New England Revolution,1,0,,,False,,False,,fbcsv-mls-2001-2001-04-27-Miami Fusion-New England Revolution,Regular
2001-04-27,2001,MLS,True,Tampa Bay Mutiny,Chicago Fire FC,0,1,,,False,,False,,fbcsv-mls-2001-2001-04-27-Tampa Bay Mutiny-Chicago Fire,Regular
2001-04-27,2001,MLS,True,Red Bull New York,FC Dallas,3,2,,,False,,False,,fbcsv-mls-2001-2001-04-27-Red Bull New York-FC Dallas,Regular
2001-04-27,2001,MLS,True,Sporting Kansas City,San Jose Earthquakes,0,0,,,False,,False,,fbcsv-mls-2001-2001-04-27-Sporting Kansas City-San Jose Earthquakes,Regular
2001-05-01,2001,MLS,True,Red Bull New York,Sporting Kansas City,4,1,,,False,,False,,fbcsv-mls-2001-2001-05-01-Red Bull New York-Sporting Kansas City,Regular
2001-05-04,2001,MLS,True,Chicago Fire FC,Tampa Bay Mutiny,2,0,,,False,,False,,fbcsv-mls-2001-2001-05-04-Chicago Fire-Tampa Bay Mutiny,Regular
2001-05-04,2001,MLS,True,Columbus Crew,Miami Fusion,0,0,,,False,,False,,fbcsv-mls-2001-2001-05-04-Columbus Crew SC-Miami Fusion,Regular
2001-05-04,2001,MLS,True,FC Dallas,Colorado Rapids,0,1,,,False,,False,,fbcsv-mls-2001-2001-05-04-FC Dallas-Colorado Rapids,Regular
2001-05-04,2001,MLS,True,San Jose Earthquakes,New England Revolution,3,2,,,False,,False,,fbcsv-mls-2001-2001-05-04-San Jose Earthquakes-New England Revolution,Regular
2001-05-04,2001,MLS,True,LA Galaxy,Sporting Kansas City,2,1,,,False,,False,,fbcsv-mls-2001-2001-05-04-LA Galaxy-Sporting Kansas City,Regular
2001-05-04,2001,MLS,True,Red Bull New York,D.C. United,3,2,,,False,,False,,fbcsv-mls-2001-2001-05-04-Red Bull New York-D.C. United,Regular
2001-05-08,2001,MLS,True,D.C. United,New England Revolution,5,0,,,False,,False,,fbcsv-mls-2001-2001-05-08-D.C. United-New England Revolution,Regular
2001-05-08,2001,MLS,True,Tampa Bay Mutiny,LA Galaxy,4,4,,,False,,False,,fbcsv-mls-2001-2001-05-08-Tampa Bay Mutiny-LA Galaxy,Regular
2001-05-11,2001,MLS,True,Colorado Rapids,Tampa Bay Mutiny,2,1,,,False,,False,,fbcsv-mls-2001-2001-05-11-Colorado Rapids-Tampa Bay Mutiny,Regular
2001-05-11,2001,MLS,True,D.C. United,San Jose Earthquakes,2,3,,,False,,False,,fbcsv-mls-2001-2001-05-11-D.C. United-San Jose Earthquakes,Regular
2001-05-11,2001,MLS,True,FC Dallas,Columbus Crew,4,0,,,False,,False,,fbcsv-mls-2001-2001-05-11-FC Dallas-Columbus Crew SC,Regular
2001-05-11,2001,MLS,True,New England Revolution,Chicago Fire FC,2,1,,,False,,False,,fbcsv-mls-2001-2001-05-11-New England Revolution-Chicago Fire,Regular
2001-05-11,2001,MLS,True,Red Bull New York,LA Galaxy,2,0,,,False,,False,,fbcsv-mls-2001-2001-05-11-Red Bull New York-LA Galaxy,Regular
2001-05-15,2001,MLS,True,New England Revolution,Columbus Crew,2,1,,,False,,False,,fbcsv-mls-2001-2001-05-15-New England Revolution-Columbus Crew SC,Regular
2001-05-15,2001,MLS,True,Red Bull New York,Colorado Rapids,1,0,,,False,,False,,fbcsv-mls-2001-2001-05-15-Red Bull New York-Colorado Rapids,Regular
2001-05-18,2001,MLS,True,Chicago Fire FC,Sporting Kansas City,2,0,,,False,,False,,fbcsv-mls-2001-2001-05-18-Chicago Fire-Sporting Kansas City,Regular
2001-05-18,2001,MLS,True,Colorado Rapids,New England Revolution,0,1,,,False,,False,,fbcsv-mls-2001-2001-05-18-Colorado Rapids-New England Revolution,Regular
2001-05-18,2001,MLS,True,Columbus Crew,D.C. United,2,1,,,False,,False,,fbcsv-mls-2001-2001-05-18-Columbus Crew SC-D.C. United,Regular
2001-05-18,2001,MLS,True,San Jose Earthquakes,Red Bull New York,2,0,,,False,,False,,fbcsv-mls-2001-2001-05-18-San Jose Earthquakes-Red Bull New York,Regular
2001-05-18,2001,MLS,True,LA Galaxy,FC Dallas,0,0,,,False,,False,,fbcsv-mls-2001-2001-05-18-LA Galaxy-FC Dallas,Regular
2001-05-18,2001,MLS,True,Miami Fusion,Tampa Bay Mutiny,3,1,,,False,,False,,fbcsv-mls-2001-2001-05-18-Miami Fusion-Tampa Bay Mutiny,Regular
2001-05-22,2001,MLS,True,Colorado Rapids,Miami Fusion,0,1,,,False,,False,,fbcsv-mls-2001-2001-05-22-Colorado Rapids-Miami Fusion,Regular
2001-05-22,2001,MLS,True,FC Dallas,San Jose Earthquakes,0,2,,,False,,False,,fbcsv-mls-2001-2001-05-22-FC Dallas-San Jose Earthquakes,Regular
2001-05-23,2001,MLS,True,Sporting Kansas City,Red Bull New York,1,0,,,False,,False,,fbcsv-mls-2001-2001-05-23-Sporting Kansas City-Red Bull New York,Regular
2001-05-25,2001,MLS,True,Chicago Fire FC,San Jose Earthquakes,1,1,,,False,,False,,fbcsv-mls-2001-2001-05-25-Chicago Fire-San Jose Earthquakes,Regular
2001-05-25,2001,MLS,True,Columbus Crew,Colorado Rapids,3,3,,,False,,False,,fbcsv-mls-2001-2001-05-25-Columbus Crew SC-Colorado Rapids,Regular
2001-05-25,2001,MLS,True,LA Galaxy,New England Revolution,2,0,,,False,,False,,fbcsv-mls-2001-2001-05-25-LA Galaxy-New England Revolution,Regular
2001-05-25,2001,MLS,True,Tampa Bay Mutiny,Miami Fusion,0,4,,,False,,False,,fbcsv-mls-2001-2001-05-25-Tampa Bay Mutiny-Miami Fusion,Regular
2001-05-29,2001,MLS,True,Chicago Fire FC,LA Galaxy,3,4,,,False,,False,,fbcsv-mls-2001-2001-05-29-Chicago Fire-LA Galaxy,Regular
2001-05-29,2001,MLS,True,San Jose Earthquakes,Colorado Rapids,1,1,,,False,,False,,fbcsv-mls-2001-2001-05-29-San Jose Earthquakes-Colorado Rapids,Regular
2001-05-29,2001,MLS,True,Miami Fusion,D.C. United,2,1,,,False,,False,,fbcsv-mls-2001-2001-05-29-Miami Fusion-D.C. United,Regular
2001-06-01,2001,MLS,True,Colorado Rapids,San Jose Earthquakes,1,2,,,False,,False,,fbcsv-mls-2001-2001-06-01-Colorado Rapids-San Jose Earthquakes,Regular
2001-06-01,2001,MLS,True,Columbus Crew,LA Galaxy,1,1,,,False,,False,,fbcsv-mls-2001-2001-06-01-Columbus Crew SC-LA Galaxy,Regular
2001-06-01,2001,MLS,True,D.C. United,Chicago Fire FC,1,2,,,False,,False,,fbcsv-mls-2001-2001-06-01-D.C. United-Chicago Fire,Regular
2001-06-01,2001,MLS,True,FC Dallas,Miami Fusion,2,6,,,False,,False,,fbcsv-mls-2001-2001-06-01-FC Dallas-Miami Fusion,Regular
2001-06-01,2001,MLS,True,Tampa Bay Mutiny,Sporting Kansas City,1,2,,,False,,False,,fbcsv-mls-2001-2001-06-01-Tampa Bay Mutiny-Sporting Kansas City,Regular
2001-06-02,2001,MLS,True,New England Revolution,Red Bull New York,1,1,,,False,,False,,fbcsv-mls-2001-2001-06-02-New England Revolution-Red Bull New York,Regular
2001-06-05,2001,MLS,True,Tampa Bay Mutiny,FC Dallas,0,1,,,False,,False,,fbcsv-mls-2001-2001-06-05-Tampa Bay Mutiny-FC Dallas,Regular
2001-06-08,2001,MLS,True,Chicago Fire FC,Columbus Crew,1,0,,,False,,False,,fbcsv-mls-2001-2001-06-08-Chicago Fire-Columbus Crew SC,Regular
2001-06-08,2001,MLS,True,FC Dallas,D.C. United,3,0,,,False,,False,,fbcsv-mls-2001-2001-06-08-FC Dallas-D.C. United,Regular
2001-06-08,2001,MLS,True,San Jose Earthquakes,LA Galaxy,3,1,,,False,,False,,fbcsv-mls-2001-2001-06-08-San Jose Earthquakes-LA Galaxy,Regular
2001-06-08,2001,MLS,True,Miami Fusion,Sporting Kansas City,5,1,,,False,,False,,fbcsv-mls-2001-2001-06-08-Miami Fusion-Sporting Kansas City,Regular
2001-06-08,2001,MLS,True,New England Revolution,Tampa Bay Mutiny,3,0,,,False,,False,,fbcsv-mls-2001-2001-06-08-New England Revolution-Tampa Bay Mutiny,Regular
2001-06-12,2001,MLS,True,D.C. United,Red Bull New York,2,1,,,False,,False,,fbcsv-mls-2001-2001-06-12-D.C. United-Red Bull New York,Regular
2001-06-12,2001,MLS,True,LA Galaxy,Sporting Kansas City,4,0,,,False,,False,,fbcsv-mls-2001-2001-06-12-LA Galaxy-Sporting Kansas City,Regular
2001-06-15,2001,MLS,True,Colorado Rapids,FC Dallas,3,6,,,False,,False,,fbcsv-mls-2001-2001-06-15-Colorado Rapids-FC Dallas,Regular
2001-06-15,2001,MLS,True,Columbus Crew,Tampa Bay Mutiny,6,1,,,False,,False,,fbcsv-mls-2001-2001-06-15-Columbus Crew SC-Tampa Bay Mutiny,Regular
2001-06-15,2001,MLS,True,Miami Fusion,LA Galaxy,3,3,,,False,,False,,fbcsv-mls-2001-2001-06-15-Miami Fusion-LA Galaxy,Regular
2001-06-15,2001,MLS,True,Red Bull New York,San Jose Earthquakes,0,0,,,False,,False,,fbcsv-mls-2001-2001-06-15-Red Bull New York-San Jose Earthquakes,Regular
2001-06-15,2001,MLS,True,Sporting Kansas City,D.C. United,0,3,,,False,,False,,fbcsv-mls-2001-2001-06-15-Sporting Kansas City-D.C. United,Regular
2001-06-19,2001,MLS,True,New England Revolution,Colorado Rapids,3,3,,,False,,False,,fbcsv-mls-2001-2001-06-19-New England Revolution-Colorado Rapids,Regular
2001-06-22,2001,MLS,True,Chicago Fire FC,New England Revolution,1,1,,,False,,False,,fbcsv-mls-2001-2001-06-22-Chicago Fire-New England Revolution,Regular
2001-06-22,2001,MLS,True,FC Dallas,Columbus Crew,1,2,,,False,,False,,fbcsv-mls-2001-2001-06-22-FC Dallas-Columbus Crew SC,Regular
2001-06-22,2001,MLS,True,San Jose Earthquakes,Sporting Kansas City,2,0,,,False,,False,,fbcsv-mls-2001-2001-06-22-San Jose Earthquakes-Sporting Kansas City,Regular
2001-06-22,2001,MLS,True,LA Galaxy,Red Bull New York,2,0,,,False,,False,,fbcsv-mls-2001-2001-06-22-LA Galaxy-Red Bull New York,Regular
2001-06-22,2001,MLS,True,Tampa Bay Mutiny,D.C. United,3,2,,,False,,False,,fbcsv-mls-2001-2001-06-22-Tampa Bay Mutiny-D.C. United,Regular
2001-06-29,2001,MLS,True,Chicago Fire FC,Red Bull New York,3,1,,,False,,False,,fbcsv-mls-2001-2001-06-29-Chicago Fire-Red Bull New York,Regular
2001-06-29,2001,MLS,True,D.C. United,Colorado Rapids,1,1,,,False,,False,,fbcsv-mls-2001-2001-06-29-D.C. United-Colorado Rapids,Regular
2001-06-29,2001,MLS,True,FC Dallas,LA Galaxy,0,0,,,False,,False,,fbcsv-mls-2001-2001-06-29-FC Dallas-LA Galaxy,Regular
2001-06-29,2001,MLS,True,Miami Fusion,Columbus Crew,4,3,,,False,,False,,fbcsv-mls-2001-2001-06-29-Miami Fusion-Columbus Crew SC,Regular
2001-06-29,2001,MLS,True,Sporting Kansas City,Tampa Bay Mutiny,3,0,,,False,,False,,fbcsv-mls-2001-2001-06-29-Sporting Kansas City-Tampa Bay Mutiny,Regular
2001-07-03,2001,MLS,True,Colorado Rapids,D.C. United,3,1,,,False,,False,,fbcsv-mls-2001-2001-07-03-Colorado Rapids-D.C. United,Regular
2001-07-03,2001,MLS,True,FC Dallas,New England Revolution,1,1,,,False,,False,,fbcsv-mls-2001-2001-07-03-FC Dallas-New England Revolution,Regular
2001-07-03,2001,MLS,True,San Jose Earthquakes,Miami Fusion,1,1,,,False,,False,,fbcsv-mls-2001-2001-07-03-San Jose Earthquakes-Miami Fusion,Regular
2001-07-03,2001,MLS,True,LA Galaxy,Columbus Crew,0,2,,,False,,False,,fbcsv-mls-2001-2001-07-03-LA Galaxy-Columbus Crew SC,Regular
2001-07-03,2001,MLS,True,Tampa Bay Mutiny,Red Bull New York,1,2,,,False,,False,,fbcsv-mls-2001-2001-07-03-Tampa Bay Mutiny-Red Bull New York,Regular
2001-07-03,2001,MLS,True,Sporting Kansas City,Chicago Fire FC,0,7,,,False,,False,,fbcsv-mls-2001-2001-07-03-Sporting Kansas City-Chicago Fire,Regular
2001-07-06,2001,MLS,True,Colorado Rapids,San Jose Earthquakes,3,1,,,False,,False,,fbcsv-mls-2001-2001-07-06-Colorado Rapids-San Jose Earthquakes,Regular
2001-07-06,2001,MLS,True,Columbus Crew,FC Dallas,2,2,,,False,,False,,fbcsv-mls-2001-2001-07-06-Columbus Crew SC-FC Dallas,Regular
2001-07-06,2001,MLS,True,D.C. United,LA Galaxy,0,3,,,False,,False,,fbcsv-mls-2001-2001-07-06-D.C. United-LA Galaxy,Regular
2001-07-06,2001,MLS,True,Miami Fusion,Red Bull New York,0,3,,,False,,False,,fbcsv-mls-2001-2001-07-06-Miami Fusion-Red Bull New York,Regular
2001-07-06,2001,MLS,True,Tampa Bay Mutiny,Chicago Fire FC,2,3,,,False,,False,,fbcsv-mls-2001-2001-07-06-Tampa Bay Mutiny-Chicago Fire,Regular
2001-07-06,2001,MLS,True,New England Revolution,Sporting Kansas City,1,2,,,False,,False,,fbcsv-mls-2001-2001-07-06-New England Revolution-Sporting Kansas City,Regular
2001-07-13,2001,MLS,True,Chicago Fire FC,Colorado Rapids,1,0,,,False,,False,,fbcsv-mls-2001-2001-07-13-Chicago Fire-Colorado Rapids,Regular
2001-07-13,2001,MLS,True,San Jose Earthquakes,Tampa Bay Mutiny,2,1,,,False,,False,,fbcsv-mls-2001-2001-07-13-San Jose Earthquakes-Tampa Bay Mutiny,Regular
2001-07-13,2001,MLS,True,LA Galaxy,Miami Fusion,3,0,,,False,,False,,fbcsv-mls-2001-2001-07-13-LA Galaxy-Miami Fusion,Regular
2001-07-13,2001,MLS,True,New England Revolution,D.C. United,1,3,,,False,,False,,fbcsv-mls-2001-2001-07-13-New England Revolution-D.C. United,Regular
2001-07-13,2001,MLS,True,Sporting Kansas City,FC Dallas,3,2,,,False,,False,,fbcsv-mls-2001-2001-07-13-Sporting Kansas City-FC Dallas,Regular
2001-07-16,2001,MLS,True,New England Revolution,LA Galaxy,3,2,,,False,,False,,fbcsv-mls-2001-2001-07-16-New England Revolution-LA Galaxy,Regular
2001-07-17,2001,MLS,True,Colorado Rapids,Sporting Kansas City,0,0,,,False,,False,,fbcsv-mls-2001-2001-07-17-Colorado Rapids-Sporting Kansas City,Regular
2001-07-17,2001,MLS,True,Columbus Crew,Red Bull New York,2,1,,,False,,False,,fbcsv-mls-2001-2001-07-17-Columbus Crew SC-Red Bull New York,Regular
2001-07-17,2001,MLS,True,FC Dallas,Tampa Bay Mutiny,3,0,,,False,,False,,fbcsv-mls-2001-2001-07-17-FC Dallas-Tampa Bay Mutiny,Regular
2001-07-17,2001,MLS,True,San Jose Earthquakes,D.C. United,4,0,,,False,,False,,fbcsv-mls-2001-2001-07-17-San Jose Earthquakes-D.C. United,Regular
2001-07-17,2001,MLS,True,Miami Fusion,Chicago Fire FC,2,1,,,False,,False,,fbcsv-mls-2001-2001-07-17-Miami Fusion-Chicago Fire,Regular
2001-07-20,2001,MLS,True,Chicago Fire FC,FC Dallas,2,1,,,False,,False,,fbcsv-mls-2001-2001-07-20-Chicago Fire-FC Dallas,Regular
2001-07-20,2001,MLS,True,Columbus Crew,San Jose Earthquakes,2,1,,,False,,False,,fbcsv-mls-2001-2001-07-20-Columbus Crew SC-San Jose Earthquakes,Regular
2001-07-20,2001,MLS,True,Miami Fusion,New England Revolution,1,1,,,False,,False,,fbcsv-mls-2001-2001-07-20-Miami Fusion-New England Revolution,Regular
2001-07-20,2001,MLS,True,Tampa Bay Mutiny,Colorado Rapids,1,2,,,False,,False,,fbcsv-mls-2001-2001-07-20-Tampa Bay Mutiny-Colorado Rapids,Regular
2001-07-20,2001,MLS,True,Red Bull New York,D.C. United,2,1,,,False,,False,,fbcsv-mls-2001-2001-07-20-Red Bull New York-D.C. United,Regular
2001-07-28,2001,MLS,True,Sporting Kansas City,New England Revolution,2,0,,,False,,False,,fbcsv-mls-2001-2001-07-28-Sporting Kansas City-New England Revolution,Regular
2001-07-31,2001,MLS,True,Columbus Crew,Chicago Fire FC,3,0,,,False,,False,,fbcsv-mls-2001-2001-07-31-Columbus Crew SC-Chicago Fire,Regular
2001-07-31,2001,MLS,True,D.C. United,Miami Fusion,2,2,,,False,,False,,fbcsv-mls-2001-2001-07-31-D.C. United-Miami Fusion,Regular
2001-08-03,2001,MLS,True,Colorado Rapids,Chicago Fire FC,1,1,,,False,,False,,fbcsv-mls-2001-2001-08-03-Colorado Rapids-Chicago Fire,Regular
2001-08-03,2001,MLS,True,Tampa Bay Mutiny,San Jose Earthquakes,2,0,,,False,,False,,fbcsv-mls-2001-2001-08-03-Tampa Bay Mutiny-San Jose Earthquakes,Regular
2001-08-03,2001,MLS,True,New England Revolution,FC Dallas,5,1,,,False,,False,,fbcsv-mls-2001-2001-08-03-New England Revolution-FC Dallas,Regular
2001-08-03,2001,MLS,True,Red Bull New York,Miami Fusion,2,1,,,False,,False,,fbcsv-mls-2001-2001-08-03-Red Bull New York-Miami Fusion,Regular
2001-08-03,2001,MLS,True,Sporting Kansas City,Columbus Crew,1,3,,,False,,False,,fbcsv-mls-2001-2001-08-03-Sporting Kansas City-Columbus Crew SC,Regular
2001-08-07,2001,MLS,True,New England Revolution,San Jose Earthquakes,1,5,,,False,,False,,fbcsv-mls-2001-2001-08-07-New England Revolution-San Jose Earthquakes,Regular
2001-08-10,2001,MLS,True,Chicago Fire FC,Tampa Bay Mutiny,3,1,,,False,,False,,fbcsv-mls-2001-2001-08-10-Chicago Fire-Tampa Bay Mutiny,Regular
2001-08-10,2001,MLS,True,FC Dallas,Red Bull New York,3,0,,,False,,False,,fbcsv-mls-2001-2001-08-10-FC Dallas-Red Bull New York,Regular
2001-08-10,2001,MLS,True,San Jose Earthquakes,Columbus Crew,2,2,,,False,,False,,fbcsv-mls-2001-2001-08-10-San Jose Earthquakes-Columbus Crew SC,Regular
2001-08-10,2001,MLS,True,LA Galaxy,D.C. United,1,0,,,False,,False,,fbcsv-mls-2001-2001-08-10-LA Galaxy-D.C. United,Regular
2001-08-10,2001,MLS,True,New England Revolution,Miami Fusion,1,4,,,False,,False,,fbcsv-mls-2001-2001-08-10-New England Revolution-Miami Fusion,Regular
2001-08-11,2001,MLS,True,Colorado Rapids,Sporting Kansas City,2,2,,,False,,False,,fbcsv-mls-2001-2001-08-11-Colorado Rapids-Sporting Kansas City,Regular
2001-08-14,2001,MLS,True,Chicago Fire FC,Miami Fusion,1,2,,,False,,False,,fbcsv-mls-2001-2001-08-14-Chicago Fire-Miami Fusion,Regular
2001-08-14,2001,MLS,True,Columbus Crew,FC Dallas,3,0,,,False,,False,,fbcsv-mls-2001-2001-08-14-Columbus Crew SC-FC Dallas,Regular
2001-08-14,2001,MLS,True,D.C. United,Red Bull New York,1,2,,,False,,False,,fbcsv-mls-2001-2001-08-14-D.C. United-Red Bull New York,Regular
2001-08-14,2001,MLS,True,Sporting Kansas City,LA Galaxy,1,2,,,False,,False,,fbcsv-mls-2001-2001-08-14-Sporting Kansas City-LA Galaxy,Regular
2001-08-17,2001,MLS,True,San Jose Earthquakes,Chicago Fire FC,0,1,,,False,,False,,fbcsv-mls-2001-2001-08-17-San Jose Earthquakes-Chicago Fire,Regular
2001-08-17,2001,MLS,True,LA Galaxy,Tampa Bay Mutiny,5,1,,,False,,False,,fbcsv-mls-2001-2001-08-17-LA Galaxy-Tampa Bay Mutiny,Regular
2001-08-17,2001,MLS,True,Miami Fusion,FC Dallas,4,2,,,False,,False,,fbcsv-mls-2001-2001-08-17-Miami Fusion-FC Dallas,Regular
2001-08-17,2001,MLS,True,New England Revolution,D.C. United,2,1,,,False,,False,,fbcsv-mls-2001-2001-08-17-New England Revolution-D.C. United,Regular
2001-08-18,2001,MLS,True,Red Bull New York,Columbus Crew,0,1,,,False,,False,,fbcsv-mls-2001-2001-08-18-Red Bull New York-Columbus Crew SC,Regular
2001-08-18,2001,MLS,True,Sporting Kansas City,Colorado Rapids,3,2,,,False,,False,,fbcsv-mls-2001-2001-08-18-Sporting Kansas City-Colorado Rapids,Regular
2001-08-24,2001,MLS,True,D.C. United,Columbus Crew,2,1,,,False,,False,,fbcsv-mls-2001-2001-08-24-D.C. United-Columbus Crew SC,Regular
2001-08-24,2001,MLS,True,FC Dallas,Sporting Kansas City,3,0,,,False,,False,,fbcsv-mls-2001-2001-08-24-FC Dallas-Sporting Kansas City,Regular
2001-08-24,2001,MLS,True,San Jose Earthquakes,Colorado Rapids,5,2,,,False,,False,,fbcsv-mls-2001-2001-08-24-San Jose Earthquakes-Colorado Rapids,Regular
2001-08-24,2001,MLS,True,LA Galaxy,Chicago Fire FC,1,3,,,False,,False,,fbcsv-mls-2001-2001-08-24-LA Galaxy-Chicago Fire,Regular
2001-08-24,2001,MLS,True,Miami Fusion,Red Bull New York,2,3,,,False,,False,,fbcsv-mls-2001-2001-08-24-Miami Fusion-Red Bull New York,Regular
2001-08-25,2001,MLS,True,Tampa Bay Mutiny,New England Revolution,0,0,,,False,,False,,fbcsv-mls-2001-2001-08-25-Tampa Bay Mutiny-New England Revolution,Regular
2001-08-28,2001,MLS,True,Chicago Fire FC,Columbus Crew,2,1,,,False,,False,,fbcsv-mls-2001-2001-08-28-Chicago Fire-Columbus Crew SC,Regular
2001-08-28,2001,MLS,True,Tampa Bay Mutiny,FC Dallas,2,3,,,False,,False,,fbcsv-mls-2001-2001-08-28-Tampa Bay Mutiny-FC Dallas,Regular
2001-08-31,2001,MLS,True,Columbus Crew,New England Revolution,4,1,,,False,,False,,fbcsv-mls-2001-2001-08-31-Columbus Crew SC-New England Revolution,Regular
2001-08-31,2001,MLS,True,D.C. United,Tampa Bay Mutiny,5,1,,,False,,False,,fbcsv-mls-2001-2001-08-31-D.C. United-Tampa Bay Mutiny,Regular
2001-08-31,2001,MLS,True,San Jose Earthquakes,Sporting Kansas City,3,0,,,False,,False,,fbcsv-mls-2001-2001-08-31-San Jose Earthquakes-Sporting Kansas City,Regular
2001-08-31,2001,MLS,True,LA Galaxy,Colorado Rapids,3,2,,,False,,False,,fbcsv-mls-2001-2001-08-31-LA Galaxy-Colorado Rapids,Regular
2001-08-31,2001,MLS,True,Red Bull New York,Chicago Fire FC,0,1,,,False,,False,,fbcsv-mls-2001-2001-08-31-Red Bull New York-Chicago Fire,Regular
2001-09-06,2001,MLS,True,Red Bull New York,New England Revolution,3,1,,,False,,False,,fbcsv-mls-2001-2001-09-06-Red Bull New York-New England Revolution,Regular
2001-09-07,2001,MLS,True,Chicago Fire FC,FC Dallas,2,2,,,False,,False,,fbcsv-mls-2001-2001-09-07-Chicago Fire-FC Dallas,Regular
2001-09-07,2001,MLS,True,Colorado Rapids,LA Galaxy,0,2,,,False,,False,,fbcsv-mls-2001-2001-09-07-Colorado Rapids-LA Galaxy,Regular
2001-09-07,2001,MLS,True,Miami Fusion,D.C. United,3,1,,,False,,False,,fbcsv-mls-2001-2001-09-07-Miami Fusion-D.C. United,Regular
2001-09-07,2001,MLS,True,Sporting Kansas City,San Jose Earthquakes,1,0,,,False,,False,,fbcsv-mls-2001-2001-09-07-Sporting Kansas City-San Jose Earthquakes,Regular
2001-09-08,2001,MLS,True,Tampa Bay Mutiny,Columbus Crew,1,2,,,False,,False,,fbcsv-mls-2001-2001-09-08-Tampa Bay Mutiny-Columbus Crew SC,Regular
2001-09-20,2001,MLS,True,Chicago Fire FC,FC Dallas,2,0,,,False,,False,,fbcsv-mls-2001-2001-09-20-Chicago Fire-FC Dallas,Playoff
2001-09-22,2001,MLS,True,Columbus Crew,San Jose Earthquakes,1,3,,,False,,False,,fbcsv-mls-2001-2001-09-22-Columbus Crew SC-San Jose Earthquakes,Playoff
2001-09-22,2001,MLS,True,Miami Fusion,Sporting Kansas City,2,0,,,False,,False,,fbcsv-mls-2001-2001-09-22-Miami Fusion-Sporting Kansas City,Playoff
2001-09-23,2001,MLS,True,FC Dallas,Chicago Fire FC,1,1,,,False,,False,,fbcsv-mls-2001-2001-09-23-FC Dallas-Chicago Fire,Playoff
2001-09-23,2001,MLS,True,LA Galaxy,Red Bull New York,1,1,,,False,,False,,fbcsv-mls-2001-2001-09-23-LA Galaxy-Red Bull New York,Playoff
2001-09-26,2001,MLS,True,San Jose Earthquakes,Columbus Crew,3,0,,,False,,False,,fbcsv-mls-2001-2001-09-26-San Jose Earthquakes-Columbus Crew SC,Playoff
2001-09-26,2001,MLS,True,Red Bull New York,LA Galaxy,4,1,,,False,,False,,fbcsv-mls-2001-2001-09-26-Red Bull New York-LA Galaxy,Playoff
2001-09-26,2001,MLS,True,Sporting Kansas City,Miami Fusion,3,0,,,False,,False,,fbcsv-mls-2001-2001-09-26-Sporting Kansas City-Miami Fusion,Playoff
2001-09-29,2001,MLS,True,Chicago Fire FC,FC Dallas,2,0,,,False,,False,,fbcsv-mls-2001-2001-09-29-Chicago Fire-FC Dallas,Playoff
2001-09-29,2001,MLS,True,LA Galaxy,Red Bull New York,3,2,,,False,,False,,fbcsv-mls-2001-2001-09-29-LA Galaxy-Red Bull New York,Playoff
2001-09-29,2001,MLS,True,Miami Fusion,Sporting Kansas City,2,1,,,False,,False,,fbcsv-mls-2001-2001-09-29-Miami Fusion-Sporting Kansas City,Playoff
2001-10-10,2001,MLS,True,Chicago Fire FC,LA Galaxy,1,1,,,False,,False,,fbcsv-mls-2001-2001-10-10-Chicago Fire-LA Galaxy,Playoff
2001-10-10,2001,MLS,True,Miami Fusion,San Jose Earthquakes,1,0,,,False,,False,,fbcsv-mls-2001-2001-10-10-Miami Fusion-San Jose Earthquakes,Playoff
2001-10-14,2001,MLS,True,San Jose Earthquakes,Miami Fusion,4,0,,,False,,False,,fbcsv-mls-2001-2001-10-14-San Jose Earthquakes-Miami Fusion,Playoff
1996-10-20,1996,MLS,True,LA Galaxy,D.C. United,2,3,,,False,,True,Foxboro Stadium,wikipedia-1996-mls-cup,Final
2001-10-21,2001,MLS,True,LA Galaxy,San Jose Earthquakes,1,2,,,False,,True,Crew Stadium,wikipedia-2001-mls-cup,Final
