date,season,competition,league_match,home_team,away_team,home_score,away_score,home_pen,away_pen,penalties,shootout_winner,neutral,venue,event_id,stage
1996-04-06,1996,MLS,True,San Jose Earthquakes,D.C. United,1,0,,,False,,False,,fbcsv-mls-1996-1996-04-06-San Jose Earthquakes-D.C. United,Regular
1996-04-13,1996,MLS,True,LA Galaxy,Red Bull New York,2,1,,,False,,False,,fbcsv-mls-1996-1996-04-13-LA Galaxy-Red Bull New York,Regular
1996-04-13,1996,MLS,True,Tampa Bay Mutiny,New England Revolution,3,2,,,False,,False,,fbcsv-mls-1996-1996-04-13-Tampa Bay Mutiny-New England Revolution,Regular
1996-04-13,1996,MLS,True,Columbus Crew SC,D.C. United,4,0,,,False,,False,,fbcsv-mls-1996-1996-04-13-Columbus Crew SC-D.C. United,Regular
1996-04-13,1996,MLS,True,Sporting Kansas City,Colorado Rapids,3,0,,,False,,False,,fbcsv-mls-1996-1996-04-13-Sporting Kansas City-Colorado Rapids,Regular
1996-04-14,1996,MLS,True,FC Dallas,San Jose Earthquakes,1,0,,,False,,False,,fbcsv-mls-1996-1996-04-14-FC Dallas-San Jose Earthquakes,Regular
1996-04-18,1996,MLS,True,FC Dallas,Sporting Kansas City,3,0,,,False,,False,,fbcsv-mls-1996-1996-04-18-FC Dallas-Sporting Kansas City,Regular
1996-04-20,1996,MLS,True,D.C. United,LA Galaxy,1,2,,,False,,False,,fbcsv-mls-1996-1996-04-20-D.C. United-LA Galaxy,Regular
1996-04-20,1996,MLS,True,Columbus Crew SC,Tampa Bay Mutiny,1,2,,,False,,False,,fbcsv-mls-1996-1996-04-20-Columbus Crew SC-Tampa Bay Mutiny,Regular
1996-04-20,1996,MLS,True,Red Bull New York,New England Revolution,0,1,,,False,,False,,fbcsv-mls-1996-1996-04-20-Red Bull New York-New England Revolution,Regular
1996-04-21,1996,MLS,True,Colorado Rapids,FC Dallas,3,1,,,False,,False,,fbcsv-mls-1996-1996-04-21-Colorado Rapids-FC Dallas,Regular
1996-04-21,1996,MLS,True,San Jose Earthquakes,Sporting Kansas City,2,3,,,False,,False,,fbcsv-mls-1996-1996-04-21-San Jose Earthquakes-Sporting Kansas City,Regular
1996-04-27,1996,MLS,True,Red Bull New York,Columbus Crew SC,0,2,,,False,,False,,fbcsv-mls-1996-1996-04-27-Red Bull New York-Columbus Crew SC,Regular
1996-04-27,1996,MLS,True,New England Revolution,D.C. United,2,1,,,False,,False,,fbcsv-mls-1996-1996-04-27-New England Revolution-D.C. United,Regular
1996-04-28,1996,MLS,True,Tampa Bay Mutiny,FC Dallas,1,2,,,False,,False,,fbcsv-mls-1996-1996-04-28-Tampa Bay Mutiny-FC Dallas,Regular
1996-04-28,1996,MLS,True,LA Galaxy,San Jose Earthquakes,2,1,,,False,,False,,fbcsv-mls-1996-1996-04-28-LA Galaxy-San Jose Earthquakes,Regular
1996-05-01,1996,MLS,True,D.C. United,FC Dallas,3,1,,,False,,False,,fbcsv-mls-1996-1996-05-01-D.C. United-FC Dallas,Regular
1996-05-02,1996,MLS,True,Sporting Kansas City,Columbus Crew SC,6,4,,,False,,False,,fbcsv-mls-1996-1996-05-02-Sporting Kansas City-Columbus Crew SC,Regular
1996-05-04,1996,MLS,True,Red Bull New York,Tampa Bay Mutiny,4,3,,,False,,False,,fbcsv-mls-1996-1996-05-04-Red Bull New York-Tampa Bay Mutiny,Regular
1996-05-04,1996,MLS,True,New England Revolution,San Jose Earthquakes,1,2,,,False,,False,,fbcsv-mls-1996-1996-05-04-New England Revolution-San Jose Earthquakes,Regular
1996-05-05,1996,MLS,True,FC Dallas,Columbus Crew SC,1,0,,,False,,False,,fbcsv-mls-1996-1996-05-05-FC Dallas-Columbus Crew SC,Regular
1996-05-05,1996,MLS,True,Colorado Rapids,Sporting Kansas City,4,0,,,False,,False,,fbcsv-mls-1996-1996-05-05-Colorado Rapids-Sporting Kansas City,Regular
1996-05-05,1996,MLS,True,LA Galaxy,D.C. United,3,1,,,False,,False,,fbcsv-mls-1996-1996-05-05-LA Galaxy-D.C. United,Regular
1996-05-08,1996,MLS,True,San Jose Earthquakes,Colorado Rapids,3,1,,,False,,False,,fbcsv-mls-1996-1996-05-08-San Jose Earthquakes-Colorado Rapids,Regular
1996-05-08,1996,MLS,True,Tampa Bay Mutiny,Sporting Kansas City,2,0,,,False,,False,,fbcsv-mls-1996-1996-05-08-Tampa Bay Mutiny-Sporting Kansas City,Regular
1996-05-11,1996,MLS,True,Colorado Rapids,Tampa Bay Mutiny,1,2,,,False,,False,,fbcsv-mls-1996-1996-05-11-Colorado Rapids-Tampa Bay Mutiny,Regular
1996-05-11,1996,MLS,True,Columbus Crew SC,New England Revolution,3,2,,,False,,False,,fbcsv-mls-1996-1996-05-11-Columbus Crew SC-New England Revolution,Regular
1996-05-11,1996,MLS,True,Sporting Kansas City,FC Dallas,2,3,,,False,,False,,fbcsv-mls-1996-1996-05-11-Sporting Kansas City-FC Dallas,Regular
1996-05-12,1996,MLS,True,D.C. United,Red Bull New York,1,2,,,False,,False,,fbcsv-mls-1996-1996-05-12-D.C. United-Red Bull New York,Regular
1996-05-12,1996,MLS,True,San Jose Earthquakes,LA Galaxy,1,2,,,False,,False,,fbcsv-mls-1996-1996-05-12-San Jose Earthquakes-LA Galaxy,Regular
1996-05-15,1996,MLS,True,D.C. United,Columbus Crew SC,5,2,,,False,,False,,fbcsv-mls-1996-1996-05-15-D.C. United-Columbus Crew SC,Regular
1996-05-16,1996,MLS,True,Red Bull New York,Colorado Rapids,3,0,,,False,,False,,fbcsv-mls-1996-1996-05-16-Red Bull New York-Colorado Rapids,Regular
1996-05-18,1996,MLS,True,Tampa Bay Mutiny,San Jose Earthquakes,3,2,,,False,,False,,fbcsv-mls-1996-1996-05-18-Tampa Bay Mutiny-San Jose Earthquakes,Regular
1996-05-18,1996,MLS,True,FC Dallas,D.C. United,3,2,,,False,,False,,fbcsv-mls-1996-1996-05-18-FC Dallas-D.C. United,Regular
1996-05-19,1996,MLS,True,New England Revolution,Red Bull New York,2,0,,,False,,False,,fbcsv-mls-1996-1996-05-19-New England Revolution-Red Bull New York,Regular
1996-05-19,1996,MLS,True,Columbus Crew SC,Colorado Rapids,2,4,,,False,,False,,fbcsv-mls-1996-1996-05-19-Columbus Crew SC-Colorado Rapids,Regular
1996-05-19,1996,MLS,True,LA Galaxy,Sporting Kansas City,2,0,,,False,,False,,fbcsv-mls-1996-1996-05-19-LA Galaxy-Sporting Kansas City,Regular
1996-05-22,1996,MLS,True,Sporting Kansas City,Red Bull New York,2,1,,,False,,False,,fbcsv-mls-1996-1996-05-22-Sporting Kansas City-Red Bull New York,Regular
1996-05-23,1996,MLS,True,FC Dallas,Tampa Bay Mutiny,0,1,,,False,,False,,fbcsv-mls-1996-1996-05-23-FC Dallas-Tampa Bay Mutiny,Regular
1996-05-25,1996,MLS,True,New England Revolution,Colorado Rapids,3,2,,,False,,False,,fbcsv-mls-1996-1996-05-25-New England Revolution-Colorado Rapids,Regular
1996-05-26,1996,MLS,True,LA Galaxy,Columbus Crew SC,3,2,,,False,,False,,fbcsv-mls-1996-1996-05-26-LA Galaxy-Columbus Crew SC,Regular
1996-05-29,1996,MLS,True,San Jose Earthquakes,Sporting Kansas City,2,1,,,False,,False,,fbcsv-mls-1996-1996-05-29-San Jose Earthquakes-Sporting Kansas City,Regular
1996-05-29,1996,MLS,True,Colorado Rapids,FC Dallas,2,0,,,False,,False,,fbcsv-mls-1996-1996-05-29-Colorado Rapids-FC Dallas,Regular
1996-05-30,1996,MLS,True,Red Bull New York,D.C. United,1,2,,,False,,False,,fbcsv-mls-1996-1996-05-30-Red Bull New York-D.C. United,Regular
1996-06-01,1996,MLS,True,San Jose Earthquakes,Columbus Crew SC,3,2,,,False,,False,,fbcsv-mls-1996-1996-06-01-San Jose Earthquakes-Columbus Crew SC,Regular
1996-06-01,1996,MLS,True,Tampa Bay Mutiny,LA Galaxy,1,2,,,False,,False,,fbcsv-mls-1996-1996-06-01-Tampa Bay Mutiny-LA Galaxy,Regular
1996-06-01,1996,MLS,True,Sporting Kansas City,New England Revolution,2,1,,,False,,False,,fbcsv-mls-1996-1996-06-01-Sporting Kansas City-New England Revolution,Regular
1996-06-02,1996,MLS,True,FC Dallas,Red Bull New York,0,1,,,False,,False,,fbcsv-mls-1996-1996-06-02-FC Dallas-Red Bull New York,Regular
1996-06-02,1996,MLS,True,Colorado Rapids,D.C. United,2,3,,,False,,False,,fbcsv-mls-1996-1996-06-02-Colorado Rapids-D.C. United,Regular
1996-06-05,1996,MLS,True,D.C. United,San Jose Earthquakes,3,1,,,False,,False,,fbcsv-mls-1996-1996-06-05-D.C. United-San Jose Earthquakes,Regular
1996-06-05,1996,MLS,True,Sporting Kansas City,Tampa Bay Mutiny,1,3,,,False,,False,,fbcsv-mls-1996-1996-06-05-Sporting Kansas City-Tampa Bay Mutiny,Regular
1996-06-06,1996,MLS,True,New England Revolution,LA Galaxy,2,3,,,False,,False,,fbcsv-mls-1996-1996-06-06-New England Revolution-LA Galaxy,Regular
1996-06-08,1996,MLS,True,Columbus Crew SC,Sporting Kansas City,3,4,,,False,,False,,fbcsv-mls-1996-1996-06-08-Columbus Crew SC-Sporting Kansas City,Regular
1996-06-08,1996,MLS,True,FC Dallas,San Jose Earthquakes,4,1,,,False,,False,,fbcsv-mls-1996-1996-06-08-FC Dallas-San Jose Earthquakes,Regular
1996-06-08,1996,MLS,True,Tampa Bay Mutiny,Colorado Rapids,2,1,,,False,,False,,fbcsv-mls-1996-1996-06-08-Tampa Bay Mutiny-Colorado Rapids,Regular
1996-06-09,1996,MLS,True,Red Bull New York,LA Galaxy,0,4,,,False,,False,,fbcsv-mls-1996-1996-06-09-Red Bull New York-LA Galaxy,Regular
1996-06-15,1996,MLS,True,New England Revolution,Sporting Kansas City,2,1,,,False,,False,,fbcsv-mls-1996-1996-06-15-New England Revolution-Sporting Kansas City,Regular
1996-06-15,1996,MLS,True,FC Dallas,Colorado Rapids,2,1,,,False,,False,,fbcsv-mls-1996-1996-06-15-FC Dallas-Colorado Rapids,Regular
1996-06-16,1996,MLS,True,Red Bull New York,San Jose Earthquakes,0,1,,,False,,False,,fbcsv-mls-1996-1996-06-16-Red Bull New York-San Jose Earthquakes,Regular
1996-06-16,1996,MLS,True,LA Galaxy,Tampa Bay Mutiny,3,2,,,False,,False,,fbcsv-mls-1996-1996-06-16-LA Galaxy-Tampa Bay Mutiny,Regular
1996-06-19,1996,MLS,True,Red Bull New York,FC Dallas,1,0,,,False,,False,,fbcsv-mls-1996-1996-06-19-Red Bull New York-FC Dallas,Regular
1996-06-19,1996,MLS,True,Columbus Crew SC,Colorado Rapids,2,3,,,False,,False,,fbcsv-mls-1996-1996-06-19-Columbus Crew SC-Colorado Rapids,Regular
1996-06-20,1996,MLS,True,Sporting Kansas City,D.C. United,5,1,,,False,,False,,fbcsv-mls-1996-1996-06-20-Sporting Kansas City-D.C. United,Regular
1996-06-22,1996,MLS,True,Tampa Bay Mutiny,Columbus Crew SC,3,4,,,False,,False,,fbcsv-mls-1996-1996-06-22-Tampa Bay Mutiny-Columbus Crew SC,Regular
1996-06-23,1996,MLS,True,New England Revolution,FC Dallas,1,4,,,False,,False,,fbcsv-mls-1996-1996-06-23-New England Revolution-FC Dallas,Regular
1996-06-23,1996,MLS,True,San Jose Earthquakes,D.C. United,2,1,,,False,,False,,fbcsv-mls-1996-1996-06-23-San Jose Earthquakes-D.C. United,Regular
1996-06-26,1996,MLS,True,LA Galaxy,Colorado Rapids,3,1,,,False,,False,,fbcsv-mls-1996-1996-06-26-LA Galaxy-Colorado Rapids,Regular
1996-06-26,1996,MLS,True,Red Bull New York,Sporting Kansas City,2,0,,,False,,False,,fbcsv-mls-1996-1996-06-26-Red Bull New York-Sporting Kansas City,Regular
1996-06-27,1996,MLS,True,New England Revolution,Columbus Crew SC,1,2,,,False,,False,,fbcsv-mls-1996-1996-06-27-New England Revolution-Columbus Crew SC,Regular
1996-06-29,1996,MLS,True,FC Dallas,Sporting Kansas City,0,1,,,False,,False,,fbcsv-mls-1996-1996-06-29-FC Dallas-Sporting Kansas City,Regular
1996-06-30,1996,MLS,True,Columbus Crew SC,Red Bull New York,0,4,,,False,,False,,fbcsv-mls-1996-1996-06-30-Columbus Crew SC-Red Bull New York,Regular
1996-06-30,1996,MLS,True,D.C. United,New England Revolution,3,1,,,False,,False,,fbcsv-mls-1996-1996-06-30-D.C. United-New England Revolution,Regular
1996-06-30,1996,MLS,True,Colorado Rapids,LA Galaxy,2,1,,,False,,False,,fbcsv-mls-1996-1996-06-30-Colorado Rapids-LA Galaxy,Regular
1996-06-30,1996,MLS,True,San Jose Earthquakes,Tampa Bay Mutiny,4,0,,,False,,False,,fbcsv-mls-1996-1996-06-30-San Jose Earthquakes-Tampa Bay Mutiny,Regular
1996-07-04,1996,MLS,True,LA Galaxy,New England Revolution,0,1,,,False,,False,,fbcsv-mls-1996-1996-07-04-LA Galaxy-New England Revolution,Regular
1996-07-04,1996,MLS,True,Tampa Bay Mutiny,Columbus Crew SC,4,1,,,False,,False,,fbcsv-mls-1996-1996-07-04-Tampa Bay Mutiny-Columbus Crew SC,Regular
1996-07-04,1996,MLS,True,FC Dallas,D.C. United,2,1,,,False,,False,,fbcsv-mls-1996-1996-07-04-FC Dallas-D.C. United,Regular
1996-07-04,1996,MLS,True,Colorado Rapids,Red Bull New York,3,1,,,False,,False,,fbcsv-mls-1996-1996-07-04-Colorado Rapids-Red Bull New York,Regular
1996-07-06,1996,MLS,True,San Jose Earthquakes,New England Revolution,1,2,,,False,,False,,fbcsv-mls-1996-1996-07-06-San Jose Earthquakes-New England Revolution,Regular
1996-07-06,1996,MLS,True,Sporting Kansas City,LA Galaxy,3,1,,,False,,False,,fbcsv-mls-1996-1996-07-06-Sporting Kansas City-LA Galaxy,Regular
1996-07-07,1996,MLS,True,Colorado Rapids,Columbus Crew SC,2,1,,,False,,False,,fbcsv-mls-1996-1996-07-07-Colorado Rapids-Columbus Crew SC,Regular
1996-07-07,1996,MLS,True,D.C. United,FC Dallas,6,1,,,False,,False,,fbcsv-mls-1996-1996-07-07-D.C. United-FC Dallas,Regular
1996-07-10,1996,MLS,True,Red Bull New York,FC Dallas,3,2,,,False,,False,,fbcsv-mls-1996-1996-07-10-Red Bull New York-FC Dallas,Regular
1996-07-10,1996,MLS,True,Sporting Kansas City,Colorado Rapids,2,0,,,False,,False,,fbcsv-mls-1996-1996-07-10-Sporting Kansas City-Colorado Rapids,Regular
1996-07-11,1996,MLS,True,Columbus Crew SC,New England Revolution,1,2,,,False,,False,,fbcsv-mls-1996-1996-07-11-Columbus Crew SC-New England Revolution,Regular
1996-07-12,1996,MLS,True,D.C. United,Tampa Bay Mutiny,1,0,,,False,,False,,fbcsv-mls-1996-1996-07-12-D.C. United-Tampa Bay Mutiny,Regular
1996-07-17,1996,MLS,True,FC Dallas,LA Galaxy,5,2,,,False,,False,,fbcsv-mls-1996-1996-07-17-FC Dallas-LA Galaxy,Regular
1996-07-17,1996,MLS,True,Colorado Rapids,San Jose Earthquakes,1,2,,,False,,False,,fbcsv-mls-1996-1996-07-17-Colorado Rapids-San Jose Earthquakes,Regular
1996-07-18,1996,MLS,True,Tampa Bay Mutiny,Sporting Kansas City,3,2,,,False,,False,,fbcsv-mls-1996-1996-07-18-Tampa Bay Mutiny-Sporting Kansas City,Regular
1996-07-20,1996,MLS,True,New England Revolution,D.C. United,2,0,,,False,,False,,fbcsv-mls-1996-1996-07-20-New England Revolution-D.C. United,Regular
1996-07-20,1996,MLS,True,Columbus Crew SC,San Jose Earthquakes,3,4,,,False,,False,,fbcsv-mls-1996-1996-07-20-Columbus Crew SC-San Jose Earthquakes,Regular
1996-07-20,1996,MLS,True,Sporting Kansas City,FC Dallas,1,2,,,False,,False,,fbcsv-mls-1996-1996-07-20-Sporting Kansas City-FC Dallas,Regular
1996-07-21,1996,MLS,True,Colorado Rapids,Tampa Bay Mutiny,1,3,,,False,,False,,fbcsv-mls-1996-1996-07-21-Colorado Rapids-Tampa Bay Mutiny,Regular
1996-07-21,1996,MLS,True,LA Galaxy,Red Bull New York,3,0,,,False,,False,,fbcsv-mls-1996-1996-07-21-LA Galaxy-Red Bull New York,Regular
1996-07-24,1996,MLS,True,Colorado Rapids,New England Revolution,2,0,,,False,,False,,fbcsv-mls-1996-1996-07-24-Colorado Rapids-New England Revolution,Regular
1996-07-24,1996,MLS,True,San Jose Earthquakes,Red Bull New York,0,1,,,False,,False,,fbcsv-mls-1996-1996-07-24-San Jose Earthquakes-Red Bull New York,Regular
1996-07-25,1996,MLS,True,Columbus Crew SC,Tampa Bay Mutiny,1,0,,,False,,False,,fbcsv-mls-1996-1996-07-25-Columbus Crew SC-Tampa Bay Mutiny,Regular
1996-07-27,1996,MLS,True,Tampa Bay Mutiny,LA Galaxy,4,3,,,False,,False,,fbcsv-mls-1996-1996-07-27-Tampa Bay Mutiny-LA Galaxy,Regular
1996-07-27,1996,MLS,True,FC Dallas,Colorado Rapids,3,0,,,False,,False,,fbcsv-mls-1996-1996-07-27-FC Dallas-Colorado Rapids,Regular
1996-07-27,1996,MLS,True,Sporting Kansas City,New England Revolution,4,2,,,False,,False,,fbcsv-mls-1996-1996-07-27-Sporting Kansas City-New England Revolution,Regular
1996-07-28,1996,MLS,True,Red Bull New York,San Jose Earthquakes,4,1,,,False,,False,,fbcsv-mls-1996-1996-07-28-Red Bull New York-San Jose Earthquakes,Regular
1996-07-28,1996,MLS,True,D.C. United,Columbus Crew SC,2,0,,,False,,False,,fbcsv-mls-1996-1996-07-28-D.C. United-Columbus Crew SC,Regular
1996-07-31,1996,MLS,True,Columbus Crew SC,FC Dallas,1,2,,,False,,False,,fbcsv-mls-1996-1996-07-31-Columbus Crew SC-FC Dallas,Regular
1996-07-31,1996,MLS,True,D.C. United,Sporting Kansas City,2,3,,,False,,False,,fbcsv-mls-1996-1996-07-31-D.C. United-Sporting Kansas City,Regular
1996-07-31,1996,MLS,True,New England Revolution,San Jose Earthquakes,2,0,,,False,,False,,fbcsv-mls-1996-1996-07-31-New England Revolution-San Jose Earthquakes,Regular
1996-08-01,1996,MLS,True,Colorado Rapids,LA Galaxy,2,3,,,False,,False,,fbcsv-mls-1996-1996-08-01-Colorado Rapids-LA Galaxy,Regular
1996-08-03,1996,MLS,True,New England Revolution,Red Bull New York,2,1,,,False,,False,,fbcsv-mls-1996-1996-08-03-New England Revolution-Red Bull New York,Regular
1996-08-03,1996,MLS,True,Tampa Bay Mutiny,Colorado Rapids,3,1,,,False,,False,,fbcsv-mls-1996-1996-08-03-Tampa Bay Mutiny-Colorado Rapids,Regular
1996-08-04,1996,MLS,True,D.C. United,Sporting Kansas City,2,4,,,False,,False,,fbcsv-mls-1996-1996-08-04-D.C. United-Sporting Kansas City,Regular
1996-08-04,1996,MLS,True,LA Galaxy,Columbus Crew SC,1,2,,,False,,False,,fbcsv-mls-1996-1996-08-04-LA Galaxy-Columbus Crew SC,Regular
1996-08-07,1996,MLS,True,Tampa Bay Mutiny,D.C. United,1,3,,,False,,False,,fbcsv-mls-1996-1996-08-07-Tampa Bay Mutiny-D.C. United,Regular
1996-08-07,1996,MLS,True,Colorado Rapids,Sporting Kansas City,4,2,,,False,,False,,fbcsv-mls-1996-1996-08-07-Colorado Rapids-Sporting Kansas City,Regular
1996-08-08,1996,MLS,True,LA Galaxy,New England Revolution,1,0,,,False,,False,,fbcsv-mls-1996-1996-08-08-LA Galaxy-New England Revolution,Regular
1996-08-10,1996,MLS,True,Columbus Crew SC,D.C. United,3,2,,,False,,False,,fbcsv-mls-1996-1996-08-10-Columbus Crew SC-D.C. United,Regular
1996-08-10,1996,MLS,True,FC Dallas,Tampa Bay Mutiny,2,1,,,False,,False,,fbcsv-mls-1996-1996-08-10-FC Dallas-Tampa Bay Mutiny,Regular
1996-08-11,1996,MLS,True,Sporting Kansas City,LA Galaxy,3,2,,,False,,False,,fbcsv-mls-1996-1996-08-11-Sporting Kansas City-LA Galaxy,Regular
1996-08-11,1996,MLS,True,Colorado Rapids,Red Bull New York,0,2,,,False,,False,,fbcsv-mls-1996-1996-08-11-Colorado Rapids-Red Bull New York,Regular
1996-08-11,1996,MLS,True,San Jose Earthquakes,New England Revolution,6,1,,,False,,False,,fbcsv-mls-1996-1996-08-11-San Jose Earthquakes-New England Revolution,Regular
1996-08-14,1996,MLS,True,Red Bull New York,New England Revolution,4,0,,,False,,False,,fbcsv-mls-1996-1996-08-14-Red Bull New York-New England Revolution,Regular
1996-08-14,1996,MLS,True,FC Dallas,Columbus Crew SC,2,3,,,False,,False,,fbcsv-mls-1996-1996-08-14-FC Dallas-Columbus Crew SC,Regular
1996-08-15,1996,MLS,True,Sporting Kansas City,San Jose Earthquakes,4,1,,,False,,False,,fbcsv-mls-1996-1996-08-15-Sporting Kansas City-San Jose Earthquakes,Regular
1996-08-16,1996,MLS,True,New England Revolution,Colorado Rapids,2,0,,,False,,False,,fbcsv-mls-1996-1996-08-16-New England Revolution-Colorado Rapids,Regular
1996-08-17,1996,MLS,True,Tampa Bay Mutiny,Red Bull New York,3,1,,,False,,False,,fbcsv-mls-1996-1996-08-17-Tampa Bay Mutiny-Red Bull New York,Regular
1996-08-18,1996,MLS,True,Columbus Crew SC,San Jose Earthquakes,2,0,,,False,,False,,fbcsv-mls-1996-1996-08-18-Columbus Crew SC-San Jose Earthquakes,Regular
1996-08-18,1996,MLS,True,D.C. United,LA Galaxy,2,1,,,False,,False,,fbcsv-mls-1996-1996-08-18-D.C. United-LA Galaxy,Regular
1996-08-21,1996,MLS,True,LA Galaxy,Sporting Kansas City,1,2,,,False,,False,,fbcsv-mls-1996-1996-08-21-LA Galaxy-Sporting Kansas City,Regular
1996-08-21,1996,MLS,True,Red Bull New York,D.C. United,2,3,,,False,,False,,fbcsv-mls-1996-1996-08-21-Red Bull New York-D.C. United,Regular
1996-08-21,1996,MLS,True,New England Revolution,Tampa Bay Mutiny,4,2,,,False,,False,,fbcsv-mls-1996-1996-08-21-New England Revolution-Tampa Bay Mutiny,Regular
1996-08-22,1996,MLS,True,San Jose Earthquakes,FC Dallas,1,0,,,False,,False,,fbcsv-mls-1996-1996-08-22-San Jose Earthquakes-FC Dallas,Regular
1996-08-24,1996,MLS,True,Columbus Crew SC,Sporting Kansas City,2,1,,,False,,False,,fbcsv-mls-1996-1996-08-24-Columbus Crew SC-Sporting Kansas City,Regular
1996-08-25,1996,MLS,True,D.C. United,Tampa Bay Mutiny,3,0,,,False,,False,,fbcsv-mls-1996-1996-08-25-D.C. United-Tampa Bay Mutiny,Regular
1996-08-25,1996,MLS,True,San Jose Earthquakes,Colorado Rapids,1,0,,,False,,False,,fbcsv-mls-1996-1996-08-25-San Jose Earthquakes-Colorado Rapids,Regular
1996-08-25,1996,MLS,True,LA Galaxy,FC Dallas,2,3,,,False,,False,,fbcsv-mls-1996-1996-08-25-LA Galaxy-FC Dallas,Regular
1996-08-28,1996,MLS,True,Columbus Crew SC,LA Galaxy,2,0,,,False,,False,,fbcsv-mls-1996-1996-08-28-Columbus Crew SC-LA Galaxy,Regular
1996-08-29,1996,MLS,True,Colorado Rapids,D.C. United,1,2,,,False,,False,,fbcsv-mls-1996-1996-08-29-Colorado Rapids-D.C. United,Regular
1996-08-31,1996,MLS,True,Tampa Bay Mutiny,New England Revolution,3,1,,,False,,False,,fbcsv-mls-1996-1996-08-31-Tampa Bay Mutiny-New England Revolution,Regular
1996-09-01,1996,MLS,True,Sporting Kansas City,Red Bull New York,3,2,,,False,,False,,fbcsv-mls-1996-1996-09-01-Sporting Kansas City-Red Bull New York,Regular
1996-09-01,1996,MLS,True,San Jose Earthquakes,LA Galaxy,1,2,,,False,,False,,fbcsv-mls-1996-1996-09-01-San Jose Earthquakes-LA Galaxy,Regular
1996-09-04,1996,MLS,True,Red Bull New York,Tampa Bay Mutiny,0,2,,,False,,False,,fbcsv-mls-1996-1996-09-04-Red Bull New York-Tampa Bay Mutiny,Regular
1996-09-04,1996,MLS,True,New England Revolution,FC Dallas,2,1,,,False,,False,,fbcsv-mls-1996-1996-09-04-New England Revolution-FC Dallas,Regular
1996-09-05,1996,MLS,True,LA Galaxy,Colorado Rapids,0,1,,,False,,False,,fbcsv-mls-1996-1996-09-05-LA Galaxy-Colorado Rapids,Regular
1996-09-06,1996,MLS,True,D.C. United,Red Bull New York,1,2,,,False,,False,,fbcsv-mls-1996-1996-09-06-D.C. United-Red Bull New York,Regular
1996-09-07,1996,MLS,True,Sporting Kansas City,Columbus Crew SC,1,5,,,False,,False,,fbcsv-mls-1996-1996-09-07-Sporting Kansas City-Columbus Crew SC,Regular
1996-09-07,1996,MLS,True,FC Dallas,New England Revolution,0,2,,,False,,False,,fbcsv-mls-1996-1996-09-07-FC Dallas-New England Revolution,Regular
1996-09-08,1996,MLS,True,Colorado Rapids,San Jose Earthquakes,1,3,,,False,,False,,fbcsv-mls-1996-1996-09-08-Colorado Rapids-San Jose Earthquakes,Regular
1996-09-10,1996,MLS,True,Red Bull New York,LA Galaxy,3,1,,,False,,False,,fbcsv-mls-1996-1996-09-10-Red Bull New York-LA Galaxy,Regular
1996-09-11,1996,MLS,True,San Jose Earthquakes,FC Dallas,2,3,,,False,,False,,fbcsv-mls-1996-1996-09-11-San Jose Earthquakes-FC Dallas,Regular
1996-09-12,1996,MLS,True,New England Revolution,Tampa Bay Mutiny,1,2,,,False,,False,,fbcsv-mls-1996-1996-09-12-New England Revolution-Tampa Bay Mutiny,Regular
1996-09-14,1996,MLS,True,Tampa Bay Mutiny,D.C. United,2,0,,,False,,False,,fbcsv-mls-1996-1996-09-14-Tampa Bay Mutiny-D.C. United,Regular
1996-09-15,1996,MLS,True,Columbus Crew SC,Red Bull New York,2,0,,,False,,False,,fbcsv-mls-1996-1996-09-15-Columbus Crew SC-Red Bull New York,Regular
1996-09-15,1996,MLS,True,LA Galaxy,San Jose Earthquakes,4,2,,,False,,False,,fbcsv-mls-1996-1996-09-15-LA Galaxy-San Jose Earthquakes,Regular
1996-09-17,1996,MLS,True,D.C. United,New England Revolution,3,2,,,False,,False,,fbcsv-mls-1996-1996-09-17-D.C. United-New England Revolution,Regular
1996-09-18,1996,MLS,True,San Jose Earthquakes,Tampa Bay Mutiny,1,2,,,False,,False,,fbcsv-mls-1996-1996-09-18-San Jose Earthquakes-Tampa Bay Mutiny,Regular
1996-09-18,1996,MLS,True,Red Bull New York,Columbus Crew SC,1,0,,,False,,False,,fbcsv-mls-1996-1996-09-18-Red Bull New York-Columbus Crew SC,Regular
1996-09-19,1996,MLS,True,FC Dallas,LA Galaxy,1,2,,,False,,False,,fbcsv-mls-1996-1996-09-19-FC Dallas-LA Galaxy,Regular
1996-09-21,1996,MLS,True,New England Revolution,Columbus Crew SC,0,1,,,False,,False,,fbcsv-mls-1996-1996-09-21-New England Revolution-Columbus Crew SC,Regular
1996-09-21,1996,MLS,True,D.C. United,Colorado Rapids,3,1,,,False,,False,,fbcsv-mls-1996-1996-09-21-D.C. United-Colorado Rapids,Regular
1996-09-21,1996,MLS,True,Tampa Bay Mutiny,Red Bull New York,4,1,,,False,,False,,fbcsv-mls-1996-1996-09-21-Tampa Bay Mutiny-Red Bull New York,Regular
1996-09-21,1996,MLS,True,Sporting Kansas City,San Jose Earthquakes,0,1,,,False,,False,,fbcsv-mls-1996-1996-09-21-Sporting Kansas City-San Jose Earthquakes,Regular
1996-09-22,1996,MLS,True,LA Galaxy,FC Dallas,2,1,,,False,,False,,fbcsv-mls-1996-1996-09-22-LA Galaxy-FC Dallas,Regular
1996-09-25,1996,MLS,True,Columbus Crew SC,Tampa Bay Mutiny,0,2,,,False,,False,,fbcsv-mls-1996-1996-09-25-Columbus Crew SC-Tampa Bay Mutiny,Playoff
1996-09-26,1996,MLS,True,Sporting Kansas City,FC Dallas,3,2,,,False,,False,,fbcsv-mls-1996-1996-09-26-Sporting Kansas City-FC Dallas,Playoff
1996-09-26,1996,MLS,True,San Jose Earthquakes,LA Galaxy,1,0,,,False,,False,,fbcsv-mls-1996-1996-09-26-San Jose Earthquakes-LA Galaxy,Playoff
1996-09-27,1996,MLS,True,D.C. United,Red Bull New York,1,0,,,False,,False,,fbcsv-mls-1996-1996-09-27-D.C. United-Red Bull New York,Playoff
1996-09-28,1996,MLS,True,Tampa Bay Mutiny,Columbus Crew SC,1,2,,,False,,False,,fbcsv-mls-1996-1996-09-28-Tampa Bay Mutiny-Columbus Crew SC,Playoff
1996-09-29,1996,MLS,True,FC Dallas,Sporting Kansas City,2,1,,,False,,False,,fbcsv-mls-1996-1996-09-29-FC Dallas-Sporting Kansas City,Playoff
1996-09-29,1996,MLS,True,LA Galaxy,San Jose Earthquakes,2,0,,,False,,False,,fbcsv-mls-1996-1996-09-29-LA Galaxy-San Jose Earthquakes,Playoff
1996-10-02,1996,MLS,True,LA Galaxy,San Jose Earthquakes,2,0,,,False,,False,,fbcsv-mls-1996-1996-10-02-LA Galaxy-San Jose Earthquakes,Playoff
1996-10-02,1996,MLS,True,Tampa Bay Mutiny,Columbus Crew SC,4,1,,,False,,False,,fbcsv-mls-1996-1996-10-02-Tampa Bay Mutiny-Columbus Crew SC,Playoff
1996-10-02,1996,MLS,True,D.C. United,Red Bull New York,2,1,,,False,,False,,fbcsv-mls-1996-1996-10-02-D.C. United-Red Bull New York,Playoff
1996-10-10,1996,MLS,True,D.C. United,Tampa Bay Mutiny,4,1,,,False,,False,,fbcsv-mls-1996-1996-10-10-D.C. United-Tampa Bay Mutiny,Playoff
1996-10-10,1996,MLS,True,LA Galaxy,Sporting Kansas City,2,1,,,False,,False,,fbcsv-mls-1996-1996-10-10-LA Galaxy-Sporting Kansas City,Playoff
1996-10-12,1996,MLS,True,Tampa Bay Mutiny,D.C. United,1,2,,,False,,False,,fbcsv-mls-1996-1996-10-12-Tampa Bay Mutiny-D.C. United,Playoff
1997-03-22,1997,MLS,True,San Jose Earthquakes,Red Bull New York,1,0,,,False,,False,,fbcsv-mls-1997-1997-03-22-San Jose Earthquakes-Red Bull New York,Regular
1997-03-29,1997,MLS,True,LA Galaxy,D.C. United,0,1,,,False,,False,,fbcsv-mls-1997-1997-03-29-LA Galaxy-D.C. United,Regular
1997-03-29,1997,MLS,True,Columbus Crew SC,Colorado Rapids,2,1,,,False,,False,,fbcsv-mls-1997-1997-03-29-Columbus Crew SC-Colorado Rapids,Regular
1997-03-29,1997,MLS,True,Sporting Kansas City,San Jose Earthquakes,3,2,,,False,,False,,fbcsv-mls-1997-1997-03-29-Sporting Kansas City-San Jose Earthquakes,Regular
1997-03-29,1997,MLS,True,FC Dallas,New England Revolution,0,1,,,False,,False,,fbcsv-mls-1997-1997-03-29-FC Dallas-New England Revolution,Regular
1997-03-29,1997,MLS,True,Tampa Bay Mutiny,Red Bull New York,2,1,,,False,,False,,fbcsv-mls-1997-1997-03-29-Tampa Bay Mutiny-Red Bull New York,Regular
1997-04-05,1997,MLS,True,D.C. United,Red Bull New York,2,1,,,False,,False,,fbcsv-mls-1997-1997-04-05-D.C. United-Red Bull New York,Regular
1997-04-05,1997,MLS,True,Sporting Kansas City,LA Galaxy,3,2,,,False,,False,,fbcsv-mls-1997-1997-04-05-Sporting Kansas City-LA Galaxy,Regular
1997-04-05,1997,MLS,True,FC Dallas,San Jose Earthquakes,2,1,,,False,,False,,fbcsv-mls-1997-1997-04-05-FC Dallas-San Jose Earthquakes,Regular
1997-04-06,1997,MLS,True,Colorado Rapids,Columbus Crew SC,2,0,,,False,,False,,fbcsv-mls-1997-1997-04-06-Colorado Rapids-Columbus Crew SC,Regular
1997-04-06,1997,MLS,True,Tampa Bay Mutiny,New England Revolution,4,0,,,False,,False,,fbcsv-mls-1997-1997-04-06-Tampa Bay Mutiny-New England Revolution,Regular
1997-04-12,1997,MLS,True,Tampa Bay Mutiny,Sporting Kansas City,2,1,,,False,,False,,fbcsv-mls-1997-1997-04-12-Tampa Bay Mutiny-Sporting Kansas City,Regular
1997-04-12,1997,MLS,True,Red Bull New York,New England Revolution,3,1,,,False,,False,,fbcsv-mls-1997-1997-04-12-Red Bull New York-New England Revolution,Regular
1997-04-12,1997,MLS,True,Colorado Rapids,D.C. United,2,5,,,False,,False,,fbcsv-mls-1997-1997-04-12-Colorado Rapids-D.C. United,Regular
1997-04-12,1997,MLS,True,San Jose Earthquakes,LA Galaxy,4,1,,,False,,False,,fbcsv-mls-1997-1997-04-12-San Jose Earthquakes-LA Galaxy,Regular
1997-04-13,1997,MLS,True,Columbus Crew SC,FC Dallas,2,1,,,False,,False,,fbcsv-mls-1997-1997-04-13-Columbus Crew SC-FC Dallas,Regular
1997-04-18,1997,MLS,True,LA Galaxy,Colorado Rapids,2,1,,,False,,False,,fbcsv-mls-1997-1997-04-18-LA Galaxy-Colorado Rapids,Regular
1997-04-18,1997,MLS,True,Sporting Kansas City,FC Dallas,2,1,,,False,,False,,fbcsv-mls-1997-1997-04-18-Sporting Kansas City-FC Dallas,Regular
1997-04-19,1997,MLS,True,Red Bull New York,D.C. United,1,2,,,False,,False,,fbcsv-mls-1997-1997-04-19-Red Bull New York-D.C. United,Regular
1997-04-19,1997,MLS,True,Columbus Crew SC,San Jose Earthquakes,2,1,,,False,,False,,fbcsv-mls-1997-1997-04-19-Columbus Crew SC-San Jose Earthquakes,Regular
1997-04-20,1997,MLS,True,FC Dallas,Colorado Rapids,4,1,,,False,,False,,fbcsv-mls-1997-1997-04-20-FC Dallas-Colorado Rapids,Regular
1997-04-20,1997,MLS,True,New England Revolution,Tampa Bay Mutiny,2,1,,,False,,False,,fbcsv-mls-1997-1997-04-20-New England Revolution-Tampa Bay Mutiny,Regular
1997-04-23,1997,MLS,True,Colorado Rapids,FC Dallas,1,0,,,False,,False,,fbcsv-mls-1997-1997-04-23-Colorado Rapids-FC Dallas,Regular
1997-04-26,1997,MLS,True,LA Galaxy,FC Dallas,1,2,,,False,,False,,fbcsv-mls-1997-1997-04-26-LA Galaxy-FC Dallas,Regular
1997-04-26,1997,MLS,True,Red Bull New York,Columbus Crew SC,2,1,,,False,,False,,fbcsv-mls-1997-1997-04-26-Red Bull New York-Columbus Crew SC,Regular
1997-04-26,1997,MLS,True,New England Revolution,Colorado Rapids,2,1,,,False,,False,,fbcsv-mls-1997-1997-04-26-New England Revolution-Colorado Rapids,Regular
1997-04-26,1997,MLS,True,D.C. United,San Jose Earthquakes,2,3,,,False,,False,,fbcsv-mls-1997-1997-04-26-D.C. United-San Jose Earthquakes,Regular
1997-04-27,1997,MLS,True,Sporting Kansas City,Tampa Bay Mutiny,2,3,,,False,,False,,fbcsv-mls-1997-1997-04-27-Sporting Kansas City-Tampa Bay Mutiny,Regular
1997-05-02,1997,MLS,True,D.C. United,LA Galaxy,2,0,,,False,,False,,fbcsv-mls-1997-1997-05-02-D.C. United-LA Galaxy,Regular
1997-05-03,1997,MLS,True,New England Revolution,Sporting Kansas City,2,1,,,False,,False,,fbcsv-mls-1997-1997-05-03-New England Revolution-Sporting Kansas City,Regular
1997-05-03,1997,MLS,True,San Jose Earthquakes,Columbus Crew SC,1,3,,,False,,False,,fbcsv-mls-1997-1997-05-03-San Jose Earthquakes-Columbus Crew SC,Regular
1997-05-03,1997,MLS,True,Colorado Rapids,Tampa Bay Mutiny,2,0,,,False,,False,,fbcsv-mls-1997-1997-05-03-Colorado Rapids-Tampa Bay Mutiny,Regular
1997-05-04,1997,MLS,True,Red Bull New York,LA Galaxy,1,0,,,False,,False,,fbcsv-mls-1997-1997-05-04-Red Bull New York-LA Galaxy,Regular
1997-05-04,1997,MLS,True,FC Dallas,D.C. United,3,2,,,False,,False,,fbcsv-mls-1997-1997-05-04-FC Dallas-D.C. United,Regular
1997-05-09,1997,MLS,True,New England Revolution,Columbus Crew SC,0,2,,,False,,False,,fbcsv-mls-1997-1997-05-09-New England Revolution-Columbus Crew SC,Regular
1997-05-09,1997,MLS,True,Red Bull New York,San Jose Earthquakes,0,1,,,False,,False,,fbcsv-mls-1997-1997-05-09-Red Bull New York-San Jose Earthquakes,Regular
1997-05-10,1997,MLS,True,D.C. United,FC Dallas,2,3,,,False,,False,,fbcsv-mls-1997-1997-05-10-D.C. United-FC Dallas,Regular
1997-05-10,1997,MLS,True,Tampa Bay Mutiny,Colorado Rapids,2,1,,,False,,False,,fbcsv-mls-1997-1997-05-10-Tampa Bay Mutiny-Colorado Rapids,Regular
1997-05-10,1997,MLS,True,Sporting Kansas City,LA Galaxy,1,0,,,False,,False,,fbcsv-mls-1997-1997-05-10-Sporting Kansas City-LA Galaxy,Regular
1997-05-11,1997,MLS,True,Columbus Crew SC,Red Bull New York,3,0,,,False,,False,,fbcsv-mls-1997-1997-05-11-Columbus Crew SC-Red Bull New York,Regular
1997-05-16,1997,MLS,True,San Jose Earthquakes,New England Revolution,1,2,,,False,,False,,fbcsv-mls-1997-1997-05-16-San Jose Earthquakes-New England Revolution,Regular
1997-05-17,1997,MLS,True,FC Dallas,Tampa Bay Mutiny,2,0,,,False,,False,,fbcsv-mls-1997-1997-05-17-FC Dallas-Tampa Bay Mutiny,Regular
1997-05-17,1997,MLS,True,Colorado Rapids,Columbus Crew SC,2,1,,,False,,False,,fbcsv-mls-1997-1997-05-17-Colorado Rapids-Columbus Crew SC,Regular
1997-05-18,1997,MLS,True,New England Revolution,D.C. United,0,1,,,False,,False,,fbcsv-mls-1997-1997-05-18-New England Revolution-D.C. United,Regular
1997-05-18,1997,MLS,True,Red Bull New York,Sporting Kansas City,1,0,,,False,,False,,fbcsv-mls-1997-1997-05-18-Red Bull New York-Sporting Kansas City,Regular
1997-05-18,1997,MLS,True,LA Galaxy,San Jose Earthquakes,2,1,,,False,,False,,fbcsv-mls-1997-1997-05-18-LA Galaxy-San Jose Earthquakes,Regular
1997-05-22,1997,MLS,True,D.C. United,San Jose Earthquakes,3,1,,,False,,False,,fbcsv-mls-1997-1997-05-22-D.C. United-San Jose Earthquakes,Regular
1997-05-22,1997,MLS,True,Sporting Kansas City,Columbus Crew SC,3,1,,,False,,False,,fbcsv-mls-1997-1997-05-22-Sporting Kansas City-Columbus Crew SC,Regular
1997-05-23,1997,MLS,True,Tampa Bay Mutiny,FC Dallas,1,3,,,False,,False,,fbcsv-mls-1997-1997-05-23-Tampa Bay Mutiny-FC Dallas,Regular
1997-05-24,1997,MLS,True,Colorado Rapids,New England Revolution,1,2,,,False,,False,,fbcsv-mls-1997-1997-05-24-Colorado Rapids-New England Revolution,Regular
1997-05-25,1997,MLS,True,LA Galaxy,Columbus Crew SC,1,0,,,False,,False,,fbcsv-mls-1997-1997-05-25-LA Galaxy-Columbus Crew SC,Regular
1997-05-25,1997,MLS,True,Red Bull New York,Tampa Bay Mutiny,3,2,,,False,,False,,fbcsv-mls-1997-1997-05-25-Red Bull New York-Tampa Bay Mutiny,Regular
1997-05-29,1997,MLS,True,Columbus Crew SC,D.C. United,2,3,,,False,,False,,fbcsv-mls-1997-1997-05-29-Columbus Crew SC-D.C. United,Regular
1997-05-30,1997,MLS,True,New England Revolution,Red Bull New York,3,1,,,False,,False,,fbcsv-mls-1997-1997-05-30-New England Revolution-Red Bull New York,Regular
1997-05-30,1997,MLS,True,LA Galaxy,Sporting Kansas City,1,3,,,False,,False,,fbcsv-mls-1997-1997-05-30-LA Galaxy-Sporting Kansas City,Regular
1997-06-01,1997,MLS,True,New England Revolution,FC Dallas,3,1,,,False,,False,,fbcsv-mls-1997-1997-06-01-New England Revolution-FC Dallas,Regular
1997-06-01,1997,MLS,True,San Jose Earthquakes,D.C. United,2,3,,,False,,False,,fbcsv-mls-1997-1997-06-01-San Jose Earthquakes-D.C. United,Regular
1997-06-01,1997,MLS,True,Colorado Rapids,Tampa Bay Mutiny,2,0,,,False,,False,,fbcsv-mls-1997-1997-06-01-Colorado Rapids-Tampa Bay Mutiny,Regular
1997-06-06,1997,MLS,True,FC Dallas,Sporting Kansas City,1,2,,,False,,False,,fbcsv-mls-1997-1997-06-06-FC Dallas-Sporting Kansas City,Regular
1997-06-07,1997,MLS,True,D.C. United,Colorado Rapids,5,0,,,False,,False,,fbcsv-mls-1997-1997-06-07-D.C. United-Colorado Rapids,Regular
1997-06-07,1997,MLS,True,Tampa Bay Mutiny,Columbus Crew SC,3,1,,,False,,False,,fbcsv-mls-1997-1997-06-07-Tampa Bay Mutiny-Columbus Crew SC,Regular
1997-06-08,1997,MLS,True,New England Revolution,LA Galaxy,1,0,,,False,,False,,fbcsv-mls-1997-1997-06-08-New England Revolution-LA Galaxy,Regular
1997-06-08,1997,MLS,True,San Jose Earthquakes,Sporting Kansas City,2,3,,,False,,False,,fbcsv-mls-1997-1997-06-08-San Jose Earthquakes-Sporting Kansas City,Regular
1997-06-13,1997,MLS,True,Red Bull New York,Colorado Rapids,1,3,,,False,,False,,fbcsv-mls-1997-1997-06-13-Red Bull New York-Colorado Rapids,Regular
1997-06-14,1997,MLS,True,New England Revolution,D.C. United,0,1,,,False,,False,,fbcsv-mls-1997-1997-06-14-New England Revolution-D.C. United,Regular
1997-06-15,1997,MLS,True,Columbus Crew SC,Colorado Rapids,0,2,,,False,,False,,fbcsv-mls-1997-1997-06-15-Columbus Crew SC-Colorado Rapids,Regular
1997-06-15,1997,MLS,True,Sporting Kansas City,San Jose Earthquakes,1,3,,,False,,False,,fbcsv-mls-1997-1997-06-15-Sporting Kansas City-San Jose Earthquakes,Regular
1997-06-15,1997,MLS,True,FC Dallas,Red Bull New York,3,1,,,False,,False,,fbcsv-mls-1997-1997-06-15-FC Dallas-Red Bull New York,Regular
1997-06-15,1997,MLS,True,LA Galaxy,Tampa Bay Mutiny,4,1,,,False,,False,,fbcsv-mls-1997-1997-06-15-LA Galaxy-Tampa Bay Mutiny,Regular
1997-06-21,1997,MLS,True,Tampa Bay Mutiny,San Jose Earthquakes,3,1,,,False,,False,,fbcsv-mls-1997-1997-06-21-Tampa Bay Mutiny-San Jose Earthquakes,Regular
1997-06-21,1997,MLS,True,Columbus Crew SC,Red Bull New York,2,1,,,False,,False,,fbcsv-mls-1997-1997-06-21-Columbus Crew SC-Red Bull New York,Regular
1997-06-21,1997,MLS,True,Sporting Kansas City,D.C. United,6,1,,,False,,False,,fbcsv-mls-1997-1997-06-21-Sporting Kansas City-D.C. United,Regular
1997-06-21,1997,MLS,True,Colorado Rapids,LA Galaxy,2,1,,,False,,False,,fbcsv-mls-1997-1997-06-21-Colorado Rapids-LA Galaxy,Regular
1997-06-22,1997,MLS,True,New England Revolution,FC Dallas,3,2,,,False,,False,,fbcsv-mls-1997-1997-06-22-New England Revolution-FC Dallas,Regular
1997-06-25,1997,MLS,True,Sporting Kansas City,Tampa Bay Mutiny,3,2,,,False,,False,,fbcsv-mls-1997-1997-06-25-Sporting Kansas City-Tampa Bay Mutiny,Regular
1997-06-28,1997,MLS,True,Tampa Bay Mutiny,LA Galaxy,3,2,,,False,,False,,fbcsv-mls-1997-1997-06-28-Tampa Bay Mutiny-LA Galaxy,Regular
1997-06-28,1997,MLS,True,Colorado Rapids,Sporting Kansas City,3,4,,,False,,False,,fbcsv-mls-1997-1997-06-28-Colorado Rapids-Sporting Kansas City,Regular
1997-06-28,1997,MLS,True,San Jose Earthquakes,FC Dallas,3,1,,,False,,False,,fbcsv-mls-1997-1997-06-28-San Jose Earthquakes-FC Dallas,Regular
1997-07-04,1997,MLS,True,Tampa Bay Mutiny,Red Bull New York,1,0,,,False,,False,,fbcsv-mls-1997-1997-07-04-Tampa Bay Mutiny-Red Bull New York,Regular
1997-07-04,1997,MLS,True,Columbus Crew SC,Sporting Kansas City,1,2,,,False,,False,,fbcsv-mls-1997-1997-07-04-Columbus Crew SC-Sporting Kansas City,Regular
1997-07-04,1997,MLS,True,FC Dallas,D.C. United,2,3,,,False,,False,,fbcsv-mls-1997-1997-07-04-FC Dallas-D.C. United,Regular
1997-07-04,1997,MLS,True,Colorado Rapids,San Jose Earthquakes,3,1,,,False,,False,,fbcsv-mls-1997-1997-07-04-Colorado Rapids-San Jose Earthquakes,Regular
1997-07-04,1997,MLS,True,LA Galaxy,New England Revolution,2,0,,,False,,False,,fbcsv-mls-1997-1997-07-04-LA Galaxy-New England Revolution,Regular
1997-07-06,1997,MLS,True,D.C. United,Tampa Bay Mutiny,3,2,,,False,,False,,fbcsv-mls-1997-1997-07-06-D.C. United-Tampa Bay Mutiny,Regular
1997-07-06,1997,MLS,True,Sporting Kansas City,FC Dallas,1,3,,,False,,False,,fbcsv-mls-1997-1997-07-06-Sporting Kansas City-FC Dallas,Regular
1997-07-06,1997,MLS,True,San Jose Earthquakes,New England Revolution,3,2,,,False,,False,,fbcsv-mls-1997-1997-07-06-San Jose Earthquakes-New England Revolution,Regular
1997-07-12,1997,MLS,True,New England Revolution,Sporting Kansas City,2,0,,,False,,False,,fbcsv-mls-1997-1997-07-12-New England Revolution-Sporting Kansas City,Regular
1997-07-12,1997,MLS,True,LA Galaxy,D.C. United,3,1,,,False,,False,,fbcsv-mls-1997-1997-07-12-LA Galaxy-D.C. United,Regular
1997-07-13,1997,MLS,True,Columbus Crew SC,FC Dallas,1,2,,,False,,False,,fbcsv-mls-1997-1997-07-13-Columbus Crew SC-FC Dallas,Regular
1997-07-13,1997,MLS,True,Red Bull New York,Colorado Rapids,4,1,,,False,,False,,fbcsv-mls-1997-1997-07-13-Red Bull New York-Colorado Rapids,Regular
1997-07-13,1997,MLS,True,San Jose Earthquakes,Tampa Bay Mutiny,2,3,,,False,,False,,fbcsv-mls-1997-1997-07-13-San Jose Earthquakes-Tampa Bay Mutiny,Regular
1997-07-18,1997,MLS,True,New England Revolution,Tampa Bay Mutiny,4,2,,,False,,False,,fbcsv-mls-1997-1997-07-18-New England Revolution-Tampa Bay Mutiny,Regular
1997-07-18,1997,MLS,True,FC Dallas,San Jose Earthquakes,3,1,,,False,,False,,fbcsv-mls-1997-1997-07-18-FC Dallas-San Jose Earthquakes,Regular
1997-07-19,1997,MLS,True,Sporting Kansas City,D.C. United,3,2,,,False,,False,,fbcsv-mls-1997-1997-07-19-Sporting Kansas City-D.C. United,Regular
1997-07-20,1997,MLS,True,Red Bull New York,LA Galaxy,0,4,,,False,,False,,fbcsv-mls-1997-1997-07-20-Red Bull New York-LA Galaxy,Regular
1997-07-20,1997,MLS,True,Columbus Crew SC,New England Revolution,1,0,,,False,,False,,fbcsv-mls-1997-1997-07-20-Columbus Crew SC-New England Revolution,Regular
1997-07-20,1997,MLS,True,Tampa Bay Mutiny,San Jose Earthquakes,3,1,,,False,,False,,fbcsv-mls-1997-1997-07-20-Tampa Bay Mutiny-San Jose Earthquakes,Regular
1997-07-20,1997,MLS,True,Colorado Rapids,FC Dallas,2,4,,,False,,False,,fbcsv-mls-1997-1997-07-20-Colorado Rapids-FC Dallas,Regular
1997-07-25,1997,MLS,True,D.C. United,Columbus Crew SC,2,1,,,False,,False,,fbcsv-mls-1997-1997-07-25-D.C. United-Columbus Crew SC,Regular
1997-07-25,1997,MLS,True,FC Dallas,LA Galaxy,0,3,,,False,,False,,fbcsv-mls-1997-1997-07-25-FC Dallas-LA Galaxy,Regular
1997-07-25,1997,MLS,True,San Jose Earthquakes,Colorado Rapids,1,2,,,False,,False,,fbcsv-mls-1997-1997-07-25-San Jose Earthquakes-Colorado Rapids,Regular
1997-07-26,1997,MLS,True,Sporting Kansas City,New England Revolution,1,0,,,False,,False,,fbcsv-mls-1997-1997-07-26-Sporting Kansas City-New England Revolution,Regular
1997-07-27,1997,MLS,True,Columbus Crew SC,Tampa Bay Mutiny,0,1,,,False,,False,,fbcsv-mls-1997-1997-07-27-Columbus Crew SC-Tampa Bay Mutiny,Regular
1997-07-27,1997,MLS,True,Red Bull New York,D.C. United,2,1,,,False,,False,,fbcsv-mls-1997-1997-07-27-Red Bull New York-D.C. United,Regular
1997-07-27,1997,MLS,True,Colorado Rapids,LA Galaxy,1,2,,,False,,False,,fbcsv-mls-1997-1997-07-27-Colorado Rapids-LA Galaxy,Regular
1997-07-30,1997,MLS,True,D.C. United,Columbus Crew SC,4,2,,,False,,False,,fbcsv-mls-1997-1997-07-30-D.C. United-Columbus Crew SC,Regular
1997-08-02,1997,MLS,True,D.C. United,Colorado Rapids,2,3,,,False,,False,,fbcsv-mls-1997-1997-08-02-D.C. United-Colorado Rapids,Regular
1997-08-02,1997,MLS,True,FC Dallas,Sporting Kansas City,1,2,,,False,,False,,fbcsv-mls-1997-1997-08-02-FC Dallas-Sporting Kansas City,Regular
1997-08-02,1997,MLS,True,LA Galaxy,Columbus Crew SC,1,2,,,False,,False,,fbcsv-mls-1997-1997-08-02-LA Galaxy-Columbus Crew SC,Regular
1997-08-03,1997,MLS,True,New England Revolution,San Jose Earthquakes,1,5,,,False,,False,,fbcsv-mls-1997-1997-08-03-New England Revolution-San Jose Earthquakes,Regular
1997-08-03,1997,MLS,True,Red Bull New York,Tampa Bay Mutiny,2,3,,,False,,False,,fbcsv-mls-1997-1997-08-03-Red Bull New York-Tampa Bay Mutiny,Regular
1997-08-09,1997,MLS,True,D.C. United,LA Galaxy,4,2,,,False,,False,,fbcsv-mls-1997-1997-08-09-D.C. United-LA Galaxy,Regular
1997-08-09,1997,MLS,True,Tampa Bay Mutiny,Sporting Kansas City,0,2,,,False,,False,,fbcsv-mls-1997-1997-08-09-Tampa Bay Mutiny-Sporting Kansas City,Regular
1997-08-09,1997,MLS,True,Colorado Rapids,New England Revolution,3,0,,,False,,False,,fbcsv-mls-1997-1997-08-09-Colorado Rapids-New England Revolution,Regular
1997-08-09,1997,MLS,True,San Jose Earthquakes,Columbus Crew SC,2,1,,,False,,False,,fbcsv-mls-1997-1997-08-09-San Jose Earthquakes-Columbus Crew SC,Regular
1997-08-14,1997,MLS,True,New England Revolution,LA Galaxy,1,2,,,False,,False,,fbcsv-mls-1997-1997-08-14-New England Revolution-LA Galaxy,Regular
1997-08-15,1997,MLS,True,Tampa Bay Mutiny,FC Dallas,2,1,,,False,,False,,fbcsv-mls-1997-1997-08-15-Tampa Bay Mutiny-FC Dallas,Regular
1997-08-15,1997,MLS,True,Colorado Rapids,Red Bull New York,2,0,,,False,,False,,fbcsv-mls-1997-1997-08-15-Colorado Rapids-Red Bull New York,Regular
1997-08-16,1997,MLS,True,Columbus Crew SC,D.C. United,2,0,,,False,,False,,fbcsv-mls-1997-1997-08-16-Columbus Crew SC-D.C. United,Regular
1997-08-17,1997,MLS,True,Sporting Kansas City,Red Bull New York,4,3,,,False,,False,,fbcsv-mls-1997-1997-08-17-Sporting Kansas City-Red Bull New York,Regular
1997-08-17,1997,MLS,True,LA Galaxy,San Jose Earthquakes,2,3,,,False,,False,,fbcsv-mls-1997-1997-08-17-LA Galaxy-San Jose Earthquakes,Regular
1997-08-23,1997,MLS,True,Columbus Crew SC,New England Revolution,2,1,,,False,,False,,fbcsv-mls-1997-1997-08-23-Columbus Crew SC-New England Revolution,Regular
1997-08-23,1997,MLS,True,FC Dallas,Red Bull New York,1,2,,,False,,False,,fbcsv-mls-1997-1997-08-23-FC Dallas-Red Bull New York,Regular
1997-08-24,1997,MLS,True,San Jose Earthquakes,Sporting Kansas City,2,3,,,False,,False,,fbcsv-mls-1997-1997-08-24-San Jose Earthquakes-Sporting Kansas City,Regular
1997-08-27,1997,MLS,True,D.C. United,New England Revolution,3,2,,,False,,False,,fbcsv-mls-1997-1997-08-27-D.C. United-New England Revolution,Regular
1997-08-28,1997,MLS,True,Sporting Kansas City,Colorado Rapids,1,0,,,False,,False,,fbcsv-mls-1997-1997-08-28-Sporting Kansas City-Colorado Rapids,Regular
1997-08-29,1997,MLS,True,Red Bull New York,San Jose Earthquakes,3,0,,,False,,False,,fbcsv-mls-1997-1997-08-29-Red Bull New York-San Jose Earthquakes,Regular
1997-08-30,1997,MLS,True,Columbus Crew SC,LA Galaxy,2,0,,,False,,False,,fbcsv-mls-1997-1997-08-30-Columbus Crew SC-LA Galaxy,Regular
1997-08-30,1997,MLS,True,Tampa Bay Mutiny,New England Revolution,4,0,,,False,,False,,fbcsv-mls-1997-1997-08-30-Tampa Bay Mutiny-New England Revolution,Regular
1997-08-31,1997,MLS,True,D.C. United,Sporting Kansas City,2,0,,,False,,False,,fbcsv-mls-1997-1997-08-31-D.C. United-Sporting Kansas City,Regular
1997-08-31,1997,MLS,True,FC Dallas,Colorado Rapids,4,1,,,False,,False,,fbcsv-mls-1997-1997-08-31-FC Dallas-Colorado Rapids,Regular
1997-09-04,1997,MLS,True,LA Galaxy,Red Bull New York,1,3,,,False,,False,,fbcsv-mls-1997-1997-09-04-LA Galaxy-Red Bull New York,Regular
1997-09-06,1997,MLS,True,FC Dallas,Columbus Crew SC,3,0,,,False,,False,,fbcsv-mls-1997-1997-09-06-FC Dallas-Columbus Crew SC,Regular
1997-09-06,1997,MLS,True,Colorado Rapids,Sporting Kansas City,1,2,,,False,,False,,fbcsv-mls-1997-1997-09-06-Colorado Rapids-Sporting Kansas City,Regular
1997-09-06,1997,MLS,True,San Jose Earthquakes,Red Bull New York,4,0,,,False,,False,,fbcsv-mls-1997-1997-09-06-San Jose Earthquakes-Red Bull New York,Regular
1997-09-07,1997,MLS,True,LA Galaxy,Tampa Bay Mutiny,6,1,,,False,,False,,fbcsv-mls-1997-1997-09-07-LA Galaxy-Tampa Bay Mutiny,Regular
1997-09-09,1997,MLS,True,Red Bull New York,New England Revolution,3,1,,,False,,False,,fbcsv-mls-1997-1997-09-09-Red Bull New York-New England Revolution,Regular
1997-09-10,1997,MLS,True,LA Galaxy,Colorado Rapids,2,0,,,False,,False,,fbcsv-mls-1997-1997-09-10-LA Galaxy-Colorado Rapids,Regular
1997-09-11,1997,MLS,True,San Jose Earthquakes,FC Dallas,0,1,,,False,,False,,fbcsv-mls-1997-1997-09-11-San Jose Earthquakes-FC Dallas,Regular
1997-09-12,1997,MLS,True,New England Revolution,Columbus Crew SC,1,0,,,False,,False,,fbcsv-mls-1997-1997-09-12-New England Revolution-Columbus Crew SC,Regular
1997-09-12,1997,MLS,True,Sporting Kansas City,Red Bull New York,0,1,,,False,,False,,fbcsv-mls-1997-1997-09-12-Sporting Kansas City-Red Bull New York,Regular
1997-09-13,1997,MLS,True,Tampa Bay Mutiny,D.C. United,1,2,,,False,,False,,fbcsv-mls-1997-1997-09-13-Tampa Bay Mutiny-D.C. United,Regular
1997-09-14,1997,MLS,True,Columbus Crew SC,Sporting Kansas City,4,0,,,False,,False,,fbcsv-mls-1997-1997-09-14-Columbus Crew SC-Sporting Kansas City,Regular
1997-09-14,1997,MLS,True,FC Dallas,LA Galaxy,1,3,,,False,,False,,fbcsv-mls-1997-1997-09-14-FC Dallas-LA Galaxy,Regular
1997-09-16,1997,MLS,True,Red Bull New York,FC Dallas,0,1,,,False,,False,,fbcsv-mls-1997-1997-09-16-Red Bull New York-FC Dallas,Regular
1997-09-16,1997,MLS,True,D.C. United,New England Revolution,3,2,,,False,,False,,fbcsv-mls-1997-1997-09-16-D.C. United-New England Revolution,Regular
1997-09-17,1997,MLS,True,Colorado Rapids,San Jose Earthquakes,1,2,,,False,,False,,fbcsv-mls-1997-1997-09-17-Colorado Rapids-San Jose Earthquakes,Regular
1997-09-18,1997,MLS,True,Tampa Bay Mutiny,Columbus Crew SC,2,1,,,False,,False,,fbcsv-mls-1997-1997-09-18-Tampa Bay Mutiny-Columbus Crew SC,Regular
1997-09-19,1997,MLS,True,LA Galaxy,FC Dallas,2,1,,,False,,False,,fbcsv-mls-1997-1997-09-19-LA Galaxy-FC Dallas,Regular
1997-09-20,1997,MLS,True,New England Revolution,Red Bull New York,3,2,,,False,,False,,fbcsv-mls-1997-1997-09-20-New England Revolution-Red Bull New York,Regular
1997-09-21,1997,MLS,True,D.C. United,Tampa Bay Mutiny,1,2,,,False,,False,,fbcsv-mls-1997-1997-09-21-D.C. United-Tampa Bay Mutiny,Regular
1997-09-21,1997,MLS,True,San Jose Earthquakes,LA Galaxy,2,3,,,False,,False,,fbcsv-mls-1997-1997-09-21-San Jose Earthquakes-LA Galaxy,Regular
1997-09-25,1997,MLS,True,Red Bull New York,Columbus Crew SC,0,1,,,False,,False,,fbcsv-mls-1997-1997-09-25-Red Bull New York-Columbus Crew SC,Regular
1997-09-25,1997,MLS,True,FC Dallas,New England Revolution,1,2,,,False,,False,,fbcsv-mls-1997-1997-09-25-FC Dallas-New England Revolution,Regular
1997-09-26,1997,MLS,True,Tampa Bay Mutiny,D.C. United,1,5,,,False,,False,,fbcsv-mls-1997-1997-09-26-Tampa Bay Mutiny-D.C. United,Regular
1997-09-26,1997,MLS,True,Sporting Kansas City,Colorado Rapids,5,2,,,False,,False,,fbcsv-mls-1997-1997-09-26-Sporting Kansas City-Colorado Rapids,Regular
1997-09-28,1997,MLS,True,Columbus Crew SC,Tampa Bay Mutiny,2,1,,,False,,False,,fbcsv-mls-1997-1997-09-28-Columbus Crew SC-Tampa Bay Mutiny,Regular
1997-09-28,1997,MLS,True,D.C. United,Red Bull New York,1,3,,,False,,False,,fbcsv-mls-1997-1997-09-28-D.C. United-Red Bull New York,Regular
1997-09-28,1997,MLS,True,LA Galaxy,Sporting Kansas City,2,0,,,False,,False,,fbcsv-mls-1997-1997-09-28-LA Galaxy-Sporting Kansas City,Regular
1997-09-28,1997,MLS,True,San Jose Earthquakes,Colorado Rapids,1,3,,,False,,False,,fbcsv-mls-1997-1997-09-28-San Jose Earthquakes-Colorado Rapids,Regular
1997-10-04,1997,MLS,True,Sporting Kansas City,Colorado Rapids,0,3,,,False,,False,,fbcsv-mls-1997-1997-10-04-Sporting Kansas City-Colorado Rapids,Playoff
1997-10-05,1997,MLS,True,D.C. United,New England Revolution,4,1,,,False,,False,,fbcsv-mls-1997-1997-10-05-D.C. United-New England Revolution,Playoff
1997-10-05,1997,MLS,True,Tampa Bay Mutiny,Columbus Crew SC,1,2,,,False,,False,,fbcsv-mls-1997-1997-10-05-Tampa Bay Mutiny-Columbus Crew SC,Playoff
1997-10-08,1997,MLS,True,Colorado Rapids,Sporting Kansas City,3,2,,,False,,False,,fbcsv-mls-1997-1997-10-08-Colorado Rapids-Sporting Kansas City,Playoff
1997-10-08,1997,MLS,True,FC Dallas,LA Galaxy,3,0,,,False,,False,,fbcsv-mls-1997-1997-10-08-FC Dallas-LA Galaxy,Playoff
1997-10-08,1997,MLS,True,Columbus Crew SC,Tampa Bay Mutiny,2,0,,,False,,False,,fbcsv-mls-1997-1997-10-08-Columbus Crew SC-Tampa Bay Mutiny,Playoff
1997-10-12,1997,MLS,True,D.C. United,Columbus Crew SC,3,2,,,False,,False,,fbcsv-mls-1997-1997-10-12-D.C. United-Columbus Crew SC,Playoff
1997-10-12,1997,MLS,True,FC Dallas,Colorado Rapids,0,1,,,False,,False,,fbcsv-mls-1997-1997-10-12-FC Dallas-Colorado Rapids,Playoff
1997-10-15,1997,MLS,True,Columbus Crew SC,D.C. United,0,1,,,False,,False,,fbcsv-mls-1997-1997-10-15-Columbus Crew SC-D.C. United,Playoff
1997-10-15,1997,MLS,True,Colorado Rapids,FC Dallas,2,1,,,False,,False,,fbcsv-mls-1997-1997-10-15-Colorado Rapids-FC Dallas,Playoff
1997-10-26,1997,MLS,True,D.C. United,Colorado Rapids,2,1,,,False,,False,,fbcsv-mls-1997-1997-10-26-D.C. United-Colorado Rapids,Playoff
1998-03-14,1998,MLS,True,Miami Fusion,D.C. United,0,2,,,False,,False,,fbcsv-mls-1998-1998-03-14-Miami Fusion-D.C. United,Regular
1998-03-20,1998,MLS,True,D.C. United,Sporting Kansas City,3,2,,,False,,False,,fbcsv-mls-1998-1998-03-20-D.C. United-Sporting Kansas City,Regular
1998-03-20,1998,MLS,True,FC Dallas,Colorado Rapids,2,1,,,False,,False,,fbcsv-mls-1998-1998-03-20-FC Dallas-Colorado Rapids,Regular
1998-03-20,1998,MLS,True,LA Galaxy,San Jose Earthquakes,4,3,,,False,,False,,fbcsv-mls-1998-1998-03-20-LA Galaxy-San Jose Earthquakes,Regular
1998-03-20,1998,MLS,True,Miami Fusion,Chicago Fire,0,2,,,False,,False,,fbcsv-mls-1998-1998-03-20-Miami Fusion-Chicago Fire,Regular
1998-03-20,1998,MLS,True,Tampa Bay Mutiny,Columbus Crew SC,1,2,,,False,,False,,fbcsv-mls-1998-1998-03-20-Tampa Bay Mutiny-Columbus Crew SC,Regular
1998-03-25,1998,MLS,True,Tampa Bay Mutiny,Miami Fusion,0,1,,,False,,False,,fbcsv-mls-1998-1998-03-25-Tampa Bay Mutiny-Miami Fusion,Regular
1998-03-27,1998,MLS,True,San Jose Earthquakes,Colorado Rapids,2,3,,,False,,False,,fbcsv-mls-1998-1998-03-27-San Jose Earthquakes-Colorado Rapids,Regular
1998-03-27,1998,MLS,True,LA Galaxy,Red Bull New York,3,2,,,False,,False,,fbcsv-mls-1998-1998-03-27-LA Galaxy-Red Bull New York,Regular
1998-03-28,1998,MLS,True,D.C. United,New England Revolution,2,1,,,False,,False,,fbcsv-mls-1998-1998-03-28-D.C. United-New England Revolution,Regular
1998-03-28,1998,MLS,True,FC Dallas,Columbus Crew SC,2,1,,,False,,False,,fbcsv-mls-1998-1998-03-28-FC Dallas-Columbus Crew SC,Regular
1998-04-03,1998,MLS,True,Chicago Fire,Tampa Bay Mutiny,2,0,,,False,,False,,fbcsv-mls-1998-1998-04-03-Chicago Fire-Tampa Bay Mutiny,Regular
1998-04-03,1998,MLS,True,Colorado Rapids,LA Galaxy,0,1,,,False,,False,,fbcsv-mls-1998-1998-04-03-Colorado Rapids-LA Galaxy,Regular
1998-04-03,1998,MLS,True,Columbus Crew SC,D.C. United,2,1,,,False,,False,,fbcsv-mls-1998-1998-04-03-Columbus Crew SC-D.C. United,Regular
1998-04-03,1998,MLS,True,Miami Fusion,New England Revolution,2,1,,,False,,False,,fbcsv-mls-1998-1998-04-03-Miami Fusion-New England Revolution,Regular
1998-04-03,1998,MLS,True,Sporting Kansas City,Red Bull New York,2,0,,,False,,False,,fbcsv-mls-1998-1998-04-03-Sporting Kansas City-Red Bull New York,Regular
1998-04-04,1998,MLS,True,San Jose Earthquakes,FC Dallas,2,3,,,False,,False,,fbcsv-mls-1998-1998-04-04-San Jose Earthquakes-FC Dallas,Regular
1998-04-07,1998,MLS,True,Sporting Kansas City,Chicago Fire,1,0,,,False,,False,,fbcsv-mls-1998-1998-04-07-Sporting Kansas City-Chicago Fire,Regular
1998-04-10,1998,MLS,True,Columbus Crew SC,New England Revolution,3,2,,,False,,False,,fbcsv-mls-1998-1998-04-10-Columbus Crew SC-New England Revolution,Regular
1998-04-10,1998,MLS,True,D.C. United,Colorado Rapids,4,3,,,False,,False,,fbcsv-mls-1998-1998-04-10-D.C. United-Colorado Rapids,Regular
1998-04-10,1998,MLS,True,San Jose Earthquakes,Chicago Fire,1,0,,,False,,False,,fbcsv-mls-1998-1998-04-10-San Jose Earthquakes-Chicago Fire,Regular
1998-04-10,1998,MLS,True,Miami Fusion,Sporting Kansas City,2,1,,,False,,False,,fbcsv-mls-1998-1998-04-10-Miami Fusion-Sporting Kansas City,Regular
1998-04-10,1998,MLS,True,Tampa Bay Mutiny,FC Dallas,3,1,,,False,,False,,fbcsv-mls-1998-1998-04-10-Tampa Bay Mutiny-FC Dallas,Regular
1998-04-10,1998,MLS,True,Red Bull New York,LA Galaxy,2,3,,,False,,False,,fbcsv-mls-1998-1998-04-10-Red Bull New York-LA Galaxy,Regular
1998-04-16,1998,MLS,True,Chicago Fire,Red Bull New York,0,1,,,False,,False,,fbcsv-mls-1998-1998-04-16-Chicago Fire-Red Bull New York,Regular
1998-04-17,1998,MLS,True,Columbus Crew SC,Miami Fusion,5,1,,,False,,False,,fbcsv-mls-1998-1998-04-17-Columbus Crew SC-Miami Fusion,Regular
1998-04-17,1998,MLS,True,FC Dallas,San Jose Earthquakes,1,2,,,False,,False,,fbcsv-mls-1998-1998-04-17-FC Dallas-San Jose Earthquakes,Regular
1998-04-17,1998,MLS,True,New England Revolution,D.C. United,2,1,,,False,,False,,fbcsv-mls-1998-1998-04-17-New England Revolution-D.C. United,Regular
1998-04-17,1998,MLS,True,Sporting Kansas City,LA Galaxy,1,2,,,False,,False,,fbcsv-mls-1998-1998-04-17-Sporting Kansas City-LA Galaxy,Regular
1998-04-18,1998,MLS,True,Colorado Rapids,Tampa Bay Mutiny,3,0,,,False,,False,,fbcsv-mls-1998-1998-04-18-Colorado Rapids-Tampa Bay Mutiny,Regular
1998-04-24,1998,MLS,True,Colorado Rapids,Chicago Fire,5,4,,,False,,False,,fbcsv-mls-1998-1998-04-24-Colorado Rapids-Chicago Fire,Regular
1998-04-24,1998,MLS,True,FC Dallas,Sporting Kansas City,3,1,,,False,,False,,fbcsv-mls-1998-1998-04-24-FC Dallas-Sporting Kansas City,Regular
1998-04-24,1998,MLS,True,LA Galaxy,Tampa Bay Mutiny,5,1,,,False,,False,,fbcsv-mls-1998-1998-04-24-LA Galaxy-Tampa Bay Mutiny,Regular
1998-04-24,1998,MLS,True,New England Revolution,Miami Fusion,3,0,,,False,,False,,fbcsv-mls-1998-1998-04-24-New England Revolution-Miami Fusion,Regular
1998-04-24,1998,MLS,True,Red Bull New York,San Jose Earthquakes,4,3,,,False,,False,,fbcsv-mls-1998-1998-04-24-Red Bull New York-San Jose Earthquakes,Regular
1998-04-25,1998,MLS,True,D.C. United,Columbus Crew SC,2,1,,,False,,False,,fbcsv-mls-1998-1998-04-25-D.C. United-Columbus Crew SC,Regular
1998-04-28,1998,MLS,True,D.C. United,San Jose Earthquakes,3,1,,,False,,False,,fbcsv-mls-1998-1998-04-28-D.C. United-San Jose Earthquakes,Regular
1998-04-28,1998,MLS,True,Sporting Kansas City,LA Galaxy,0,2,,,False,,False,,fbcsv-mls-1998-1998-04-28-Sporting Kansas City-LA Galaxy,Regular
1998-04-29,1998,MLS,True,Tampa Bay Mutiny,Columbus Crew SC,0,1,,,False,,False,,fbcsv-mls-1998-1998-04-29-Tampa Bay Mutiny-Columbus Crew SC,Regular
1998-05-01,1998,MLS,True,Chicago Fire,D.C. United,1,3,,,False,,False,,fbcsv-mls-1998-1998-05-01-Chicago Fire-D.C. United,Regular
1998-05-01,1998,MLS,True,Miami Fusion,Colorado Rapids,3,2,,,False,,False,,fbcsv-mls-1998-1998-05-01-Miami Fusion-Colorado Rapids,Regular
1998-05-02,1998,MLS,True,San Jose Earthquakes,New England Revolution,1,3,,,False,,False,,fbcsv-mls-1998-1998-05-02-San Jose Earthquakes-New England Revolution,Regular
1998-05-02,1998,MLS,True,Tampa Bay Mutiny,Red Bull New York,0,1,,,False,,False,,fbcsv-mls-1998-1998-05-02-Tampa Bay Mutiny-Red Bull New York,Regular
1998-05-05,1998,MLS,True,LA Galaxy,Colorado Rapids,7,4,,,False,,False,,fbcsv-mls-1998-1998-05-05-LA Galaxy-Colorado Rapids,Regular
1998-05-05,1998,MLS,True,Red Bull New York,FC Dallas,0,1,,,False,,False,,fbcsv-mls-1998-1998-05-05-Red Bull New York-FC Dallas,Regular
1998-05-08,1998,MLS,True,Colorado Rapids,San Jose Earthquakes,2,3,,,False,,False,,fbcsv-mls-1998-1998-05-08-Colorado Rapids-San Jose Earthquakes,Regular
1998-05-08,1998,MLS,True,D.C. United,Red Bull New York,2,0,,,False,,False,,fbcsv-mls-1998-1998-05-08-D.C. United-Red Bull New York,Regular
1998-05-08,1998,MLS,True,Miami Fusion,Columbus Crew SC,2,0,,,False,,False,,fbcsv-mls-1998-1998-05-08-Miami Fusion-Columbus Crew SC,Regular
1998-05-09,1998,MLS,True,New England Revolution,Tampa Bay Mutiny,4,3,,,False,,False,,fbcsv-mls-1998-1998-05-09-New England Revolution-Tampa Bay Mutiny,Regular
1998-05-12,1998,MLS,True,D.C. United,New England Revolution,3,2,,,False,,False,,fbcsv-mls-1998-1998-05-12-D.C. United-New England Revolution,Regular
1998-05-12,1998,MLS,True,Tampa Bay Mutiny,Sporting Kansas City,2,1,,,False,,False,,fbcsv-mls-1998-1998-05-12-Tampa Bay Mutiny-Sporting Kansas City,Regular
1998-05-15,1998,MLS,True,FC Dallas,Colorado Rapids,2,1,,,False,,False,,fbcsv-mls-1998-1998-05-15-FC Dallas-Colorado Rapids,Regular
1998-05-15,1998,MLS,True,San Jose Earthquakes,Miami Fusion,2,0,,,False,,False,,fbcsv-mls-1998-1998-05-15-San Jose Earthquakes-Miami Fusion,Regular
1998-05-15,1998,MLS,True,Tampa Bay Mutiny,Chicago Fire,1,2,,,False,,False,,fbcsv-mls-1998-1998-05-15-Tampa Bay Mutiny-Chicago Fire,Regular
1998-05-15,1998,MLS,True,New England Revolution,Sporting Kansas City,1,3,,,False,,False,,fbcsv-mls-1998-1998-05-15-New England Revolution-Sporting Kansas City,Regular
1998-05-15,1998,MLS,True,Red Bull New York,D.C. United,4,3,,,False,,False,,fbcsv-mls-1998-1998-05-15-Red Bull New York-D.C. United,Regular
1998-05-16,1998,MLS,True,Columbus Crew SC,LA Galaxy,2,4,,,False,,False,,fbcsv-mls-1998-1998-05-16-Columbus Crew SC-LA Galaxy,Regular
1998-05-19,1998,MLS,True,Chicago Fire,LA Galaxy,3,1,,,False,,False,,fbcsv-mls-1998-1998-05-19-Chicago Fire-LA Galaxy,Regular
1998-05-19,1998,MLS,True,FC Dallas,Sporting Kansas City,1,2,,,False,,False,,fbcsv-mls-1998-1998-05-19-FC Dallas-Sporting Kansas City,Regular
1998-05-21,1998,MLS,True,New England Revolution,Columbus Crew SC,0,2,,,False,,False,,fbcsv-mls-1998-1998-05-21-New England Revolution-Columbus Crew SC,Regular
1998-05-22,1998,MLS,True,Chicago Fire,Colorado Rapids,5,0,,,False,,False,,fbcsv-mls-1998-1998-05-22-Chicago Fire-Colorado Rapids,Regular
1998-05-22,1998,MLS,True,D.C. United,Tampa Bay Mutiny,3,2,,,False,,False,,fbcsv-mls-1998-1998-05-22-D.C. United-Tampa Bay Mutiny,Regular
1998-05-22,1998,MLS,True,LA Galaxy,FC Dallas,4,1,,,False,,False,,fbcsv-mls-1998-1998-05-22-LA Galaxy-FC Dallas,Regular
1998-05-22,1998,MLS,True,Red Bull New York,Miami Fusion,4,2,,,False,,False,,fbcsv-mls-1998-1998-05-22-Red Bull New York-Miami Fusion,Regular
1998-05-22,1998,MLS,True,Sporting Kansas City,San Jose Earthquakes,0,1,,,False,,False,,fbcsv-mls-1998-1998-05-22-Sporting Kansas City-San Jose Earthquakes,Regular
1998-05-26,1998,MLS,True,Sporting Kansas City,Columbus Crew SC,2,1,,,False,,False,,fbcsv-mls-1998-1998-05-26-Sporting Kansas City-Columbus Crew SC,Regular
1998-05-27,1998,MLS,True,Colorado Rapids,Miami Fusion,3,0,,,False,,False,,fbcsv-mls-1998-1998-05-27-Colorado Rapids-Miami Fusion,Regular
1998-05-29,1998,MLS,True,Columbus Crew SC,San Jose Earthquakes,4,1,,,False,,False,,fbcsv-mls-1998-1998-05-29-Columbus Crew SC-San Jose Earthquakes,Regular
1998-05-29,1998,MLS,True,LA Galaxy,Chicago Fire,1,2,,,False,,False,,fbcsv-mls-1998-1998-05-29-LA Galaxy-Chicago Fire,Regular
1998-05-29,1998,MLS,True,Tampa Bay Mutiny,D.C. United,1,2,,,False,,False,,fbcsv-mls-1998-1998-05-29-Tampa Bay Mutiny-D.C. United,Regular
1998-05-30,1998,MLS,True,Colorado Rapids,Sporting Kansas City,2,1,,,False,,False,,fbcsv-mls-1998-1998-05-30-Colorado Rapids-Sporting Kansas City,Regular
1998-05-30,1998,MLS,True,FC Dallas,Miami Fusion,2,0,,,False,,False,,fbcsv-mls-1998-1998-05-30-FC Dallas-Miami Fusion,Regular
1998-05-30,1998,MLS,True,New England Revolution,Red Bull New York,1,2,,,False,,False,,fbcsv-mls-1998-1998-05-30-New England Revolution-Red Bull New York,Regular
1998-06-02,1998,MLS,True,San Jose Earthquakes,D.C. United,0,4,,,False,,False,,fbcsv-mls-1998-1998-06-02-San Jose Earthquakes-D.C. United,Regular
1998-06-02,1998,MLS,True,Red Bull New York,Tampa Bay Mutiny,1,2,,,False,,False,,fbcsv-mls-1998-1998-06-02-Red Bull New York-Tampa Bay Mutiny,Regular
1998-06-03,1998,MLS,True,FC Dallas,LA Galaxy,1,8,,,False,,False,,fbcsv-mls-1998-1998-06-03-FC Dallas-LA Galaxy,Regular
1998-06-05,1998,MLS,True,Chicago Fire,Columbus Crew SC,2,0,,,False,,False,,fbcsv-mls-1998-1998-06-05-Chicago Fire-Columbus Crew SC,Regular
1998-06-05,1998,MLS,True,Colorado Rapids,San Jose Earthquakes,2,0,,,False,,False,,fbcsv-mls-1998-1998-06-05-Colorado Rapids-San Jose Earthquakes,Regular
1998-06-05,1998,MLS,True,Sporting Kansas City,Tampa Bay Mutiny,1,0,,,False,,False,,fbcsv-mls-1998-1998-06-05-Sporting Kansas City-Tampa Bay Mutiny,Regular
1998-06-06,1998,MLS,True,D.C. United,FC Dallas,4,5,,,False,,False,,fbcsv-mls-1998-1998-06-06-D.C. United-FC Dallas,Regular
1998-06-06,1998,MLS,True,LA Galaxy,New England Revolution,5,1,,,False,,False,,fbcsv-mls-1998-1998-06-06-LA Galaxy-New England Revolution,Regular
1998-06-06,1998,MLS,True,Miami Fusion,Red Bull New York,1,2,,,False,,False,,fbcsv-mls-1998-1998-06-06-Miami Fusion-Red Bull New York,Regular
1998-06-10,1998,MLS,True,Chicago Fire,San Jose Earthquakes,5,2,,,False,,False,,fbcsv-mls-1998-1998-06-10-Chicago Fire-San Jose Earthquakes,Regular
1998-06-12,1998,MLS,True,Columbus Crew SC,D.C. United,3,4,,,False,,False,,fbcsv-mls-1998-1998-06-12-Columbus Crew SC-D.C. United,Regular
1998-06-12,1998,MLS,True,Red Bull New York,Miami Fusion,3,1,,,False,,False,,fbcsv-mls-1998-1998-06-12-Red Bull New York-Miami Fusion,Regular
1998-06-13,1998,MLS,True,New England Revolution,Chicago Fire,1,3,,,False,,False,,fbcsv-mls-1998-1998-06-13-New England Revolution-Chicago Fire,Regular
1998-06-16,1998,MLS,True,Chicago Fire,FC Dallas,1,0,,,False,,False,,fbcsv-mls-1998-1998-06-16-Chicago Fire-FC Dallas,Regular
1998-06-17,1998,MLS,True,LA Galaxy,Colorado Rapids,2,1,,,False,,False,,fbcsv-mls-1998-1998-06-17-LA Galaxy-Colorado Rapids,Regular
1998-06-19,1998,MLS,True,Columbus Crew SC,Red Bull New York,2,1,,,False,,False,,fbcsv-mls-1998-1998-06-19-Columbus Crew SC-Red Bull New York,Regular
1998-06-20,1998,MLS,True,FC Dallas,Tampa Bay Mutiny,0,1,,,False,,False,,fbcsv-mls-1998-1998-06-20-FC Dallas-Tampa Bay Mutiny,Regular
1998-06-23,1998,MLS,True,Chicago Fire,Sporting Kansas City,4,1,,,False,,False,,fbcsv-mls-1998-1998-06-23-Chicago Fire-Sporting Kansas City,Regular
1998-06-23,1998,MLS,True,Red Bull New York,New England Revolution,5,3,,,False,,False,,fbcsv-mls-1998-1998-06-23-Red Bull New York-New England Revolution,Regular
1998-06-24,1998,MLS,True,Colorado Rapids,D.C. United,3,1,,,False,,False,,fbcsv-mls-1998-1998-06-24-Colorado Rapids-D.C. United,Regular
1998-06-26,1998,MLS,True,San Jose Earthquakes,LA Galaxy,1,2,,,False,,False,,fbcsv-mls-1998-1998-06-26-San Jose Earthquakes-LA Galaxy,Regular
1998-06-26,1998,MLS,True,Miami Fusion,Tampa Bay Mutiny,2,1,,,False,,False,,fbcsv-mls-1998-1998-06-26-Miami Fusion-Tampa Bay Mutiny,Regular
1998-06-26,1998,MLS,True,New England Revolution,FC Dallas,3,4,,,False,,False,,fbcsv-mls-1998-1998-06-26-New England Revolution-FC Dallas,Regular
1998-06-30,1998,MLS,True,Chicago Fire,FC Dallas,4,1,,,False,,False,,fbcsv-mls-1998-1998-06-30-Chicago Fire-FC Dallas,Regular
1998-06-30,1998,MLS,True,Sporting Kansas City,New England Revolution,1,0,,,False,,False,,fbcsv-mls-1998-1998-06-30-Sporting Kansas City-New England Revolution,Regular
1998-07-01,1998,MLS,True,D.C. United,Miami Fusion,3,1,,,False,,False,,fbcsv-mls-1998-1998-07-01-D.C. United-Miami Fusion,Regular
1998-07-02,1998,MLS,True,San Jose Earthquakes,Columbus Crew SC,2,1,,,False,,False,,fbcsv-mls-1998-1998-07-02-San Jose Earthquakes-Columbus Crew SC,Regular
1998-07-03,1998,MLS,True,Colorado Rapids,Red Bull New York,1,0,,,False,,False,,fbcsv-mls-1998-1998-07-03-Colorado Rapids-Red Bull New York,Regular
1998-07-03,1998,MLS,True,FC Dallas,Chicago Fire,0,1,,,False,,False,,fbcsv-mls-1998-1998-07-03-FC Dallas-Chicago Fire,Regular
1998-07-03,1998,MLS,True,LA Galaxy,Sporting Kansas City,2,0,,,False,,False,,fbcsv-mls-1998-1998-07-03-LA Galaxy-Sporting Kansas City,Regular
1998-07-03,1998,MLS,True,Tampa Bay Mutiny,New England Revolution,2,3,,,False,,False,,fbcsv-mls-1998-1998-07-03-Tampa Bay Mutiny-New England Revolution,Regular
1998-07-08,1998,MLS,True,Columbus Crew SC,Chicago Fire,3,0,,,False,,False,,fbcsv-mls-1998-1998-07-08-Columbus Crew SC-Chicago Fire,Regular
1998-07-10,1998,MLS,True,Colorado Rapids,New England Revolution,2,1,,,False,,False,,fbcsv-mls-1998-1998-07-10-Colorado Rapids-New England Revolution,Regular
1998-07-10,1998,MLS,True,D.C. United,LA Galaxy,3,0,,,False,,False,,fbcsv-mls-1998-1998-07-10-D.C. United-LA Galaxy,Regular
1998-07-10,1998,MLS,True,Red Bull New York,Tampa Bay Mutiny,1,2,,,False,,False,,fbcsv-mls-1998-1998-07-10-Red Bull New York-Tampa Bay Mutiny,Regular
1998-07-10,1998,MLS,True,Sporting Kansas City,FC Dallas,2,0,,,False,,False,,fbcsv-mls-1998-1998-07-10-Sporting Kansas City-FC Dallas,Regular
1998-07-14,1998,MLS,True,Miami Fusion,San Jose Earthquakes,3,2,,,False,,False,,fbcsv-mls-1998-1998-07-14-Miami Fusion-San Jose Earthquakes,Regular
1998-07-14,1998,MLS,True,Tampa Bay Mutiny,LA Galaxy,1,3,,,False,,False,,fbcsv-mls-1998-1998-07-14-Tampa Bay Mutiny-LA Galaxy,Regular
1998-07-14,1998,MLS,True,New England Revolution,D.C. United,0,1,,,False,,False,,fbcsv-mls-1998-1998-07-14-New England Revolution-D.C. United,Regular
1998-07-17,1998,MLS,True,D.C. United,Chicago Fire,4,1,,,False,,False,,fbcsv-mls-1998-1998-07-17-D.C. United-Chicago Fire,Regular
1998-07-17,1998,MLS,True,FC Dallas,New England Revolution,1,3,,,False,,False,,fbcsv-mls-1998-1998-07-17-FC Dallas-New England Revolution,Regular
1998-07-17,1998,MLS,True,San Jose Earthquakes,Tampa Bay Mutiny,0,1,,,False,,False,,fbcsv-mls-1998-1998-07-17-San Jose Earthquakes-Tampa Bay Mutiny,Regular
1998-07-17,1998,MLS,True,LA Galaxy,Miami Fusion,2,3,,,False,,False,,fbcsv-mls-1998-1998-07-17-LA Galaxy-Miami Fusion,Regular
1998-07-18,1998,MLS,True,Red Bull New York,Columbus Crew SC,3,0,,,False,,False,,fbcsv-mls-1998-1998-07-18-Red Bull New York-Columbus Crew SC,Regular
1998-07-18,1998,MLS,True,Sporting Kansas City,Colorado Rapids,4,1,,,False,,False,,fbcsv-mls-1998-1998-07-18-Sporting Kansas City-Colorado Rapids,Regular
1998-07-24,1998,MLS,True,Columbus Crew SC,FC Dallas,1,2,,,False,,False,,fbcsv-mls-1998-1998-07-24-Columbus Crew SC-FC Dallas,Regular
1998-07-24,1998,MLS,True,San Jose Earthquakes,Sporting Kansas City,2,1,,,False,,False,,fbcsv-mls-1998-1998-07-24-San Jose Earthquakes-Sporting Kansas City,Regular
1998-07-24,1998,MLS,True,LA Galaxy,D.C. United,0,1,,,False,,False,,fbcsv-mls-1998-1998-07-24-LA Galaxy-D.C. United,Regular
1998-07-24,1998,MLS,True,Tampa Bay Mutiny,Colorado Rapids,2,3,,,False,,False,,fbcsv-mls-1998-1998-07-24-Tampa Bay Mutiny-Colorado Rapids,Regular
1998-07-24,1998,MLS,True,Red Bull New York,Chicago Fire,3,2,,,False,,False,,fbcsv-mls-1998-1998-07-24-Red Bull New York-Chicago Fire,Regular
1998-07-25,1998,MLS,True,New England Revolution,Miami Fusion,1,2,,,False,,False,,fbcsv-mls-1998-1998-07-25-New England Revolution-Miami Fusion,Regular
1998-07-28,1998,MLS,True,D.C. United,Tampa Bay Mutiny,3,2,,,False,,False,,fbcsv-mls-1998-1998-07-28-D.C. United-Tampa Bay Mutiny,Regular
1998-07-28,1998,MLS,True,FC Dallas,LA Galaxy,3,0,,,False,,False,,fbcsv-mls-1998-1998-07-28-FC Dallas-LA Galaxy,Regular
1998-07-28,1998,MLS,True,San Jose Earthquakes,Chicago Fire,3,0,,,False,,False,,fbcsv-mls-1998-1998-07-28-San Jose Earthquakes-Chicago Fire,Regular
1998-07-28,1998,MLS,True,Miami Fusion,Columbus Crew SC,3,2,,,False,,False,,fbcsv-mls-1998-1998-07-28-Miami Fusion-Columbus Crew SC,Regular
1998-07-28,1998,MLS,True,New England Revolution,Colorado Rapids,1,3,,,False,,False,,fbcsv-mls-1998-1998-07-28-New England Revolution-Colorado Rapids,Regular
1998-07-28,1998,MLS,True,Red Bull New York,Sporting Kansas City,3,2,,,False,,False,,fbcsv-mls-1998-1998-07-28-Red Bull New York-Sporting Kansas City,Regular
1998-08-04,1998,MLS,True,Colorado Rapids,LA Galaxy,1,6,,,False,,False,,fbcsv-mls-1998-1998-08-04-Colorado Rapids-LA Galaxy,Regular
1998-08-04,1998,MLS,True,New England Revolution,San Jose Earthquakes,3,0,,,False,,False,,fbcsv-mls-1998-1998-08-04-New England Revolution-San Jose Earthquakes,Regular
1998-08-05,1998,MLS,True,Tampa Bay Mutiny,Miami Fusion,3,1,,,False,,False,,fbcsv-mls-1998-1998-08-05-Tampa Bay Mutiny-Miami Fusion,Regular
1998-08-06,1998,MLS,True,FC Dallas,D.C. United,0,1,,,False,,False,,fbcsv-mls-1998-1998-08-06-FC Dallas-D.C. United,Regular
1998-08-07,1998,MLS,True,Chicago Fire,LA Galaxy,1,2,,,False,,False,,fbcsv-mls-1998-1998-08-07-Chicago Fire-LA Galaxy,Regular
1998-08-07,1998,MLS,True,Columbus Crew SC,New England Revolution,6,1,,,False,,False,,fbcsv-mls-1998-1998-08-07-Columbus Crew SC-New England Revolution,Regular
1998-08-07,1998,MLS,True,Sporting Kansas City,Colorado Rapids,3,1,,,False,,False,,fbcsv-mls-1998-1998-08-07-Sporting Kansas City-Colorado Rapids,Regular
1998-08-08,1998,MLS,True,San Jose Earthquakes,Red Bull New York,5,1,,,False,,False,,fbcsv-mls-1998-1998-08-08-San Jose Earthquakes-Red Bull New York,Regular
1998-08-11,1998,MLS,True,Red Bull New York,Columbus Crew SC,3,1,,,False,,False,,fbcsv-mls-1998-1998-08-11-Red Bull New York-Columbus Crew SC,Regular
1998-08-12,1998,MLS,True,LA Galaxy,Sporting Kansas City,3,0,,,False,,False,,fbcsv-mls-1998-1998-08-12-LA Galaxy-Sporting Kansas City,Regular
1998-08-13,1998,MLS,True,Tampa Bay Mutiny,New England Revolution,1,2,,,False,,False,,fbcsv-mls-1998-1998-08-13-Tampa Bay Mutiny-New England Revolution,Regular
1998-08-14,1998,MLS,True,Chicago Fire,San Jose Earthquakes,2,1,,,False,,False,,fbcsv-mls-1998-1998-08-14-Chicago Fire-San Jose Earthquakes,Regular
1998-08-14,1998,MLS,True,Colorado Rapids,FC Dallas,0,1,,,False,,False,,fbcsv-mls-1998-1998-08-14-Colorado Rapids-FC Dallas,Regular
1998-08-14,1998,MLS,True,Miami Fusion,Red Bull New York,3,1,,,False,,False,,fbcsv-mls-1998-1998-08-14-Miami Fusion-Red Bull New York,Regular
1998-08-15,1998,MLS,True,Columbus Crew SC,Sporting Kansas City,5,3,,,False,,False,,fbcsv-mls-1998-1998-08-15-Columbus Crew SC-Sporting Kansas City,Regular
1998-08-17,1998,MLS,True,Red Bull New York,Colorado Rapids,4,1,,,False,,False,,fbcsv-mls-1998-1998-08-17-Red Bull New York-Colorado Rapids,Regular
1998-08-18,1998,MLS,True,Miami Fusion,FC Dallas,2,1,,,False,,False,,fbcsv-mls-1998-1998-08-18-Miami Fusion-FC Dallas,Regular
1998-08-20,1998,MLS,True,Colorado Rapids,Chicago Fire,0,2,,,False,,False,,fbcsv-mls-1998-1998-08-20-Colorado Rapids-Chicago Fire,Regular
1998-08-21,1998,MLS,True,Columbus Crew SC,Tampa Bay Mutiny,3,1,,,False,,False,,fbcsv-mls-1998-1998-08-21-Columbus Crew SC-Tampa Bay Mutiny,Regular
1998-08-21,1998,MLS,True,D.C. United,Red Bull New York,2,1,,,False,,False,,fbcsv-mls-1998-1998-08-21-D.C. United-Red Bull New York,Regular
1998-08-21,1998,MLS,True,San Jose Earthquakes,FC Dallas,2,1,,,False,,False,,fbcsv-mls-1998-1998-08-21-San Jose Earthquakes-FC Dallas,Regular
1998-08-21,1998,MLS,True,New England Revolution,LA Galaxy,1,5,,,False,,False,,fbcsv-mls-1998-1998-08-21-New England Revolution-LA Galaxy,Regular
1998-08-22,1998,MLS,True,Sporting Kansas City,Miami Fusion,2,0,,,False,,False,,fbcsv-mls-1998-1998-08-22-Sporting Kansas City-Miami Fusion,Regular
1998-08-25,1998,MLS,True,Sporting Kansas City,D.C. United,1,2,,,False,,False,,fbcsv-mls-1998-1998-08-25-Sporting Kansas City-D.C. United,Regular
1998-08-28,1998,MLS,True,FC Dallas,Red Bull New York,2,0,,,False,,False,,fbcsv-mls-1998-1998-08-28-FC Dallas-Red Bull New York,Regular
1998-08-28,1998,MLS,True,San Jose Earthquakes,Colorado Rapids,1,3,,,False,,False,,fbcsv-mls-1998-1998-08-28-San Jose Earthquakes-Colorado Rapids,Regular
1998-08-28,1998,MLS,True,LA Galaxy,Columbus Crew SC,0,3,,,False,,False,,fbcsv-mls-1998-1998-08-28-LA Galaxy-Columbus Crew SC,Regular
1998-08-28,1998,MLS,True,Tampa Bay Mutiny,D.C. United,3,2,,,False,,False,,fbcsv-mls-1998-1998-08-28-Tampa Bay Mutiny-D.C. United,Regular
1998-08-28,1998,MLS,True,Sporting Kansas City,Chicago Fire,2,3,,,False,,False,,fbcsv-mls-1998-1998-08-28-Sporting Kansas City-Chicago Fire,Regular
1998-08-29,1998,MLS,True,Miami Fusion,New England Revolution,3,2,,,False,,False,,fbcsv-mls-1998-1998-08-29-Miami Fusion-New England Revolution,Regular
1998-09-01,1998,MLS,True,Chicago Fire,Miami Fusion,3,2,,,False,,False,,fbcsv-mls-1998-1998-09-01-Chicago Fire-Miami Fusion,Regular
1998-09-01,1998,MLS,True,Colorado Rapids,Sporting Kansas City,3,2,,,False,,False,,fbcsv-mls-1998-1998-09-01-Colorado Rapids-Sporting Kansas City,Regular
1998-09-01,1998,MLS,True,LA Galaxy,FC Dallas,3,0,,,False,,False,,fbcsv-mls-1998-1998-09-01-LA Galaxy-FC Dallas,Regular
1998-09-01,1998,MLS,True,Red Bull New York,New England Revolution,0,2,,,False,,False,,fbcsv-mls-1998-1998-09-01-Red Bull New York-New England Revolution,Regular
1998-09-02,1998,MLS,True,Tampa Bay Mutiny,San Jose Earthquakes,2,1,,,False,,False,,fbcsv-mls-1998-1998-09-02-Tampa Bay Mutiny-San Jose Earthquakes,Regular
1998-09-04,1998,MLS,True,Miami Fusion,LA Galaxy,3,5,,,False,,False,,fbcsv-mls-1998-1998-09-04-Miami Fusion-LA Galaxy,Regular
1998-09-04,1998,MLS,True,Sporting Kansas City,San Jose Earthquakes,5,1,,,False,,False,,fbcsv-mls-1998-1998-09-04-Sporting Kansas City-San Jose Earthquakes,Regular
1998-09-05,1998,MLS,True,Columbus Crew SC,Red Bull New York,4,3,,,False,,False,,fbcsv-mls-1998-1998-09-05-Columbus Crew SC-Red Bull New York,Regular
1998-09-08,1998,MLS,True,Columbus Crew SC,Miami Fusion,1,0,,,False,,False,,fbcsv-mls-1998-1998-09-08-Columbus Crew SC-Miami Fusion,Regular
1998-09-09,1998,MLS,True,FC Dallas,Chicago Fire,3,2,,,False,,False,,fbcsv-mls-1998-1998-09-09-FC Dallas-Chicago Fire,Regular
1998-09-11,1998,MLS,True,New England Revolution,Columbus Crew SC,2,0,,,False,,False,,fbcsv-mls-1998-1998-09-11-New England Revolution-Columbus Crew SC,Regular
1998-09-12,1998,MLS,True,Chicago Fire,Colorado Rapids,3,1,,,False,,False,,fbcsv-mls-1998-1998-09-12-Chicago Fire-Colorado Rapids,Regular
1998-09-12,1998,MLS,True,FC Dallas,San Jose Earthquakes,1,3,,,False,,False,,fbcsv-mls-1998-1998-09-12-FC Dallas-San Jose Earthquakes,Regular
1998-09-12,1998,MLS,True,Miami Fusion,D.C. United,4,3,,,False,,False,,fbcsv-mls-1998-1998-09-12-Miami Fusion-D.C. United,Regular
1998-09-12,1998,MLS,True,Tampa Bay Mutiny,Red Bull New York,2,1,,,False,,False,,fbcsv-mls-1998-1998-09-12-Tampa Bay Mutiny-Red Bull New York,Regular
1998-09-15,1998,MLS,True,Columbus Crew SC,Colorado Rapids,2,4,,,False,,False,,fbcsv-mls-1998-1998-09-15-Columbus Crew SC-Colorado Rapids,Regular
1998-09-15,1998,MLS,True,San Jose Earthquakes,LA Galaxy,0,1,,,False,,False,,fbcsv-mls-1998-1998-09-15-San Jose Earthquakes-LA Galaxy,Regular
1998-09-15,1998,MLS,True,Red Bull New York,D.C. United,0,5,,,False,,False,,fbcsv-mls-1998-1998-09-15-Red Bull New York-D.C. United,Regular
1998-09-16,1998,MLS,True,Chicago Fire,Sporting Kansas City,1,0,,,False,,False,,fbcsv-mls-1998-1998-09-16-Chicago Fire-Sporting Kansas City,Regular
1998-09-18,1998,MLS,True,Colorado Rapids,Columbus Crew SC,2,1,,,False,,False,,fbcsv-mls-1998-1998-09-18-Colorado Rapids-Columbus Crew SC,Regular
1998-09-18,1998,MLS,True,D.C. United,Miami Fusion,1,3,,,False,,False,,fbcsv-mls-1998-1998-09-18-D.C. United-Miami Fusion,Regular
1998-09-18,1998,MLS,True,New England Revolution,Tampa Bay Mutiny,3,0,,,False,,False,,fbcsv-mls-1998-1998-09-18-New England Revolution-Tampa Bay Mutiny,Regular
1998-09-18,1998,MLS,True,Sporting Kansas City,FC Dallas,0,1,,,False,,False,,fbcsv-mls-1998-1998-09-18-Sporting Kansas City-FC Dallas,Regular
1998-09-19,1998,MLS,True,LA Galaxy,San Jose Earthquakes,0,1,,,False,,False,,fbcsv-mls-1998-1998-09-19-LA Galaxy-San Jose Earthquakes,Regular
1998-09-22,1998,MLS,True,Chicago Fire,New England Revolution,3,2,,,False,,False,,fbcsv-mls-1998-1998-09-22-Chicago Fire-New England Revolution,Regular
1998-09-23,1998,MLS,True,Columbus Crew SC,Tampa Bay Mutiny,3,4,,,False,,False,,fbcsv-mls-1998-1998-09-23-Columbus Crew SC-Tampa Bay Mutiny,Regular
1998-09-25,1998,MLS,True,Colorado Rapids,FC Dallas,3,1,,,False,,False,,fbcsv-mls-1998-1998-09-25-Colorado Rapids-FC Dallas,Regular
1998-09-25,1998,MLS,True,New England Revolution,Red Bull New York,0,1,,,False,,False,,fbcsv-mls-1998-1998-09-25-New England Revolution-Red Bull New York,Regular
1998-09-26,1998,MLS,True,D.C. United,Columbus Crew SC,3,2,,,False,,False,,fbcsv-mls-1998-1998-09-26-D.C. United-Columbus Crew SC,Regular
1998-09-26,1998,MLS,True,San Jose Earthquakes,Sporting Kansas City,2,0,,,False,,False,,fbcsv-mls-1998-1998-09-26-San Jose Earthquakes-Sporting Kansas City,Regular
1998-09-26,1998,MLS,True,LA Galaxy,Chicago Fire,1,0,,,False,,False,,fbcsv-mls-1998-1998-09-26-LA Galaxy-Chicago Fire,Regular
1998-09-26,1998,MLS,True,Miami Fusion,Tampa Bay Mutiny,1,3,,,False,,False,,fbcsv-mls-1998-1998-09-26-Miami Fusion-Tampa Bay Mutiny,Regular
1998-09-29,1998,MLS,True,Columbus Crew SC,Red Bull New York,5,3,,,False,,False,,fbcsv-mls-1998-1998-09-29-Columbus Crew SC-Red Bull New York,Playoff
1998-09-29,1998,MLS,True,D.C. United,Miami Fusion,2,1,,,False,,False,,fbcsv-mls-1998-1998-09-29-D.C. United-Miami Fusion,Playoff
1998-09-30,1998,MLS,True,Chicago Fire,Colorado Rapids,2,1,,,False,,False,,fbcsv-mls-1998-1998-09-30-Chicago Fire-Colorado Rapids,Playoff
1998-09-30,1998,MLS,True,LA Galaxy,FC Dallas,6,1,,,False,,False,,fbcsv-mls-1998-1998-09-30-LA Galaxy-FC Dallas,Playoff
1998-10-03,1998,MLS,True,FC Dallas,LA Galaxy,2,3,,,False,,False,,fbcsv-mls-1998-1998-10-03-FC Dallas-LA Galaxy,Playoff
1998-10-04,1998,MLS,True,Colorado Rapids,Chicago Fire,0,1,,,False,,False,,fbcsv-mls-1998-1998-10-04-Colorado Rapids-Chicago Fire,Playoff
1998-10-09,1998,MLS,True,LA Galaxy,Chicago Fire,0,1,,,False,,False,,fbcsv-mls-1998-1998-10-09-LA Galaxy-Chicago Fire,Playoff
1998-10-10,1998,MLS,True,D.C. United,Columbus Crew SC,2,0,,,False,,False,,fbcsv-mls-1998-1998-10-10-D.C. United-Columbus Crew SC,Playoff
1998-10-17,1998,MLS,True,Columbus Crew SC,D.C. United,4,2,,,False,,False,,fbcsv-mls-1998-1998-10-17-Columbus Crew SC-D.C. United,Playoff
1998-10-20,1998,MLS,True,D.C. United,Columbus Crew SC,3,0,,,False,,False,,fbcsv-mls-1998-1998-10-20-D.C. United-Columbus Crew SC,Playoff
1998-10-24,1998,MLS,True,Chicago Fire,D.C. United,2,0,,,False,,False,,fbcsv-mls-1998-1998-10-24-Chicago Fire-D.C. United,Playoff
1999-03-19,1999,MLS,True,FC Dallas,Sporting Kansas City,4,0,,,False,,False,,fbcsv-mls-1999-1999-03-19-FC Dallas-Sporting Kansas City,Regular
1999-03-19,1999,MLS,True,San Jose Earthquakes,Chicago Fire,1,3,,,False,,False,,fbcsv-mls-1999-1999-03-19-San Jose Earthquakes-Chicago Fire,Regular
1999-03-19,1999,MLS,True,LA Galaxy,Colorado Rapids,2,1,,,False,,False,,fbcsv-mls-1999-1999-03-19-LA Galaxy-Colorado Rapids,Regular
1999-03-19,1999,MLS,True,Miami Fusion,Red Bull New York,2,3,,,False,,False,,fbcsv-mls-1999-1999-03-19-Miami Fusion-Red Bull New York,Regular
1999-03-19,1999,MLS,True,Tampa Bay Mutiny,D.C. United,2,5,,,False,,False,,fbcsv-mls-1999-1999-03-19-Tampa Bay Mutiny-D.C. United,Regular
1999-03-26,1999,MLS,True,San Jose Earthquakes,Colorado Rapids,3,2,,,False,,False,,fbcsv-mls-1999-1999-03-26-San Jose Earthquakes-Colorado Rapids,Regular
1999-03-26,1999,MLS,True,Sporting Kansas City,Chicago Fire,0,3,,,False,,False,,fbcsv-mls-1999-1999-03-26-Sporting Kansas City-Chicago Fire,Regular
1999-03-27,1999,MLS,True,LA Galaxy,FC Dallas,1,0,,,False,,False,,fbcsv-mls-1999-1999-03-27-LA Galaxy-FC Dallas,Regular
1999-03-27,1999,MLS,True,Miami Fusion,New England Revolution,2,1,,,False,,False,,fbcsv-mls-1999-1999-03-27-Miami Fusion-New England Revolution,Regular
1999-03-27,1999,MLS,True,Red Bull New York,Columbus Crew SC,1,0,,,False,,False,,fbcsv-mls-1999-1999-03-27-Red Bull New York-Columbus Crew SC,Regular
1999-04-02,1999,MLS,True,San Jose Earthquakes,LA Galaxy,2,1,,,False,,False,,fbcsv-mls-1999-1999-04-02-San Jose Earthquakes-LA Galaxy,Regular
1999-04-02,1999,MLS,True,Miami Fusion,Chicago Fire,1,4,,,False,,False,,fbcsv-mls-1999-1999-04-02-Miami Fusion-Chicago Fire,Regular
1999-04-02,1999,MLS,True,Tampa Bay Mutiny,Columbus Crew SC,2,3,,,False,,False,,fbcsv-mls-1999-1999-04-02-Tampa Bay Mutiny-Columbus Crew SC,Regular
1999-04-02,1999,MLS,True,Red Bull New York,D.C. United,0,1,,,False,,False,,fbcsv-mls-1999-1999-04-02-Red Bull New York-D.C. United,Regular
1999-04-02,1999,MLS,True,Sporting Kansas City,New England Revolution,0,1,,,False,,False,,fbcsv-mls-1999-1999-04-02-Sporting Kansas City-New England Revolution,Regular
1999-04-07,1999,MLS,True,LA Galaxy,Columbus Crew SC,1,2,,,False,,False,,fbcsv-mls-1999-1999-04-07-LA Galaxy-Columbus Crew SC,Regular
1999-04-09,1999,MLS,True,Chicago Fire,FC Dallas,0,1,,,False,,False,,fbcsv-mls-1999-1999-04-09-Chicago Fire-FC Dallas,Regular
1999-04-09,1999,MLS,True,Colorado Rapids,Miami Fusion,4,1,,,False,,False,,fbcsv-mls-1999-1999-04-09-Colorado Rapids-Miami Fusion,Regular
1999-04-09,1999,MLS,True,New England Revolution,D.C. United,2,3,,,False,,False,,fbcsv-mls-1999-1999-04-09-New England Revolution-D.C. United,Regular
1999-04-09,1999,MLS,True,Sporting Kansas City,San Jose Earthquakes,1,2,,,False,,False,,fbcsv-mls-1999-1999-04-09-Sporting Kansas City-San Jose Earthquakes,Regular
1999-04-10,1999,MLS,True,Tampa Bay Mutiny,Red Bull New York,1,2,,,False,,False,,fbcsv-mls-1999-1999-04-10-Tampa Bay Mutiny-Red Bull New York,Regular
1999-04-14,1999,MLS,True,Miami Fusion,FC Dallas,2,1,,,False,,False,,fbcsv-mls-1999-1999-04-14-Miami Fusion-FC Dallas,Regular
1999-04-16,1999,MLS,True,Chicago Fire,LA Galaxy,1,0,,,False,,False,,fbcsv-mls-1999-1999-04-16-Chicago Fire-LA Galaxy,Regular
1999-04-16,1999,MLS,True,Colorado Rapids,Sporting Kansas City,2,1,,,False,,False,,fbcsv-mls-1999-1999-04-16-Colorado Rapids-Sporting Kansas City,Regular
1999-04-16,1999,MLS,True,D.C. United,San Jose Earthquakes,1,2,,,False,,False,,fbcsv-mls-1999-1999-04-16-D.C. United-San Jose Earthquakes,Regular
1999-04-16,1999,MLS,True,New England Revolution,Columbus Crew SC,0,1,,,False,,False,,fbcsv-mls-1999-1999-04-16-New England Revolution-Columbus Crew SC,Regular
1999-04-17,1999,MLS,True,FC Dallas,Tampa Bay Mutiny,2,1,,,False,,False,,fbcsv-mls-1999-1999-04-17-FC Dallas-Tampa Bay Mutiny,Regular
1999-04-23,1999,MLS,True,D.C. United,New England Revolution,2,3,,,False,,False,,fbcsv-mls-1999-1999-04-23-D.C. United-New England Revolution,Regular
1999-04-23,1999,MLS,True,FC Dallas,Columbus Crew SC,2,0,,,False,,False,,fbcsv-mls-1999-1999-04-23-FC Dallas-Columbus Crew SC,Regular
1999-04-23,1999,MLS,True,LA Galaxy,San Jose Earthquakes,1,0,,,False,,False,,fbcsv-mls-1999-1999-04-23-LA Galaxy-San Jose Earthquakes,Regular
1999-04-23,1999,MLS,True,Miami Fusion,Sporting Kansas City,1,0,,,False,,False,,fbcsv-mls-1999-1999-04-23-Miami Fusion-Sporting Kansas City,Regular
1999-04-24,1999,MLS,True,Red Bull New York,Tampa Bay Mutiny,0,1,,,False,,False,,fbcsv-mls-1999-1999-04-24-Red Bull New York-Tampa Bay Mutiny,Regular
1999-04-27,1999,MLS,True,Sporting Kansas City,Columbus Crew SC,0,1,,,False,,False,,fbcsv-mls-1999-1999-04-27-Sporting Kansas City-Columbus Crew SC,Regular
1999-04-29,1999,MLS,True,San Jose Earthquakes,FC Dallas,2,1,,,False,,False,,fbcsv-mls-1999-1999-04-29-San Jose Earthquakes-FC Dallas,Regular
1999-04-30,1999,MLS,True,Chicago Fire,D.C. United,3,2,,,False,,False,,fbcsv-mls-1999-1999-04-30-Chicago Fire-D.C. United,Regular
1999-04-30,1999,MLS,True,Tampa Bay Mutiny,Miami Fusion,2,1,,,False,,False,,fbcsv-mls-1999-1999-04-30-Tampa Bay Mutiny-Miami Fusion,Regular
1999-04-30,1999,MLS,True,New England Revolution,Colorado Rapids,1,2,,,False,,False,,fbcsv-mls-1999-1999-04-30-New England Revolution-Colorado Rapids,Regular
1999-04-30,1999,MLS,True,Red Bull New York,LA Galaxy,0,1,,,False,,False,,fbcsv-mls-1999-1999-04-30-Red Bull New York-LA Galaxy,Regular
1999-05-07,1999,MLS,True,D.C. United,Red Bull New York,2,1,,,False,,False,,fbcsv-mls-1999-1999-05-07-D.C. United-Red Bull New York,Regular
1999-05-07,1999,MLS,True,FC Dallas,Colorado Rapids,1,2,,,False,,False,,fbcsv-mls-1999-1999-05-07-FC Dallas-Colorado Rapids,Regular
1999-05-07,1999,MLS,True,Tampa Bay Mutiny,Chicago Fire,2,1,,,False,,False,,fbcsv-mls-1999-1999-05-07-Tampa Bay Mutiny-Chicago Fire,Regular
1999-05-07,1999,MLS,True,New England Revolution,Miami Fusion,1,0,,,False,,False,,fbcsv-mls-1999-1999-05-07-New England Revolution-Miami Fusion,Regular
1999-05-07,1999,MLS,True,Sporting Kansas City,LA Galaxy,2,1,,,False,,False,,fbcsv-mls-1999-1999-05-07-Sporting Kansas City-LA Galaxy,Regular
1999-05-08,1999,MLS,True,San Jose Earthquakes,Columbus Crew SC,1,2,,,False,,False,,fbcsv-mls-1999-1999-05-08-San Jose Earthquakes-Columbus Crew SC,Regular
1999-05-14,1999,MLS,True,Columbus Crew SC,New England Revolution,2,0,,,False,,False,,fbcsv-mls-1999-1999-05-14-Columbus Crew SC-New England Revolution,Regular
1999-05-14,1999,MLS,True,FC Dallas,San Jose Earthquakes,2,1,,,False,,False,,fbcsv-mls-1999-1999-05-14-FC Dallas-San Jose Earthquakes,Regular
1999-05-14,1999,MLS,True,LA Galaxy,Tampa Bay Mutiny,0,1,,,False,,False,,fbcsv-mls-1999-1999-05-14-LA Galaxy-Tampa Bay Mutiny,Regular
1999-05-14,1999,MLS,True,Red Bull New York,Miami Fusion,3,2,,,False,,False,,fbcsv-mls-1999-1999-05-14-Red Bull New York-Miami Fusion,Regular
1999-05-14,1999,MLS,True,Sporting Kansas City,D.C. United,3,4,,,False,,False,,fbcsv-mls-1999-1999-05-14-Sporting Kansas City-D.C. United,Regular
1999-05-15,1999,MLS,True,Chicago Fire,Colorado Rapids,0,1,,,False,,False,,fbcsv-mls-1999-1999-05-15-Chicago Fire-Colorado Rapids,Regular
1999-05-21,1999,MLS,True,Chicago Fire,Sporting Kansas City,3,1,,,False,,False,,fbcsv-mls-1999-1999-05-21-Chicago Fire-Sporting Kansas City,Regular
1999-05-21,1999,MLS,True,Colorado Rapids,Red Bull New York,2,0,,,False,,False,,fbcsv-mls-1999-1999-05-21-Colorado Rapids-Red Bull New York,Regular
1999-05-21,1999,MLS,True,Columbus Crew SC,Tampa Bay Mutiny,0,1,,,False,,False,,fbcsv-mls-1999-1999-05-21-Columbus Crew SC-Tampa Bay Mutiny,Regular
1999-05-21,1999,MLS,True,San Jose Earthquakes,FC Dallas,2,1,,,False,,False,,fbcsv-mls-1999-1999-05-21-San Jose Earthquakes-FC Dallas,Regular
1999-05-21,1999,MLS,True,Miami Fusion,D.C. United,1,3,,,False,,False,,fbcsv-mls-1999-1999-05-21-Miami Fusion-D.C. United,Regular
1999-05-22,1999,MLS,True,LA Galaxy,New England Revolution,1,0,,,False,,False,,fbcsv-mls-1999-1999-05-22-LA Galaxy-New England Revolution,Regular
1999-05-25,1999,MLS,True,FC Dallas,Miami Fusion,2,1,,,False,,False,,fbcsv-mls-1999-1999-05-25-FC Dallas-Miami Fusion,Regular
1999-05-26,1999,MLS,True,Colorado Rapids,San Jose Earthquakes,4,2,,,False,,False,,fbcsv-mls-1999-1999-05-26-Colorado Rapids-San Jose Earthquakes,Regular
1999-05-28,1999,MLS,True,Columbus Crew SC,LA Galaxy,2,1,,,False,,False,,fbcsv-mls-1999-1999-05-28-Columbus Crew SC-LA Galaxy,Regular
1999-05-28,1999,MLS,True,D.C. United,Chicago Fire,3,1,,,False,,False,,fbcsv-mls-1999-1999-05-28-D.C. United-Chicago Fire,Regular
1999-05-28,1999,MLS,True,Miami Fusion,Tampa Bay Mutiny,2,1,,,False,,False,,fbcsv-mls-1999-1999-05-28-Miami Fusion-Tampa Bay Mutiny,Regular
1999-05-28,1999,MLS,True,Red Bull New York,New England Revolution,3,4,,,False,,False,,fbcsv-mls-1999-1999-05-28-Red Bull New York-New England Revolution,Regular
1999-06-02,1999,MLS,True,San Jose Earthquakes,Colorado Rapids,4,3,,,False,,False,,fbcsv-mls-1999-1999-06-02-San Jose Earthquakes-Colorado Rapids,Regular
1999-06-04,1999,MLS,True,D.C. United,Columbus Crew SC,1,0,,,False,,False,,fbcsv-mls-1999-1999-06-04-D.C. United-Columbus Crew SC,Regular
1999-06-04,1999,MLS,True,Tampa Bay Mutiny,Miami Fusion,1,0,,,False,,False,,fbcsv-mls-1999-1999-06-04-Tampa Bay Mutiny-Miami Fusion,Regular
1999-06-04,1999,MLS,True,New England Revolution,Chicago Fire,2,0,,,False,,False,,fbcsv-mls-1999-1999-06-04-New England Revolution-Chicago Fire,Regular
1999-06-04,1999,MLS,True,Red Bull New York,FC Dallas,2,5,,,False,,False,,fbcsv-mls-1999-1999-06-04-Red Bull New York-FC Dallas,Regular
1999-06-05,1999,MLS,True,LA Galaxy,Sporting Kansas City,1,0,,,False,,False,,fbcsv-mls-1999-1999-06-05-LA Galaxy-Sporting Kansas City,Regular
1999-06-09,1999,MLS,True,D.C. United,Miami Fusion,3,1,,,False,,False,,fbcsv-mls-1999-1999-06-09-D.C. United-Miami Fusion,Regular
1999-06-11,1999,MLS,True,San Jose Earthquakes,Tampa Bay Mutiny,2,1,,,False,,False,,fbcsv-mls-1999-1999-06-11-San Jose Earthquakes-Tampa Bay Mutiny,Regular
1999-06-11,1999,MLS,True,LA Galaxy,Chicago Fire,2,1,,,False,,False,,fbcsv-mls-1999-1999-06-11-LA Galaxy-Chicago Fire,Regular
1999-06-11,1999,MLS,True,Red Bull New York,Colorado Rapids,0,1,,,False,,False,,fbcsv-mls-1999-1999-06-11-Red Bull New York-Colorado Rapids,Regular
1999-06-11,1999,MLS,True,Sporting Kansas City,FC Dallas,1,0,,,False,,False,,fbcsv-mls-1999-1999-06-11-Sporting Kansas City-FC Dallas,Regular
1999-06-12,1999,MLS,True,Columbus Crew SC,D.C. United,1,2,,,False,,False,,fbcsv-mls-1999-1999-06-12-Columbus Crew SC-D.C. United,Regular
1999-06-12,1999,MLS,True,New England Revolution,Miami Fusion,4,3,,,False,,False,,fbcsv-mls-1999-1999-06-12-New England Revolution-Miami Fusion,Regular
1999-06-15,1999,MLS,True,Columbus Crew SC,New England Revolution,2,1,,,False,,False,,fbcsv-mls-1999-1999-06-15-Columbus Crew SC-New England Revolution,Regular
1999-06-15,1999,MLS,True,FC Dallas,D.C. United,3,0,,,False,,False,,fbcsv-mls-1999-1999-06-15-FC Dallas-D.C. United,Regular
1999-06-18,1999,MLS,True,Chicago Fire,San Jose Earthquakes,2,0,,,False,,False,,fbcsv-mls-1999-1999-06-18-Chicago Fire-San Jose Earthquakes,Regular
1999-06-18,1999,MLS,True,Colorado Rapids,FC Dallas,2,1,,,False,,False,,fbcsv-mls-1999-1999-06-18-Colorado Rapids-FC Dallas,Regular
1999-06-18,1999,MLS,True,D.C. United,LA Galaxy,1,2,,,False,,False,,fbcsv-mls-1999-1999-06-18-D.C. United-LA Galaxy,Regular
1999-06-18,1999,MLS,True,Tampa Bay Mutiny,New England Revolution,2,3,,,False,,False,,fbcsv-mls-1999-1999-06-18-Tampa Bay Mutiny-New England Revolution,Regular
1999-06-19,1999,MLS,True,Sporting Kansas City,Red Bull New York,6,0,,,False,,False,,fbcsv-mls-1999-1999-06-19-Sporting Kansas City-Red Bull New York,Regular
1999-06-25,1999,MLS,True,Colorado Rapids,Chicago Fire,2,0,,,False,,False,,fbcsv-mls-1999-1999-06-25-Colorado Rapids-Chicago Fire,Regular
1999-06-25,1999,MLS,True,Columbus Crew SC,Red Bull New York,2,1,,,False,,False,,fbcsv-mls-1999-1999-06-25-Columbus Crew SC-Red Bull New York,Regular
1999-06-25,1999,MLS,True,D.C. United,Sporting Kansas City,3,0,,,False,,False,,fbcsv-mls-1999-1999-06-25-D.C. United-Sporting Kansas City,Regular
1999-06-25,1999,MLS,True,FC Dallas,New England Revolution,2,0,,,False,,False,,fbcsv-mls-1999-1999-06-25-FC Dallas-New England Revolution,Regular
1999-06-25,1999,MLS,True,Miami Fusion,San Jose Earthquakes,1,2,,,False,,False,,fbcsv-mls-1999-1999-06-25-Miami Fusion-San Jose Earthquakes,Regular
1999-06-26,1999,MLS,True,Tampa Bay Mutiny,LA Galaxy,2,4,,,False,,False,,fbcsv-mls-1999-1999-06-26-Tampa Bay Mutiny-LA Galaxy,Regular
1999-06-29,1999,MLS,True,Columbus Crew SC,San Jose Earthquakes,4,3,,,False,,False,,fbcsv-mls-1999-1999-06-29-Columbus Crew SC-San Jose Earthquakes,Regular
1999-06-29,1999,MLS,True,Red Bull New York,Tampa Bay Mutiny,2,1,,,False,,False,,fbcsv-mls-1999-1999-06-29-Red Bull New York-Tampa Bay Mutiny,Regular
1999-07-01,1999,MLS,True,Chicago Fire,FC Dallas,2,1,,,False,,False,,fbcsv-mls-1999-1999-07-01-Chicago Fire-FC Dallas,Regular
1999-07-02,1999,MLS,True,Tampa Bay Mutiny,Sporting Kansas City,1,2,,,False,,False,,fbcsv-mls-1999-1999-07-02-Tampa Bay Mutiny-Sporting Kansas City,Regular
1999-07-03,1999,MLS,True,Colorado Rapids,Columbus Crew SC,0,3,,,False,,False,,fbcsv-mls-1999-1999-07-03-Colorado Rapids-Columbus Crew SC,Regular
1999-07-03,1999,MLS,True,FC Dallas,Chicago Fire,1,2,,,False,,False,,fbcsv-mls-1999-1999-07-03-FC Dallas-Chicago Fire,Regular
1999-07-03,1999,MLS,True,San Jose Earthquakes,D.C. United,2,1,,,False,,False,,fbcsv-mls-1999-1999-07-03-San Jose Earthquakes-D.C. United,Regular
1999-07-03,1999,MLS,True,LA Galaxy,Miami Fusion,1,2,,,False,,False,,fbcsv-mls-1999-1999-07-03-LA Galaxy-Miami Fusion,Regular
1999-07-03,1999,MLS,True,New England Revolution,Red Bull New York,3,2,,,False,,False,,fbcsv-mls-1999-1999-07-03-New England Revolution-Red Bull New York,Regular
1999-07-06,1999,MLS,True,Columbus Crew SC,D.C. United,1,2,,,False,,False,,fbcsv-mls-1999-1999-07-06-Columbus Crew SC-D.C. United,Regular
1999-07-06,1999,MLS,True,Sporting Kansas City,Colorado Rapids,1,2,,,False,,False,,fbcsv-mls-1999-1999-07-06-Sporting Kansas City-Colorado Rapids,Regular
1999-07-07,1999,MLS,True,Tampa Bay Mutiny,San Jose Earthquakes,2,1,,,False,,False,,fbcsv-mls-1999-1999-07-07-Tampa Bay Mutiny-San Jose Earthquakes,Regular
1999-07-09,1999,MLS,True,Chicago Fire,Red Bull New York,2,0,,,False,,False,,fbcsv-mls-1999-1999-07-09-Chicago Fire-Red Bull New York,Regular
1999-07-09,1999,MLS,True,D.C. United,Colorado Rapids,1,2,,,False,,False,,fbcsv-mls-1999-1999-07-09-D.C. United-Colorado Rapids,Regular
1999-07-09,1999,MLS,True,FC Dallas,Sporting Kansas City,5,0,,,False,,False,,fbcsv-mls-1999-1999-07-09-FC Dallas-Sporting Kansas City,Regular
1999-07-09,1999,MLS,True,Miami Fusion,Columbus Crew SC,2,0,,,False,,False,,fbcsv-mls-1999-1999-07-09-Miami Fusion-Columbus Crew SC,Regular
1999-07-10,1999,MLS,True,New England Revolution,LA Galaxy,2,5,,,False,,False,,fbcsv-mls-1999-1999-07-10-New England Revolution-LA Galaxy,Regular
1999-07-21,1999,MLS,True,Sporting Kansas City,Tampa Bay Mutiny,4,3,,,False,,False,,fbcsv-mls-1999-1999-07-21-Sporting Kansas City-Tampa Bay Mutiny,Regular
1999-07-22,1999,MLS,True,Chicago Fire,San Jose Earthquakes,2,3,,,False,,False,,fbcsv-mls-1999-1999-07-22-Chicago Fire-San Jose Earthquakes,Regular
1999-07-23,1999,MLS,True,Columbus Crew SC,FC Dallas,4,1,,,False,,False,,fbcsv-mls-1999-1999-07-23-Columbus Crew SC-FC Dallas,Regular
1999-07-23,1999,MLS,True,Red Bull New York,Miami Fusion,0,1,,,False,,False,,fbcsv-mls-1999-1999-07-23-Red Bull New York-Miami Fusion,Regular
1999-07-24,1999,MLS,True,Colorado Rapids,Tampa Bay Mutiny,2,3,,,False,,False,,fbcsv-mls-1999-1999-07-24-Colorado Rapids-Tampa Bay Mutiny,Regular
1999-07-24,1999,MLS,True,LA Galaxy,Sporting Kansas City,2,1,,,False,,False,,fbcsv-mls-1999-1999-07-24-LA Galaxy-Sporting Kansas City,Regular
1999-07-24,1999,MLS,True,New England Revolution,D.C. United,0,2,,,False,,False,,fbcsv-mls-1999-1999-07-24-New England Revolution-D.C. United,Regular
1999-07-27,1999,MLS,True,Colorado Rapids,LA Galaxy,1,0,,,False,,False,,fbcsv-mls-1999-1999-07-27-Colorado Rapids-LA Galaxy,Regular
1999-07-28,1999,MLS,True,Miami Fusion,Tampa Bay Mutiny,3,2,,,False,,False,,fbcsv-mls-1999-1999-07-28-Miami Fusion-Tampa Bay Mutiny,Regular
1999-07-30,1999,MLS,True,Chicago Fire,LA Galaxy,0,1,,,False,,False,,fbcsv-mls-1999-1999-07-30-Chicago Fire-LA Galaxy,Regular
1999-07-30,1999,MLS,True,FC Dallas,Colorado Rapids,0,2,,,False,,False,,fbcsv-mls-1999-1999-07-30-FC Dallas-Colorado Rapids,Regular
1999-07-30,1999,MLS,True,Tampa Bay Mutiny,New England Revolution,4,1,,,False,,False,,fbcsv-mls-1999-1999-07-30-Tampa Bay Mutiny-New England Revolution,Regular
1999-07-30,1999,MLS,True,Sporting Kansas City,San Jose Earthquakes,3,2,,,False,,False,,fbcsv-mls-1999-1999-07-30-Sporting Kansas City-San Jose Earthquakes,Regular
1999-07-31,1999,MLS,True,Columbus Crew SC,Miami Fusion,4,0,,,False,,False,,fbcsv-mls-1999-1999-07-31-Columbus Crew SC-Miami Fusion,Regular
1999-08-03,1999,MLS,True,FC Dallas,Red Bull New York,2,0,,,False,,False,,fbcsv-mls-1999-1999-08-03-FC Dallas-Red Bull New York,Regular
1999-08-04,1999,MLS,True,Sporting Kansas City,Chicago Fire,1,2,,,False,,False,,fbcsv-mls-1999-1999-08-04-Sporting Kansas City-Chicago Fire,Regular
1999-08-05,1999,MLS,True,Colorado Rapids,New England Revolution,1,0,,,False,,False,,fbcsv-mls-1999-1999-08-05-Colorado Rapids-New England Revolution,Regular
1999-08-06,1999,MLS,True,San Jose Earthquakes,LA Galaxy,1,4,,,False,,False,,fbcsv-mls-1999-1999-08-06-San Jose Earthquakes-LA Galaxy,Regular
1999-08-06,1999,MLS,True,Miami Fusion,Red Bull New York,2,0,,,False,,False,,fbcsv-mls-1999-1999-08-06-Miami Fusion-Red Bull New York,Regular
1999-08-07,1999,MLS,True,Chicago Fire,Colorado Rapids,5,0,,,False,,False,,fbcsv-mls-1999-1999-08-07-Chicago Fire-Colorado Rapids,Regular
1999-08-07,1999,MLS,True,Columbus Crew SC,Sporting Kansas City,2,1,,,False,,False,,fbcsv-mls-1999-1999-08-07-Columbus Crew SC-Sporting Kansas City,Regular
1999-08-07,1999,MLS,True,D.C. United,Tampa Bay Mutiny,3,2,,,False,,False,,fbcsv-mls-1999-1999-08-07-D.C. United-Tampa Bay Mutiny,Regular
1999-08-10,1999,MLS,True,Red Bull New York,D.C. United,1,4,,,False,,False,,fbcsv-mls-1999-1999-08-10-Red Bull New York-D.C. United,Regular
1999-08-11,1999,MLS,True,New England Revolution,San Jose Earthquakes,1,2,,,False,,False,,fbcsv-mls-1999-1999-08-11-New England Revolution-San Jose Earthquakes,Regular
1999-08-12,1999,MLS,True,Tampa Bay Mutiny,Colorado Rapids,0,1,,,False,,False,,fbcsv-mls-1999-1999-08-12-Tampa Bay Mutiny-Colorado Rapids,Regular
1999-08-13,1999,MLS,True,D.C. United,Columbus Crew SC,2,1,,,False,,False,,fbcsv-mls-1999-1999-08-13-D.C. United-Columbus Crew SC,Regular
1999-08-13,1999,MLS,True,LA Galaxy,FC Dallas,2,0,,,False,,False,,fbcsv-mls-1999-1999-08-13-LA Galaxy-FC Dallas,Regular
1999-08-13,1999,MLS,True,Red Bull New York,Sporting Kansas City,1,2,,,False,,False,,fbcsv-mls-1999-1999-08-13-Red Bull New York-Sporting Kansas City,Regular
1999-08-14,1999,MLS,True,Chicago Fire,Miami Fusion,1,2,,,False,,False,,fbcsv-mls-1999-1999-08-14-Chicago Fire-Miami Fusion,Regular
1999-08-17,1999,MLS,True,Colorado Rapids,FC Dallas,0,3,,,False,,False,,fbcsv-mls-1999-1999-08-17-Colorado Rapids-FC Dallas,Regular
1999-08-17,1999,MLS,True,New England Revolution,Tampa Bay Mutiny,0,1,,,False,,False,,fbcsv-mls-1999-1999-08-17-New England Revolution-Tampa Bay Mutiny,Regular
1999-08-17,1999,MLS,True,Red Bull New York,Columbus Crew SC,2,4,,,False,,False,,fbcsv-mls-1999-1999-08-17-Red Bull New York-Columbus Crew SC,Regular
1999-08-20,1999,MLS,True,San Jose Earthquakes,New England Revolution,2,1,,,False,,False,,fbcsv-mls-1999-1999-08-20-San Jose Earthquakes-New England Revolution,Regular
1999-08-20,1999,MLS,True,LA Galaxy,Red Bull New York,4,1,,,False,,False,,fbcsv-mls-1999-1999-08-20-LA Galaxy-Red Bull New York,Regular
1999-08-20,1999,MLS,True,Miami Fusion,D.C. United,2,3,,,False,,False,,fbcsv-mls-1999-1999-08-20-Miami Fusion-D.C. United,Regular
1999-08-21,1999,MLS,True,Columbus Crew SC,Tampa Bay Mutiny,1,2,,,False,,False,,fbcsv-mls-1999-1999-08-21-Columbus Crew SC-Tampa Bay Mutiny,Regular
1999-08-21,1999,MLS,True,FC Dallas,Chicago Fire,4,3,,,False,,False,,fbcsv-mls-1999-1999-08-21-FC Dallas-Chicago Fire,Regular
1999-08-24,1999,MLS,True,Chicago Fire,Sporting Kansas City,2,0,,,False,,False,,fbcsv-mls-1999-1999-08-24-Chicago Fire-Sporting Kansas City,Regular
1999-08-24,1999,MLS,True,D.C. United,Miami Fusion,3,1,,,False,,False,,fbcsv-mls-1999-1999-08-24-D.C. United-Miami Fusion,Regular
1999-08-24,1999,MLS,True,Red Bull New York,New England Revolution,1,2,,,False,,False,,fbcsv-mls-1999-1999-08-24-Red Bull New York-New England Revolution,Regular
1999-08-26,1999,MLS,True,Tampa Bay Mutiny,Columbus Crew SC,2,1,,,False,,False,,fbcsv-mls-1999-1999-08-26-Tampa Bay Mutiny-Columbus Crew SC,Regular
1999-08-27,1999,MLS,True,Chicago Fire,New England Revolution,2,1,,,False,,False,,fbcsv-mls-1999-1999-08-27-Chicago Fire-New England Revolution,Regular
1999-08-27,1999,MLS,True,Colorado Rapids,D.C. United,0,1,,,False,,False,,fbcsv-mls-1999-1999-08-27-Colorado Rapids-D.C. United,Regular
1999-08-27,1999,MLS,True,FC Dallas,LA Galaxy,1,0,,,False,,False,,fbcsv-mls-1999-1999-08-27-FC Dallas-LA Galaxy,Regular
1999-08-27,1999,MLS,True,San Jose Earthquakes,Red Bull New York,2,1,,,False,,False,,fbcsv-mls-1999-1999-08-27-San Jose Earthquakes-Red Bull New York,Regular
1999-08-28,1999,MLS,True,Sporting Kansas City,Miami Fusion,2,0,,,False,,False,,fbcsv-mls-1999-1999-08-28-Sporting Kansas City-Miami Fusion,Regular
1999-08-31,1999,MLS,True,LA Galaxy,San Jose Earthquakes,3,1,,,False,,False,,fbcsv-mls-1999-1999-08-31-LA Galaxy-San Jose Earthquakes,Regular
1999-09-03,1999,MLS,True,Columbus Crew SC,Colorado Rapids,2,1,,,False,,False,,fbcsv-mls-1999-1999-09-03-Columbus Crew SC-Colorado Rapids,Regular
1999-09-03,1999,MLS,True,D.C. United,FC Dallas,4,1,,,False,,False,,fbcsv-mls-1999-1999-09-03-D.C. United-FC Dallas,Regular
1999-09-03,1999,MLS,True,San Jose Earthquakes,Sporting Kansas City,2,0,,,False,,False,,fbcsv-mls-1999-1999-09-03-San Jose Earthquakes-Sporting Kansas City,Regular
1999-09-03,1999,MLS,True,Miami Fusion,LA Galaxy,1,2,,,False,,False,,fbcsv-mls-1999-1999-09-03-Miami Fusion-LA Galaxy,Regular
1999-09-03,1999,MLS,True,New England Revolution,Tampa Bay Mutiny,1,5,,,False,,False,,fbcsv-mls-1999-1999-09-03-New England Revolution-Tampa Bay Mutiny,Regular
1999-09-03,1999,MLS,True,Red Bull New York,Chicago Fire,1,2,,,False,,False,,fbcsv-mls-1999-1999-09-03-Red Bull New York-Chicago Fire,Regular
1999-09-07,1999,MLS,True,New England Revolution,Sporting Kansas City,3,2,,,False,,False,,fbcsv-mls-1999-1999-09-07-New England Revolution-Sporting Kansas City,Regular
1999-09-10,1999,MLS,True,Colorado Rapids,Sporting Kansas City,1,0,,,False,,False,,fbcsv-mls-1999-1999-09-10-Colorado Rapids-Sporting Kansas City,Regular
1999-09-10,1999,MLS,True,FC Dallas,San Jose Earthquakes,1,0,,,False,,False,,fbcsv-mls-1999-1999-09-10-FC Dallas-San Jose Earthquakes,Regular
1999-09-10,1999,MLS,True,LA Galaxy,Chicago Fire,1,0,,,False,,False,,fbcsv-mls-1999-1999-09-10-LA Galaxy-Chicago Fire,Regular
1999-09-10,1999,MLS,True,Miami Fusion,New England Revolution,2,1,,,False,,False,,fbcsv-mls-1999-1999-09-10-Miami Fusion-New England Revolution,Regular
1999-09-10,1999,MLS,True,Tampa Bay Mutiny,D.C. United,1,2,,,False,,False,,fbcsv-mls-1999-1999-09-10-Tampa Bay Mutiny-D.C. United,Regular
1999-09-11,1999,MLS,True,Columbus Crew SC,Red Bull New York,1,2,,,False,,False,,fbcsv-mls-1999-1999-09-11-Columbus Crew SC-Red Bull New York,Regular
1999-09-17,1999,MLS,True,Colorado Rapids,LA Galaxy,1,0,,,False,,False,,fbcsv-mls-1999-1999-09-17-Colorado Rapids-LA Galaxy,Regular
1999-09-17,1999,MLS,True,D.C. United,Red Bull New York,2,1,,,False,,False,,fbcsv-mls-1999-1999-09-17-D.C. United-Red Bull New York,Regular
1999-09-17,1999,MLS,True,New England Revolution,Columbus Crew SC,0,1,,,False,,False,,fbcsv-mls-1999-1999-09-17-New England Revolution-Columbus Crew SC,Regular
1999-09-17,1999,MLS,True,Sporting Kansas City,FC Dallas,1,2,,,False,,False,,fbcsv-mls-1999-1999-09-17-Sporting Kansas City-FC Dallas,Regular
1999-09-18,1999,MLS,True,Chicago Fire,Tampa Bay Mutiny,2,1,,,False,,False,,fbcsv-mls-1999-1999-09-18-Chicago Fire-Tampa Bay Mutiny,Regular
1999-09-18,1999,MLS,True,San Jose Earthquakes,Miami Fusion,6,1,,,False,,False,,fbcsv-mls-1999-1999-09-18-San Jose Earthquakes-Miami Fusion,Regular
1999-09-21,1999,MLS,True,Red Bull New York,San Jose Earthquakes,1,2,,,False,,False,,fbcsv-mls-1999-1999-09-21-Red Bull New York-San Jose Earthquakes,Regular
1999-09-22,1999,MLS,True,Chicago Fire,Columbus Crew SC,1,2,,,False,,False,,fbcsv-mls-1999-1999-09-22-Chicago Fire-Columbus Crew SC,Regular
1999-09-23,1999,MLS,True,New England Revolution,FC Dallas,0,1,,,False,,False,,fbcsv-mls-1999-1999-09-23-New England Revolution-FC Dallas,Regular
1999-09-24,1999,MLS,True,LA Galaxy,D.C. United,0,2,,,False,,False,,fbcsv-mls-1999-1999-09-24-LA Galaxy-D.C. United,Regular
1999-09-24,1999,MLS,True,Tampa Bay Mutiny,Red Bull New York,1,2,,,False,,False,,fbcsv-mls-1999-1999-09-24-Tampa Bay Mutiny-Red Bull New York,Regular
1999-09-24,1999,MLS,True,Sporting Kansas City,Colorado Rapids,0,1,,,False,,False,,fbcsv-mls-1999-1999-09-24-Sporting Kansas City-Colorado Rapids,Regular
1999-09-25,1999,MLS,True,Columbus Crew SC,Miami Fusion,2,1,,,False,,False,,fbcsv-mls-1999-1999-09-25-Columbus Crew SC-Miami Fusion,Regular
1999-09-25,1999,MLS,True,San Jose Earthquakes,Chicago Fire,2,0,,,False,,False,,fbcsv-mls-1999-1999-09-25-San Jose Earthquakes-Chicago Fire,Regular
1999-09-28,1999,MLS,True,LA Galaxy,Colorado Rapids,4,0,,,False,,False,,fbcsv-mls-1999-1999-09-28-LA Galaxy-Colorado Rapids,Regular
1999-09-30,1999,MLS,True,Colorado Rapids,San Jose Earthquakes,1,0,,,False,,False,,fbcsv-mls-1999-1999-09-30-Colorado Rapids-San Jose Earthquakes,Regular
1999-10-01,1999,MLS,True,New England Revolution,Red Bull New York,2,1,,,False,,False,,fbcsv-mls-1999-1999-10-01-New England Revolution-Red Bull New York,Regular
1999-10-02,1999,MLS,True,FC Dallas,LA Galaxy,4,3,,,False,,False,,fbcsv-mls-1999-1999-10-02-FC Dallas-LA Galaxy,Regular
1999-10-02,1999,MLS,True,Miami Fusion,Columbus Crew SC,4,1,,,False,,False,,fbcsv-mls-1999-1999-10-02-Miami Fusion-Columbus Crew SC,Regular
1999-10-05,1999,MLS,True,Colorado Rapids,Chicago Fire,0,1,,,False,,False,,fbcsv-mls-1999-1999-10-05-Colorado Rapids-Chicago Fire,Regular
1999-10-05,1999,MLS,True,D.C. United,Tampa Bay Mutiny,2,4,,,False,,False,,fbcsv-mls-1999-1999-10-05-D.C. United-Tampa Bay Mutiny,Regular
1999-10-05,1999,MLS,True,San Jose Earthquakes,Sporting Kansas City,1,0,,,False,,False,,fbcsv-mls-1999-1999-10-05-San Jose Earthquakes-Sporting Kansas City,Regular
1999-10-08,1999,MLS,True,D.C. United,New England Revolution,1,2,,,False,,False,,fbcsv-mls-1999-1999-10-08-D.C. United-New England Revolution,Regular
1999-10-08,1999,MLS,True,Miami Fusion,Colorado Rapids,2,0,,,False,,False,,fbcsv-mls-1999-1999-10-08-Miami Fusion-Colorado Rapids,Regular
1999-10-08,1999,MLS,True,Sporting Kansas City,LA Galaxy,0,1,,,False,,False,,fbcsv-mls-1999-1999-10-08-Sporting Kansas City-LA Galaxy,Regular
1999-10-09,1999,MLS,True,Columbus Crew SC,Chicago Fire,2,3,,,False,,False,,fbcsv-mls-1999-1999-10-09-Columbus Crew SC-Chicago Fire,Regular
1999-10-09,1999,MLS,True,Tampa Bay Mutiny,FC Dallas,1,2,,,False,,False,,fbcsv-mls-1999-1999-10-09-Tampa Bay Mutiny-FC Dallas,Regular
1999-10-15,1999,MLS,True,D.C. United,Miami Fusion,2,0,,,False,,False,,fbcsv-mls-1999-1999-10-15-D.C. United-Miami Fusion,Playoff
1999-10-15,1999,MLS,True,FC Dallas,Chicago Fire,2,1,,,False,,False,,fbcsv-mls-1999-1999-10-15-FC Dallas-Chicago Fire,Playoff
1999-10-16,1999,MLS,True,Columbus Crew SC,Tampa Bay Mutiny,2,0,,,False,,False,,fbcsv-mls-1999-1999-10-16-Columbus Crew SC-Tampa Bay Mutiny,Playoff
1999-10-16,1999,MLS,True,LA Galaxy,Colorado Rapids,3,0,,,False,,False,,fbcsv-mls-1999-1999-10-16-LA Galaxy-Colorado Rapids,Playoff
1999-10-21,1999,MLS,True,Tampa Bay Mutiny,Columbus Crew SC,0,2,,,False,,False,,fbcsv-mls-1999-1999-10-21-Tampa Bay Mutiny-Columbus Crew SC,Playoff
1999-10-22,1999,MLS,True,Chicago Fire,FC Dallas,4,0,,,False,,False,,fbcsv-mls-1999-1999-10-22-Chicago Fire-FC Dallas,Playoff
1999-10-23,1999,MLS,True,Colorado Rapids,LA Galaxy,0,2,,,False,,False,,fbcsv-mls-1999-1999-10-23-Colorado Rapids-LA Galaxy,Playoff
1999-10-26,1999,MLS,True,FC Dallas,Chicago Fire,3,2,,,False,,False,,fbcsv-mls-1999-1999-10-26-FC Dallas-Chicago Fire,Playoff
1999-10-30,1999,MLS,True,D.C. United,Columbus Crew SC,2,1,,,False,,False,,fbcsv-mls-1999-1999-10-30-D.C. United-Columbus Crew SC,Playoff
1999-10-30,1999,MLS,True,LA Galaxy,FC Dallas,2,1,,,False,,False,,fbcsv-mls-1999-1999-10-30-LA Galaxy-FC Dallas,Playoff
1999-11-06,1999,MLS,True,Columbus Crew SC,D.C. United,5,1,,,False,,False,,fbcsv-mls-1999-1999-11-06-Columbus Crew SC-D.C. United,Playoff
1999-11-10,1999,MLS,True,LA Galaxy,FC Dallas,3,1,,,False,,False,,fbcsv-mls-1999-1999-11-10-LA Galaxy-FC Dallas,Playoff
1999-11-12,1999,MLS,True,D.C. United,Columbus Crew SC,4,0,,,False,,False,,fbcsv-mls-1999-1999-11-12-D.C. United-Columbus Crew SC,Playoff
1999-11-20,1999,MLS,True,D.C. United,LA Galaxy,2,0,,,False,,False,,fbcsv-mls-1999-1999-11-20-D.C. United-LA Galaxy,Playoff
2000-03-17,2000,MLS,True,FC Dallas,Chicago Fire,4,2,,,False,,False,,fbcsv-mls-2000-2000-03-17-FC Dallas-Chicago Fire,Regular
2000-03-17,2000,MLS,True,LA Galaxy,Colorado Rapids,2,1,,,False,,False,,fbcsv-mls-2000-2000-03-17-LA Galaxy-Colorado Rapids,Regular
2000-03-17,2000,MLS,True,Miami Fusion,New England Revolution,1,1,,,False,,False,,fbcsv-mls-2000-2000-03-17-Miami Fusion-New England Revolution,Regular
2000-03-17,2000,MLS,True,Tampa Bay Mutiny,Columbus Crew SC,5,1,,,False,,False,,fbcsv-mls-2000-2000-03-17-Tampa Bay Mutiny-Columbus Crew SC,Regular
2000-03-24,2000,MLS,True,Columbus Crew SC,San Jose Earthquakes,2,1,,,False,,False,,fbcsv-mls-2000-2000-03-24-Columbus Crew SC-San Jose Earthquakes,Regular
2000-03-24,2000,MLS,True,D.C. United,LA Galaxy,0,4,,,False,,False,,fbcsv-mls-2000-2000-03-24-D.C. United-LA Galaxy,Regular
2000-03-24,2000,MLS,True,FC Dallas,Colorado Rapids,0,1,,,False,,False,,fbcsv-mls-2000-2000-03-24-FC Dallas-Colorado Rapids,Regular
2000-03-24,2000,MLS,True,Tampa Bay Mutiny,New England Revolution,1,0,,,False,,False,,fbcsv-mls-2000-2000-03-24-Tampa Bay Mutiny-New England Revolution,Regular
2000-03-24,2000,MLS,True,Sporting Kansas City,Chicago Fire,4,3,,,False,,False,,fbcsv-mls-2000-2000-03-24-Sporting Kansas City-Chicago Fire,Regular
2000-03-25,2000,MLS,True,Miami Fusion,Red Bull New York,3,1,,,False,,False,,fbcsv-mls-2000-2000-03-25-Miami Fusion-Red Bull New York,Regular
2000-03-31,2000,MLS,True,Columbus Crew SC,Chicago Fire,0,2,,,False,,False,,fbcsv-mls-2000-2000-03-31-Columbus Crew SC-Chicago Fire,Regular
2000-03-31,2000,MLS,True,FC Dallas,Tampa Bay Mutiny,1,0,,,False,,False,,fbcsv-mls-2000-2000-03-31-FC Dallas-Tampa Bay Mutiny,Regular
2000-03-31,2000,MLS,True,LA Galaxy,New England Revolution,2,2,,,False,,False,,fbcsv-mls-2000-2000-03-31-LA Galaxy-New England Revolution,Regular
2000-03-31,2000,MLS,True,Miami Fusion,San Jose Earthquakes,0,0,,,False,,False,,fbcsv-mls-2000-2000-03-31-Miami Fusion-San Jose Earthquakes,Regular
2000-03-31,2000,MLS,True,Red Bull New York,D.C. United,3,2,,,False,,False,,fbcsv-mls-2000-2000-03-31-Red Bull New York-D.C. United,Regular
2000-03-31,2000,MLS,True,Sporting Kansas City,Colorado Rapids,3,0,,,False,,False,,fbcsv-mls-2000-2000-03-31-Sporting Kansas City-Colorado Rapids,Regular
2000-04-07,2000,MLS,True,Colorado Rapids,Tampa Bay Mutiny,1,0,,,False,,False,,fbcsv-mls-2000-2000-04-07-Colorado Rapids-Tampa Bay Mutiny,Regular
2000-04-07,2000,MLS,True,Columbus Crew SC,LA Galaxy,2,2,,,False,,False,,fbcsv-mls-2000-2000-04-07-Columbus Crew SC-LA Galaxy,Regular
2000-04-07,2000,MLS,True,D.C. United,Chicago Fire,3,2,,,False,,False,,fbcsv-mls-2000-2000-04-07-D.C. United-Chicago Fire,Regular
2000-04-07,2000,MLS,True,FC Dallas,New England Revolution,2,1,,,False,,False,,fbcsv-mls-2000-2000-04-07-FC Dallas-New England Revolution,Regular
2000-04-07,2000,MLS,True,San Jose Earthquakes,Red Bull New York,2,0,,,False,,False,,fbcsv-mls-2000-2000-04-07-San Jose Earthquakes-Red Bull New York,Regular
2000-04-07,2000,MLS,True,Miami Fusion,Sporting Kansas City,0,0,,,False,,False,,fbcsv-mls-2000-2000-04-07-Miami Fusion-Sporting Kansas City,Regular
2000-04-14,2000,MLS,True,Chicago Fire,Miami Fusion,1,0,,,False,,False,,fbcsv-mls-2000-2000-04-14-Chicago Fire-Miami Fusion,Regular
2000-04-14,2000,MLS,True,LA Galaxy,FC Dallas,2,1,,,False,,False,,fbcsv-mls-2000-2000-04-14-LA Galaxy-FC Dallas,Regular
2000-04-14,2000,MLS,True,Tampa Bay Mutiny,Colorado Rapids,4,2,,,False,,False,,fbcsv-mls-2000-2000-04-14-Tampa Bay Mutiny-Colorado Rapids,Regular
2000-04-14,2000,MLS,True,New England Revolution,D.C. United,2,1,,,False,,False,,fbcsv-mls-2000-2000-04-14-New England Revolution-D.C. United,Regular
2000-04-14,2000,MLS,True,Red Bull New York,Columbus Crew SC,0,1,,,False,,False,,fbcsv-mls-2000-2000-04-14-Red Bull New York-Columbus Crew SC,Regular
2000-04-14,2000,MLS,True,Sporting Kansas City,San Jose Earthquakes,2,0,,,False,,False,,fbcsv-mls-2000-2000-04-14-Sporting Kansas City-San Jose Earthquakes,Regular
2000-04-18,2000,MLS,True,Red Bull New York,Sporting Kansas City,1,2,,,False,,False,,fbcsv-mls-2000-2000-04-18-Red Bull New York-Sporting Kansas City,Regular
2000-04-21,2000,MLS,True,Columbus Crew SC,Colorado Rapids,2,3,,,False,,False,,fbcsv-mls-2000-2000-04-21-Columbus Crew SC-Colorado Rapids,Regular
2000-04-21,2000,MLS,True,D.C. United,Red Bull New York,2,3,,,False,,False,,fbcsv-mls-2000-2000-04-21-D.C. United-Red Bull New York,Regular
2000-04-21,2000,MLS,True,San Jose Earthquakes,FC Dallas,5,0,,,False,,False,,fbcsv-mls-2000-2000-04-21-San Jose Earthquakes-FC Dallas,Regular
2000-04-21,2000,MLS,True,LA Galaxy,Miami Fusion,2,0,,,False,,False,,fbcsv-mls-2000-2000-04-21-LA Galaxy-Miami Fusion,Regular
2000-04-21,2000,MLS,True,New England Revolution,Chicago Fire,1,1,,,False,,False,,fbcsv-mls-2000-2000-04-21-New England Revolution-Chicago Fire,Regular
2000-04-21,2000,MLS,True,Sporting Kansas City,Tampa Bay Mutiny,1,0,,,False,,False,,fbcsv-mls-2000-2000-04-21-Sporting Kansas City-Tampa Bay Mutiny,Regular
2000-04-25,2000,MLS,True,Tampa Bay Mutiny,San Jose Earthquakes,4,0,,,False,,False,,fbcsv-mls-2000-2000-04-25-Tampa Bay Mutiny-San Jose Earthquakes,Regular
2000-04-27,2000,MLS,True,Chicago Fire,Tampa Bay Mutiny,5,1,,,False,,False,,fbcsv-mls-2000-2000-04-27-Chicago Fire-Tampa Bay Mutiny,Regular
2000-04-28,2000,MLS,True,Colorado Rapids,Sporting Kansas City,0,5,,,False,,False,,fbcsv-mls-2000-2000-04-28-Colorado Rapids-Sporting Kansas City,Regular
2000-04-28,2000,MLS,True,FC Dallas,Columbus Crew SC,2,1,,,False,,False,,fbcsv-mls-2000-2000-04-28-FC Dallas-Columbus Crew SC,Regular
2000-04-28,2000,MLS,True,San Jose Earthquakes,D.C. United,2,2,,,False,,False,,fbcsv-mls-2000-2000-04-28-San Jose Earthquakes-D.C. United,Regular
2000-04-28,2000,MLS,True,New England Revolution,Miami Fusion,1,1,,,False,,False,,fbcsv-mls-2000-2000-04-28-New England Revolution-Miami Fusion,Regular
2000-04-28,2000,MLS,True,Red Bull New York,LA Galaxy,0,1,,,False,,False,,fbcsv-mls-2000-2000-04-28-Red Bull New York-LA Galaxy,Regular
2000-05-02,2000,MLS,True,Chicago Fire,Colorado Rapids,1,2,,,False,,False,,fbcsv-mls-2000-2000-05-02-Chicago Fire-Colorado Rapids,Regular
2000-05-02,2000,MLS,True,D.C. United,Columbus Crew SC,1,2,,,False,,False,,fbcsv-mls-2000-2000-05-02-D.C. United-Columbus Crew SC,Regular
2000-05-05,2000,MLS,True,Colorado Rapids,D.C. United,2,5,,,False,,False,,fbcsv-mls-2000-2000-05-05-Colorado Rapids-D.C. United,Regular
2000-05-05,2000,MLS,True,Columbus Crew SC,Red Bull New York,0,2,,,False,,False,,fbcsv-mls-2000-2000-05-05-Columbus Crew SC-Red Bull New York,Regular
2000-05-05,2000,MLS,True,LA Galaxy,Sporting Kansas City,0,0,,,False,,False,,fbcsv-mls-2000-2000-05-05-LA Galaxy-Sporting Kansas City,Regular
2000-05-05,2000,MLS,True,Miami Fusion,Chicago Fire,0,3,,,False,,False,,fbcsv-mls-2000-2000-05-05-Miami Fusion-Chicago Fire,Regular
2000-05-05,2000,MLS,True,Tampa Bay Mutiny,FC Dallas,3,1,,,False,,False,,fbcsv-mls-2000-2000-05-05-Tampa Bay Mutiny-FC Dallas,Regular
2000-05-05,2000,MLS,True,New England Revolution,San Jose Earthquakes,2,1,,,False,,False,,fbcsv-mls-2000-2000-05-05-New England Revolution-San Jose Earthquakes,Regular
2000-05-09,2000,MLS,True,Miami Fusion,D.C. United,1,0,,,False,,False,,fbcsv-mls-2000-2000-05-09-Miami Fusion-D.C. United,Regular
2000-05-12,2000,MLS,True,Chicago Fire,San Jose Earthquakes,4,1,,,False,,False,,fbcsv-mls-2000-2000-05-12-Chicago Fire-San Jose Earthquakes,Regular
2000-05-12,2000,MLS,True,Colorado Rapids,Miami Fusion,1,2,,,False,,False,,fbcsv-mls-2000-2000-05-12-Colorado Rapids-Miami Fusion,Regular
2000-05-12,2000,MLS,True,D.C. United,New England Revolution,1,3,,,False,,False,,fbcsv-mls-2000-2000-05-12-D.C. United-New England Revolution,Regular
2000-05-12,2000,MLS,True,FC Dallas,LA Galaxy,1,1,,,False,,False,,fbcsv-mls-2000-2000-05-12-FC Dallas-LA Galaxy,Regular
2000-05-12,2000,MLS,True,Tampa Bay Mutiny,Columbus Crew SC,3,1,,,False,,False,,fbcsv-mls-2000-2000-05-12-Tampa Bay Mutiny-Columbus Crew SC,Regular
2000-05-12,2000,MLS,True,Sporting Kansas City,Red Bull New York,2,0,,,False,,False,,fbcsv-mls-2000-2000-05-12-Sporting Kansas City-Red Bull New York,Regular
2000-05-16,2000,MLS,True,San Jose Earthquakes,LA Galaxy,0,0,,,False,,False,,fbcsv-mls-2000-2000-05-16-San Jose Earthquakes-LA Galaxy,Regular
2000-05-16,2000,MLS,True,New England Revolution,Colorado Rapids,3,4,,,False,,False,,fbcsv-mls-2000-2000-05-16-New England Revolution-Colorado Rapids,Regular
2000-05-16,2000,MLS,True,Sporting Kansas City,D.C. United,2,0,,,False,,False,,fbcsv-mls-2000-2000-05-16-Sporting Kansas City-D.C. United,Regular
2000-05-19,2000,MLS,True,Chicago Fire,New England Revolution,0,1,,,False,,False,,fbcsv-mls-2000-2000-05-19-Chicago Fire-New England Revolution,Regular
2000-05-19,2000,MLS,True,Columbus Crew SC,FC Dallas,2,1,,,False,,False,,fbcsv-mls-2000-2000-05-19-Columbus Crew SC-FC Dallas,Regular
2000-05-19,2000,MLS,True,LA Galaxy,D.C. United,2,1,,,False,,False,,fbcsv-mls-2000-2000-05-19-LA Galaxy-D.C. United,Regular
2000-05-19,2000,MLS,True,Miami Fusion,Colorado Rapids,2,0,,,False,,False,,fbcsv-mls-2000-2000-05-19-Miami Fusion-Colorado Rapids,Regular
2000-05-19,2000,MLS,True,Red Bull New York,Tampa Bay Mutiny,3,2,,,False,,False,,fbcsv-mls-2000-2000-05-19-Red Bull New York-Tampa Bay Mutiny,Regular
2000-05-19,2000,MLS,True,Sporting Kansas City,San Jose Earthquakes,2,0,,,False,,False,,fbcsv-mls-2000-2000-05-19-Sporting Kansas City-San Jose Earthquakes,Regular
2000-05-23,2000,MLS,True,Chicago Fire,FC Dallas,4,3,,,False,,False,,fbcsv-mls-2000-2000-05-23-Chicago Fire-FC Dallas,Regular
2000-05-23,2000,MLS,True,New England Revolution,LA Galaxy,2,1,,,False,,False,,fbcsv-mls-2000-2000-05-23-New England Revolution-LA Galaxy,Regular
2000-05-26,2000,MLS,True,D.C. United,FC Dallas,3,2,,,False,,False,,fbcsv-mls-2000-2000-05-26-D.C. United-FC Dallas,Regular
2000-05-26,2000,MLS,True,LA Galaxy,San Jose Earthquakes,1,1,,,False,,False,,fbcsv-mls-2000-2000-05-26-LA Galaxy-San Jose Earthquakes,Regular
2000-05-26,2000,MLS,True,Miami Fusion,Columbus Crew SC,2,4,,,False,,False,,fbcsv-mls-2000-2000-05-26-Miami Fusion-Columbus Crew SC,Regular
2000-05-26,2000,MLS,True,Tampa Bay Mutiny,Sporting Kansas City,1,2,,,False,,False,,fbcsv-mls-2000-2000-05-26-Tampa Bay Mutiny-Sporting Kansas City,Regular
2000-05-26,2000,MLS,True,Red Bull New York,Chicago Fire,4,1,,,False,,False,,fbcsv-mls-2000-2000-05-26-Red Bull New York-Chicago Fire,Regular
2000-05-28,2000,MLS,True,Colorado Rapids,New England Revolution,2,1,,,False,,False,,fbcsv-mls-2000-2000-05-28-Colorado Rapids-New England Revolution,Regular
2000-06-02,2000,MLS,True,Columbus Crew SC,D.C. United,1,1,,,False,,False,,fbcsv-mls-2000-2000-06-02-Columbus Crew SC-D.C. United,Regular
2000-06-02,2000,MLS,True,FC Dallas,Tampa Bay Mutiny,2,3,,,False,,False,,fbcsv-mls-2000-2000-06-02-FC Dallas-Tampa Bay Mutiny,Regular
2000-06-02,2000,MLS,True,San Jose Earthquakes,Colorado Rapids,4,2,,,False,,False,,fbcsv-mls-2000-2000-06-02-San Jose Earthquakes-Colorado Rapids,Regular
2000-06-02,2000,MLS,True,LA Galaxy,Red Bull New York,0,2,,,False,,False,,fbcsv-mls-2000-2000-06-02-LA Galaxy-Red Bull New York,Regular
2000-06-02,2000,MLS,True,New England Revolution,Miami Fusion,2,0,,,False,,False,,fbcsv-mls-2000-2000-06-02-New England Revolution-Miami Fusion,Regular
2000-06-03,2000,MLS,True,Chicago Fire,Sporting Kansas City,3,2,,,False,,False,,fbcsv-mls-2000-2000-06-03-Chicago Fire-Sporting Kansas City,Regular
2000-06-06,2000,MLS,True,Chicago Fire,Miami Fusion,2,1,,,False,,False,,fbcsv-mls-2000-2000-06-06-Chicago Fire-Miami Fusion,Regular
2000-06-06,2000,MLS,True,FC Dallas,Columbus Crew SC,3,2,,,False,,False,,fbcsv-mls-2000-2000-06-06-FC Dallas-Columbus Crew SC,Regular
2000-06-08,2000,MLS,True,Red Bull New York,Tampa Bay Mutiny,0,3,,,False,,False,,fbcsv-mls-2000-2000-06-08-Red Bull New York-Tampa Bay Mutiny,Regular
2000-06-09,2000,MLS,True,Colorado Rapids,LA Galaxy,1,0,,,False,,False,,fbcsv-mls-2000-2000-06-09-Colorado Rapids-LA Galaxy,Regular
2000-06-09,2000,MLS,True,Columbus Crew SC,FC Dallas,1,1,,,False,,False,,fbcsv-mls-2000-2000-06-09-Columbus Crew SC-FC Dallas,Regular
2000-06-09,2000,MLS,True,D.C. United,Sporting Kansas City,0,0,,,False,,False,,fbcsv-mls-2000-2000-06-09-D.C. United-Sporting Kansas City,Regular
2000-06-09,2000,MLS,True,Miami Fusion,Chicago Fire,4,2,,,False,,False,,fbcsv-mls-2000-2000-06-09-Miami Fusion-Chicago Fire,Regular
2000-06-09,2000,MLS,True,New England Revolution,San Jose Earthquakes,3,0,,,False,,False,,fbcsv-mls-2000-2000-06-09-New England Revolution-San Jose Earthquakes,Regular
2000-06-16,2000,MLS,True,Chicago Fire,D.C. United,3,2,,,False,,False,,fbcsv-mls-2000-2000-06-16-Chicago Fire-D.C. United,Regular
2000-06-16,2000,MLS,True,Colorado Rapids,Columbus Crew SC,0,0,,,False,,False,,fbcsv-mls-2000-2000-06-16-Colorado Rapids-Columbus Crew SC,Regular
2000-06-16,2000,MLS,True,FC Dallas,Sporting Kansas City,4,1,,,False,,False,,fbcsv-mls-2000-2000-06-16-FC Dallas-Sporting Kansas City,Regular
2000-06-16,2000,MLS,True,San Jose Earthquakes,Miami Fusion,3,1,,,False,,False,,fbcsv-mls-2000-2000-06-16-San Jose Earthquakes-Miami Fusion,Regular
2000-06-16,2000,MLS,True,LA Galaxy,Tampa Bay Mutiny,2,1,,,False,,False,,fbcsv-mls-2000-2000-06-16-LA Galaxy-Tampa Bay Mutiny,Regular
2000-06-16,2000,MLS,True,Red Bull New York,New England Revolution,4,2,,,False,,False,,fbcsv-mls-2000-2000-06-16-Red Bull New York-New England Revolution,Regular
2000-06-20,2000,MLS,True,San Jose Earthquakes,New England Revolution,2,2,,,False,,False,,fbcsv-mls-2000-2000-06-20-San Jose Earthquakes-New England Revolution,Regular
2000-06-20,2000,MLS,True,LA Galaxy,Chicago Fire,1,1,,,False,,False,,fbcsv-mls-2000-2000-06-20-LA Galaxy-Chicago Fire,Regular
2000-06-20,2000,MLS,True,Tampa Bay Mutiny,Miami Fusion,1,4,,,False,,False,,fbcsv-mls-2000-2000-06-20-Tampa Bay Mutiny-Miami Fusion,Regular
2000-06-20,2000,MLS,True,Red Bull New York,D.C. United,2,2,,,False,,False,,fbcsv-mls-2000-2000-06-20-Red Bull New York-D.C. United,Regular
2000-06-20,2000,MLS,True,Sporting Kansas City,FC Dallas,0,0,,,False,,False,,fbcsv-mls-2000-2000-06-20-Sporting Kansas City-FC Dallas,Regular
2000-06-23,2000,MLS,True,Colorado Rapids,Red Bull New York,1,3,,,False,,False,,fbcsv-mls-2000-2000-06-23-Colorado Rapids-Red Bull New York,Regular
2000-06-23,2000,MLS,True,Columbus Crew SC,New England Revolution,3,1,,,False,,False,,fbcsv-mls-2000-2000-06-23-Columbus Crew SC-New England Revolution,Regular
2000-06-23,2000,MLS,True,D.C. United,FC Dallas,2,0,,,False,,False,,fbcsv-mls-2000-2000-06-23-D.C. United-FC Dallas,Regular
2000-06-23,2000,MLS,True,San Jose Earthquakes,Chicago Fire,1,1,,,False,,False,,fbcsv-mls-2000-2000-06-23-San Jose Earthquakes-Chicago Fire,Regular
2000-06-23,2000,MLS,True,Miami Fusion,Tampa Bay Mutiny,2,3,,,False,,False,,fbcsv-mls-2000-2000-06-23-Miami Fusion-Tampa Bay Mutiny,Regular
2000-06-23,2000,MLS,True,Sporting Kansas City,LA Galaxy,2,0,,,False,,False,,fbcsv-mls-2000-2000-06-23-Sporting Kansas City-LA Galaxy,Regular
2000-06-27,2000,MLS,True,Colorado Rapids,FC Dallas,1,0,,,False,,False,,fbcsv-mls-2000-2000-06-27-Colorado Rapids-FC Dallas,Regular
2000-06-27,2000,MLS,True,Columbus Crew SC,Tampa Bay Mutiny,1,2,,,False,,False,,fbcsv-mls-2000-2000-06-27-Columbus Crew SC-Tampa Bay Mutiny,Regular
2000-06-27,2000,MLS,True,D.C. United,LA Galaxy,1,2,,,False,,False,,fbcsv-mls-2000-2000-06-27-D.C. United-LA Galaxy,Regular
2000-06-27,2000,MLS,True,Red Bull New York,San Jose Earthquakes,0,0,,,False,,False,,fbcsv-mls-2000-2000-06-27-Red Bull New York-San Jose Earthquakes,Regular
2000-06-30,2000,MLS,True,Columbus Crew SC,San Jose Earthquakes,2,1,,,False,,False,,fbcsv-mls-2000-2000-06-30-Columbus Crew SC-San Jose Earthquakes,Regular
2000-06-30,2000,MLS,True,D.C. United,Colorado Rapids,1,1,,,False,,False,,fbcsv-mls-2000-2000-06-30-D.C. United-Colorado Rapids,Regular
2000-06-30,2000,MLS,True,FC Dallas,LA Galaxy,4,2,,,False,,False,,fbcsv-mls-2000-2000-06-30-FC Dallas-LA Galaxy,Regular
2000-06-30,2000,MLS,True,Tampa Bay Mutiny,Red Bull New York,0,2,,,False,,False,,fbcsv-mls-2000-2000-06-30-Tampa Bay Mutiny-Red Bull New York,Regular
2000-07-03,2000,MLS,True,Colorado Rapids,Chicago Fire,2,1,,,False,,False,,fbcsv-mls-2000-2000-07-03-Colorado Rapids-Chicago Fire,Regular
2000-07-03,2000,MLS,True,San Jose Earthquakes,Sporting Kansas City,0,0,,,False,,False,,fbcsv-mls-2000-2000-07-03-San Jose Earthquakes-Sporting Kansas City,Regular
2000-07-03,2000,MLS,True,LA Galaxy,Columbus Crew SC,1,0,,,False,,False,,fbcsv-mls-2000-2000-07-03-LA Galaxy-Columbus Crew SC,Regular
2000-07-03,2000,MLS,True,Miami Fusion,New England Revolution,2,1,,,False,,False,,fbcsv-mls-2000-2000-07-03-Miami Fusion-New England Revolution,Regular
2000-07-03,2000,MLS,True,Tampa Bay Mutiny,D.C. United,3,0,,,False,,False,,fbcsv-mls-2000-2000-07-03-Tampa Bay Mutiny-D.C. United,Regular
2000-07-04,2000,MLS,True,Red Bull New York,FC Dallas,2,1,,,False,,False,,fbcsv-mls-2000-2000-07-04-Red Bull New York-FC Dallas,Regular
2000-07-07,2000,MLS,True,Chicago Fire,Columbus Crew SC,3,1,,,False,,False,,fbcsv-mls-2000-2000-07-07-Chicago Fire-Columbus Crew SC,Regular
2000-07-07,2000,MLS,True,Colorado Rapids,San Jose Earthquakes,0,1,,,False,,False,,fbcsv-mls-2000-2000-07-07-Colorado Rapids-San Jose Earthquakes,Regular
2000-07-07,2000,MLS,True,FC Dallas,D.C. United,3,0,,,False,,False,,fbcsv-mls-2000-2000-07-07-FC Dallas-D.C. United,Regular
2000-07-07,2000,MLS,True,Miami Fusion,LA Galaxy,3,5,,,False,,False,,fbcsv-mls-2000-2000-07-07-Miami Fusion-LA Galaxy,Regular
2000-07-07,2000,MLS,True,Sporting Kansas City,Red Bull New York,0,1,,,False,,False,,fbcsv-mls-2000-2000-07-07-Sporting Kansas City-Red Bull New York,Regular
2000-07-11,2000,MLS,True,Columbus Crew SC,New England Revolution,4,1,,,False,,False,,fbcsv-mls-2000-2000-07-11-Columbus Crew SC-New England Revolution,Regular
2000-07-11,2000,MLS,True,D.C. United,Tampa Bay Mutiny,2,2,,,False,,False,,fbcsv-mls-2000-2000-07-11-D.C. United-Tampa Bay Mutiny,Regular
2000-07-14,2000,MLS,True,Chicago Fire,Tampa Bay Mutiny,0,0,,,False,,False,,fbcsv-mls-2000-2000-07-14-Chicago Fire-Tampa Bay Mutiny,Regular
2000-07-14,2000,MLS,True,Columbus Crew SC,Sporting Kansas City,2,0,,,False,,False,,fbcsv-mls-2000-2000-07-14-Columbus Crew SC-Sporting Kansas City,Regular
2000-07-14,2000,MLS,True,San Jose Earthquakes,Colorado Rapids,1,2,,,False,,False,,fbcsv-mls-2000-2000-07-14-San Jose Earthquakes-Colorado Rapids,Regular
2000-07-14,2000,MLS,True,LA Galaxy,D.C. United,1,2,,,False,,False,,fbcsv-mls-2000-2000-07-14-LA Galaxy-D.C. United,Regular
2000-07-14,2000,MLS,True,Miami Fusion,FC Dallas,0,3,,,False,,False,,fbcsv-mls-2000-2000-07-14-Miami Fusion-FC Dallas,Regular
2000-07-14,2000,MLS,True,New England Revolution,Red Bull New York,0,2,,,False,,False,,fbcsv-mls-2000-2000-07-14-New England Revolution-Red Bull New York,Regular
2000-07-18,2000,MLS,True,FC Dallas,Miami Fusion,1,1,,,False,,False,,fbcsv-mls-2000-2000-07-18-FC Dallas-Miami Fusion,Regular
2000-07-18,2000,MLS,True,Sporting Kansas City,New England Revolution,0,1,,,False,,False,,fbcsv-mls-2000-2000-07-18-Sporting Kansas City-New England Revolution,Regular
2000-07-20,2000,MLS,True,Colorado Rapids,Chicago Fire,1,1,,,False,,False,,fbcsv-mls-2000-2000-07-20-Colorado Rapids-Chicago Fire,Regular
2000-07-21,2000,MLS,True,San Jose Earthquakes,New England Revolution,1,2,,,False,,False,,fbcsv-mls-2000-2000-07-21-San Jose Earthquakes-New England Revolution,Regular
2000-07-21,2000,MLS,True,Tampa Bay Mutiny,LA Galaxy,2,0,,,False,,False,,fbcsv-mls-2000-2000-07-21-Tampa Bay Mutiny-LA Galaxy,Regular
2000-07-21,2000,MLS,True,Red Bull New York,Miami Fusion,4,2,,,False,,False,,fbcsv-mls-2000-2000-07-21-Red Bull New York-Miami Fusion,Regular
2000-07-21,2000,MLS,True,Sporting Kansas City,Columbus Crew SC,3,1,,,False,,False,,fbcsv-mls-2000-2000-07-21-Sporting Kansas City-Columbus Crew SC,Regular
2000-08-01,2000,MLS,True,D.C. United,Red Bull New York,3,2,,,False,,False,,fbcsv-mls-2000-2000-08-01-D.C. United-Red Bull New York,Regular
2000-08-01,2000,MLS,True,San Jose Earthquakes,Columbus Crew SC,1,2,,,False,,False,,fbcsv-mls-2000-2000-08-01-San Jose Earthquakes-Columbus Crew SC,Regular
2000-08-01,2000,MLS,True,Tampa Bay Mutiny,Chicago Fire,0,1,,,False,,False,,fbcsv-mls-2000-2000-08-01-Tampa Bay Mutiny-Chicago Fire,Regular
2000-08-01,2000,MLS,True,New England Revolution,FC Dallas,1,2,,,False,,False,,fbcsv-mls-2000-2000-08-01-New England Revolution-FC Dallas,Regular
2000-08-01,2000,MLS,True,Sporting Kansas City,Colorado Rapids,3,1,,,False,,False,,fbcsv-mls-2000-2000-08-01-Sporting Kansas City-Colorado Rapids,Regular
2000-08-04,2000,MLS,True,Colorado Rapids,San Jose Earthquakes,2,0,,,False,,False,,fbcsv-mls-2000-2000-08-04-Colorado Rapids-San Jose Earthquakes,Regular
2000-08-04,2000,MLS,True,D.C. United,Miami Fusion,1,3,,,False,,False,,fbcsv-mls-2000-2000-08-04-D.C. United-Miami Fusion,Regular
2000-08-04,2000,MLS,True,New England Revolution,Columbus Crew SC,1,1,,,False,,False,,fbcsv-mls-2000-2000-08-04-New England Revolution-Columbus Crew SC,Regular
2000-08-04,2000,MLS,True,Sporting Kansas City,LA Galaxy,1,5,,,False,,False,,fbcsv-mls-2000-2000-08-04-Sporting Kansas City-LA Galaxy,Regular
2000-08-05,2000,MLS,True,Chicago Fire,Red Bull New York,3,1,,,False,,False,,fbcsv-mls-2000-2000-08-05-Chicago Fire-Red Bull New York,Regular
2000-08-05,2000,MLS,True,Tampa Bay Mutiny,FC Dallas,2,1,,,False,,False,,fbcsv-mls-2000-2000-08-05-Tampa Bay Mutiny-FC Dallas,Regular
2000-08-11,2000,MLS,True,FC Dallas,D.C. United,1,0,,,False,,False,,fbcsv-mls-2000-2000-08-11-FC Dallas-D.C. United,Regular
2000-08-11,2000,MLS,True,San Jose Earthquakes,Tampa Bay Mutiny,1,2,,,False,,False,,fbcsv-mls-2000-2000-08-11-San Jose Earthquakes-Tampa Bay Mutiny,Regular
2000-08-11,2000,MLS,True,LA Galaxy,Sporting Kansas City,1,1,,,False,,False,,fbcsv-mls-2000-2000-08-11-LA Galaxy-Sporting Kansas City,Regular
2000-08-11,2000,MLS,True,Miami Fusion,Colorado Rapids,4,1,,,False,,False,,fbcsv-mls-2000-2000-08-11-Miami Fusion-Colorado Rapids,Regular
2000-08-11,2000,MLS,True,Red Bull New York,New England Revolution,2,1,,,False,,False,,fbcsv-mls-2000-2000-08-11-Red Bull New York-New England Revolution,Regular
2000-08-15,2000,MLS,True,Columbus Crew SC,Miami Fusion,2,0,,,False,,False,,fbcsv-mls-2000-2000-08-15-Columbus Crew SC-Miami Fusion,Regular
2000-08-15,2000,MLS,True,FC Dallas,Chicago Fire,3,0,,,False,,False,,fbcsv-mls-2000-2000-08-15-FC Dallas-Chicago Fire,Regular
2000-08-15,2000,MLS,True,San Jose Earthquakes,Sporting Kansas City,0,3,,,False,,False,,fbcsv-mls-2000-2000-08-15-San Jose Earthquakes-Sporting Kansas City,Regular
2000-08-15,2000,MLS,True,LA Galaxy,Colorado Rapids,1,0,,,False,,False,,fbcsv-mls-2000-2000-08-15-LA Galaxy-Colorado Rapids,Regular
2000-08-15,2000,MLS,True,Tampa Bay Mutiny,Red Bull New York,4,3,,,False,,False,,fbcsv-mls-2000-2000-08-15-Tampa Bay Mutiny-Red Bull New York,Regular
2000-08-18,2000,MLS,True,Chicago Fire,LA Galaxy,2,1,,,False,,False,,fbcsv-mls-2000-2000-08-18-Chicago Fire-LA Galaxy,Regular
2000-08-18,2000,MLS,True,D.C. United,San Jose Earthquakes,0,1,,,False,,False,,fbcsv-mls-2000-2000-08-18-D.C. United-San Jose Earthquakes,Regular
2000-08-18,2000,MLS,True,New England Revolution,Tampa Bay Mutiny,2,1,,,False,,False,,fbcsv-mls-2000-2000-08-18-New England Revolution-Tampa Bay Mutiny,Regular
2000-08-19,2000,MLS,True,Red Bull New York,Colorado Rapids,5,3,,,False,,False,,fbcsv-mls-2000-2000-08-19-Red Bull New York-Colorado Rapids,Regular
2000-08-19,2000,MLS,True,Sporting Kansas City,Miami Fusion,1,2,,,False,,False,,fbcsv-mls-2000-2000-08-19-Sporting Kansas City-Miami Fusion,Regular
2000-08-22,2000,MLS,True,Red Bull New York,Sporting Kansas City,0,0,,,False,,False,,fbcsv-mls-2000-2000-08-22-Red Bull New York-Sporting Kansas City,Regular
2000-08-25,2000,MLS,True,Colorado Rapids,Sporting Kansas City,1,1,,,False,,False,,fbcsv-mls-2000-2000-08-25-Colorado Rapids-Sporting Kansas City,Regular
2000-08-25,2000,MLS,True,D.C. United,Miami Fusion,2,1,,,False,,False,,fbcsv-mls-2000-2000-08-25-D.C. United-Miami Fusion,Regular
2000-08-25,2000,MLS,True,FC Dallas,Red Bull New York,4,6,,,False,,False,,fbcsv-mls-2000-2000-08-25-FC Dallas-Red Bull New York,Regular
2000-08-25,2000,MLS,True,San Jose Earthquakes,LA Galaxy,0,3,,,False,,False,,fbcsv-mls-2000-2000-08-25-San Jose Earthquakes-LA Galaxy,Regular
2000-08-25,2000,MLS,True,Tampa Bay Mutiny,Chicago Fire,3,3,,,False,,False,,fbcsv-mls-2000-2000-08-25-Tampa Bay Mutiny-Chicago Fire,Regular
2000-08-25,2000,MLS,True,New England Revolution,Columbus Crew SC,2,1,,,False,,False,,fbcsv-mls-2000-2000-08-25-New England Revolution-Columbus Crew SC,Regular
2000-08-29,2000,MLS,True,Chicago Fire,FC Dallas,4,0,,,False,,False,,fbcsv-mls-2000-2000-08-29-Chicago Fire-FC Dallas,Regular
2000-08-29,2000,MLS,True,Colorado Rapids,Miami Fusion,3,1,,,False,,False,,fbcsv-mls-2000-2000-08-29-Colorado Rapids-Miami Fusion,Regular
2000-08-29,2000,MLS,True,Columbus Crew SC,Tampa Bay Mutiny,3,4,,,False,,False,,fbcsv-mls-2000-2000-08-29-Columbus Crew SC-Tampa Bay Mutiny,Regular
2000-08-29,2000,MLS,True,LA Galaxy,San Jose Earthquakes,2,1,,,False,,False,,fbcsv-mls-2000-2000-08-29-LA Galaxy-San Jose Earthquakes,Regular
2000-08-29,2000,MLS,True,New England Revolution,D.C. United,1,0,,,False,,False,,fbcsv-mls-2000-2000-08-29-New England Revolution-D.C. United,Regular
2000-09-01,2000,MLS,True,San Jose Earthquakes,Columbus Crew SC,3,0,,,False,,False,,fbcsv-mls-2000-2000-09-01-San Jose Earthquakes-Columbus Crew SC,Regular
2000-09-01,2000,MLS,True,Miami Fusion,Red Bull New York,4,1,,,False,,False,,fbcsv-mls-2000-2000-09-01-Miami Fusion-Red Bull New York,Regular
2000-09-01,2000,MLS,True,Sporting Kansas City,Tampa Bay Mutiny,1,0,,,False,,False,,fbcsv-mls-2000-2000-09-01-Sporting Kansas City-Tampa Bay Mutiny,Regular
2000-09-02,2000,MLS,True,Chicago Fire,Colorado Rapids,2,1,,,False,,False,,fbcsv-mls-2000-2000-09-02-Chicago Fire-Colorado Rapids,Regular
2000-09-02,2000,MLS,True,D.C. United,New England Revolution,2,0,,,False,,False,,fbcsv-mls-2000-2000-09-02-D.C. United-New England Revolution,Regular
2000-09-04,2000,MLS,True,Red Bull New York,Miami Fusion,2,1,,,False,,False,,fbcsv-mls-2000-2000-09-04-Red Bull New York-Miami Fusion,Regular
2000-09-05,2000,MLS,True,Chicago Fire,Columbus Crew SC,3,1,,,False,,False,,fbcsv-mls-2000-2000-09-05-Chicago Fire-Columbus Crew SC,Regular
2000-09-05,2000,MLS,True,LA Galaxy,FC Dallas,0,1,,,False,,False,,fbcsv-mls-2000-2000-09-05-LA Galaxy-FC Dallas,Regular
2000-09-05,2000,MLS,True,New England Revolution,Sporting Kansas City,0,1,,,False,,False,,fbcsv-mls-2000-2000-09-05-New England Revolution-Sporting Kansas City,Regular
2000-09-07,2000,MLS,True,Colorado Rapids,LA Galaxy,1,0,,,False,,False,,fbcsv-mls-2000-2000-09-07-Colorado Rapids-LA Galaxy,Regular
2000-09-08,2000,MLS,True,Columbus Crew SC,Chicago Fire,2,3,,,False,,False,,fbcsv-mls-2000-2000-09-08-Columbus Crew SC-Chicago Fire,Regular
2000-09-08,2000,MLS,True,D.C. United,Miami Fusion,2,6,,,False,,False,,fbcsv-mls-2000-2000-09-08-D.C. United-Miami Fusion,Regular
2000-09-08,2000,MLS,True,FC Dallas,San Jose Earthquakes,2,1,,,False,,False,,fbcsv-mls-2000-2000-09-08-FC Dallas-San Jose Earthquakes,Regular
2000-09-08,2000,MLS,True,Tampa Bay Mutiny,Sporting Kansas City,2,2,,,False,,False,,fbcsv-mls-2000-2000-09-08-Tampa Bay Mutiny-Sporting Kansas City,Regular
2000-09-08,2000,MLS,True,New England Revolution,Red Bull New York,4,3,,,False,,False,,fbcsv-mls-2000-2000-09-08-New England Revolution-Red Bull New York,Regular
2000-09-13,2000,MLS,True,Tampa Bay Mutiny,LA Galaxy,0,1,,,False,,False,,fbcsv-mls-2000-2000-09-13-Tampa Bay Mutiny-LA Galaxy,Playoff
2000-09-14,2000,MLS,True,Chicago Fire,New England Revolution,2,1,,,False,,False,,fbcsv-mls-2000-2000-09-14-Chicago Fire-New England Revolution,Playoff
2000-09-15,2000,MLS,True,Sporting Kansas City,Colorado Rapids,1,0,,,False,,False,,fbcsv-mls-2000-2000-09-15-Sporting Kansas City-Colorado Rapids,Playoff
2000-09-18,2000,MLS,True,New England Revolution,Chicago Fire,2,1,,,False,,False,,fbcsv-mls-2000-2000-09-18-New England Revolution-Chicago Fire,Playoff
2000-09-19,2000,MLS,True,Colorado Rapids,Sporting Kansas City,0,0,,,False,,False,,fbcsv-mls-2000-2000-09-19-Colorado Rapids-Sporting Kansas City,Playoff
2000-09-19,2000,MLS,True,FC Dallas,Red Bull New York,1,2,,,False,,False,,fbcsv-mls-2000-2000-09-19-FC Dallas-Red Bull New York,Playoff
2000-09-19,2000,MLS,True,LA Galaxy,Tampa Bay Mutiny,5,2,,,False,,False,,fbcsv-mls-2000-2000-09-19-LA Galaxy-Tampa Bay Mutiny,Playoff
2000-09-21,2000,MLS,True,Chicago Fire,New England Revolution,6,0,,,False,,False,,fbcsv-mls-2000-2000-09-21-Chicago Fire-New England Revolution,Playoff
2000-09-23,2000,MLS,True,Sporting Kansas City,Colorado Rapids,3,2,,,False,,False,,fbcsv-mls-2000-2000-09-23-Sporting Kansas City-Colorado Rapids,Playoff
2000-09-25,2000,MLS,True,Chicago Fire,Red Bull New York,3,0,,,False,,False,,fbcsv-mls-2000-2000-09-25-Chicago Fire-Red Bull New York,Playoff
2000-09-28,2000,MLS,True,Sporting Kansas City,LA Galaxy,0,0,,,False,,False,,fbcsv-mls-2000-2000-09-28-Sporting Kansas City-LA Galaxy,Playoff
2000-09-29,2000,MLS,True,Red Bull New York,Chicago Fire,2,0,,,False,,False,,fbcsv-mls-2000-2000-09-29-Red Bull New York-Chicago Fire,Playoff
2000-10-05,2000,MLS,True,Chicago Fire,Red Bull New York,3,2,,,False,,False,,fbcsv-mls-2000-2000-10-05-Chicago Fire-Red Bull New York,Playoff
2000-10-05,2000,MLS,True,Sporting Kansas City,LA Galaxy,1,0,,,False,,False,,fbcsv-mls-2000-2000-10-05-Sporting Kansas City-LA Galaxy,Playoff
2000-10-14,2000,MLS,True,Chicago Fire,Sporting Kansas City,0,1,,,False,,False,,fbcsv-mls-2000-2000-10-14-Chicago Fire-Sporting Kansas City,Playoff
2001-04-06,2001,MLS,True,Columbus Crew SC,Chicago Fire,1,1,,,False,,False,,fbcsv-mls-2001-2001-04-06-Columbus Crew SC-Chicago Fire,Regular
2001-04-06,2001,MLS,True,D.C. United,Sporting Kansas City,3,2,,,False,,False,,fbcsv-mls-2001-2001-04-06-D.C. United-Sporting Kansas City,Regular
2001-04-06,2001,MLS,True,FC Dallas,Tampa Bay Mutiny,2,4,,,False,,False,,fbcsv-mls-2001-2001-04-06-FC Dallas-Tampa Bay Mutiny,Regular
2001-04-06,2001,MLS,True,LA Galaxy,San Jose Earthquakes,2,3,,,False,,False,,fbcsv-mls-2001-2001-04-06-LA Galaxy-San Jose Earthquakes,Regular
2001-04-06,2001,MLS,True,Miami Fusion,Colorado Rapids,2,1,,,False,,False,,fbcsv-mls-2001-2001-04-06-Miami Fusion-Colorado Rapids,Regular
2001-04-06,2001,MLS,True,Red Bull New York,New England Revolution,2,1,,,False,,False,,fbcsv-mls-2001-2001-04-06-Red Bull New York-New England Revolution,Regular
2001-04-13,2001,MLS,True,Chicago Fire,D.C. United,2,0,,,False,,False,,fbcsv-mls-2001-2001-04-13-Chicago Fire-D.C. United,Regular
2001-04-13,2001,MLS,True,Colorado Rapids,Red Bull New York,1,1,,,False,,False,,fbcsv-mls-2001-2001-04-13-Colorado Rapids-Red Bull New York,Regular
2001-04-13,2001,MLS,True,San Jose Earthquakes,FC Dallas,0,1,,,False,,False,,fbcsv-mls-2001-2001-04-13-San Jose Earthquakes-FC Dallas,Regular
2001-04-13,2001,MLS,True,Tampa Bay Mutiny,Columbus Crew SC,1,2,,,False,,False,,fbcsv-mls-2001-2001-04-13-Tampa Bay Mutiny-Columbus Crew SC,Regular
2001-04-13,2001,MLS,True,New England Revolution,Miami Fusion,0,1,,,False,,False,,fbcsv-mls-2001-2001-04-13-New England Revolution-Miami Fusion,Regular
2001-04-13,2001,MLS,True,Sporting Kansas City,LA Galaxy,2,1,,,False,,False,,fbcsv-mls-2001-2001-04-13-Sporting Kansas City-LA Galaxy,Regular
2001-04-17,2001,MLS,True,Sporting Kansas City,Miami Fusion,2,1,,,False,,False,,fbcsv-mls-2001-2001-04-17-Sporting Kansas City-Miami Fusion,Regular
2001-04-20,2001,MLS,True,Columbus Crew SC,Sporting Kansas City,0,3,,,False,,False,,fbcsv-mls-2001-2001-04-20-Columbus Crew SC-Sporting Kansas City,Regular
2001-04-20,2001,MLS,True,D.C. United,New England Revolution,2,1,,,False,,False,,fbcsv-mls-2001-2001-04-20-D.C. United-New England Revolution,Regular
2001-04-20,2001,MLS,True,FC Dallas,Chicago Fire,3,2,,,False,,False,,fbcsv-mls-2001-2001-04-20-FC Dallas-Chicago Fire,Regular
2001-04-20,2001,MLS,True,LA Galaxy,Colorado Rapids,1,0,,,False,,False,,fbcsv-mls-2001-2001-04-20-LA Galaxy-Colorado Rapids,Regular
2001-04-20,2001,MLS,True,Miami Fusion,San Jose Earthquakes,2,1,,,False,,False,,fbcsv-mls-2001-2001-04-20-Miami Fusion-San Jose Earthquakes,Regular
2001-04-20,2001,MLS,True,Red Bull New York,Tampa Bay Mutiny,1,3,,,False,,False,,fbcsv-mls-2001-2001-04-20-Red Bull New York-Tampa Bay Mutiny,Regular
2001-04-27,2001,MLS,True,Colorado Rapids,LA Galaxy,2,3,,,False,,False,,fbcsv-mls-2001-2001-04-27-Colorado Rapids-LA Galaxy,Regular
2001-04-27,2001,MLS,True,Miami Fusion,New England Revolution,1,0,,,False,,False,,fbcsv-mls-2001-2001-04-27-Miami Fusion-New England Revolution,Regular
2001-04-27,2001,MLS,True,Tampa Bay Mutiny,Chicago Fire,0,1,,,False,,False,,fbcsv-mls-2001-2001-04-27-Tampa Bay Mutiny-Chicago Fire,Regular
2001-04-27,2001,MLS,True,Red Bull New York,FC Dallas,3,2,,,False,,False,,fbcsv-mls-2001-2001-04-27-Red Bull New York-FC Dallas,Regular
2001-04-27,2001,MLS,True,Sporting Kansas City,San Jose Earthquakes,0,0,,,False,,False,,fbcsv-mls-2001-2001-04-27-Sporting Kansas City-San Jose Earthquakes,Regular
2001-05-01,2001,MLS,True,Red Bull New York,Sporting Kansas City,4,1,,,False,,False,,fbcsv-mls-2001-2001-05-01-Red Bull New York-Sporting Kansas City,Regular
2001-05-04,2001,MLS,True,Chicago Fire,Tampa Bay Mutiny,2,0,,,False,,False,,fbcsv-mls-2001-2001-05-04-Chicago Fire-Tampa Bay Mutiny,Regular
2001-05-04,2001,MLS,True,Columbus Crew SC,Miami Fusion,0,0,,,False,,False,,fbcsv-mls-2001-2001-05-04-Columbus Crew SC-Miami Fusion,Regular
2001-05-04,2001,MLS,True,FC Dallas,Colorado Rapids,0,1,,,False,,False,,fbcsv-mls-2001-2001-05-04-FC Dallas-Colorado Rapids,Regular
2001-05-04,2001,MLS,True,San Jose Earthquakes,New England Revolution,3,2,,,False,,False,,fbcsv-mls-2001-2001-05-04-San Jose Earthquakes-New England Revolution,Regular
2001-05-04,2001,MLS,True,LA Galaxy,Sporting Kansas City,2,1,,,False,,False,,fbcsv-mls-2001-2001-05-04-LA Galaxy-Sporting Kansas City,Regular
2001-05-04,2001,MLS,True,Red Bull New York,D.C. United,3,2,,,False,,False,,fbcsv-mls-2001-2001-05-04-Red Bull New York-D.C. United,Regular
2001-05-08,2001,MLS,True,D.C. United,New England Revolution,5,0,,,False,,False,,fbcsv-mls-2001-2001-05-08-D.C. United-New England Revolution,Regular
2001-05-08,2001,MLS,True,Tampa Bay Mutiny,LA Galaxy,4,4,,,False,,False,,fbcsv-mls-2001-2001-05-08-Tampa Bay Mutiny-LA Galaxy,Regular
2001-05-11,2001,MLS,True,Colorado Rapids,Tampa Bay Mutiny,2,1,,,False,,False,,fbcsv-mls-2001-2001-05-11-Colorado Rapids-Tampa Bay Mutiny,Regular
2001-05-11,2001,MLS,True,D.C. United,San Jose Earthquakes,2,3,,,False,,False,,fbcsv-mls-2001-2001-05-11-D.C. United-San Jose Earthquakes,Regular
2001-05-11,2001,MLS,True,FC Dallas,Columbus Crew SC,4,0,,,False,,False,,fbcsv-mls-2001-2001-05-11-FC Dallas-Columbus Crew SC,Regular
2001-05-11,2001,MLS,True,New England Revolution,Chicago Fire,2,1,,,False,,False,,fbcsv-mls-2001-2001-05-11-New England Revolution-Chicago Fire,Regular
2001-05-11,2001,MLS,True,Red Bull New York,LA Galaxy,2,0,,,False,,False,,fbcsv-mls-2001-2001-05-11-Red Bull New York-LA Galaxy,Regular
2001-05-15,2001,MLS,True,New England Revolution,Columbus Crew SC,2,1,,,False,,False,,fbcsv-mls-2001-2001-05-15-New England Revolution-Columbus Crew SC,Regular
2001-05-15,2001,MLS,True,Red Bull New York,Colorado Rapids,1,0,,,False,,False,,fbcsv-mls-2001-2001-05-15-Red Bull New York-Colorado Rapids,Regular
2001-05-18,2001,MLS,True,Chicago Fire,Sporting Kansas City,2,0,,,False,,False,,fbcsv-mls-2001-2001-05-18-Chicago Fire-Sporting Kansas City,Regular
2001-05-18,2001,MLS,True,Colorado Rapids,New England Revolution,0,1,,,False,,False,,fbcsv-mls-2001-2001-05-18-Colorado Rapids-New England Revolution,Regular
2001-05-18,2001,MLS,True,Columbus Crew SC,D.C. United,2,1,,,False,,False,,fbcsv-mls-2001-2001-05-18-Columbus Crew SC-D.C. United,Regular
2001-05-18,2001,MLS,True,San Jose Earthquakes,Red Bull New York,2,0,,,False,,False,,fbcsv-mls-2001-2001-05-18-San Jose Earthquakes-Red Bull New York,Regular
2001-05-18,2001,MLS,True,LA Galaxy,FC Dallas,0,0,,,False,,False,,fbcsv-mls-2001-2001-05-18-LA Galaxy-FC Dallas,Regular
2001-05-18,2001,MLS,True,Miami Fusion,Tampa Bay Mutiny,3,1,,,False,,False,,fbcsv-mls-2001-2001-05-18-Miami Fusion-Tampa Bay Mutiny,Regular
2001-05-22,2001,MLS,True,Colorado Rapids,Miami Fusion,0,1,,,False,,False,,fbcsv-mls-2001-2001-05-22-Colorado Rapids-Miami Fusion,Regular
2001-05-22,2001,MLS,True,FC Dallas,San Jose Earthquakes,0,2,,,False,,False,,fbcsv-mls-2001-2001-05-22-FC Dallas-San Jose Earthquakes,Regular
2001-05-23,2001,MLS,True,Sporting Kansas City,Red Bull New York,1,0,,,False,,False,,fbcsv-mls-2001-2001-05-23-Sporting Kansas City-Red Bull New York,Regular
2001-05-25,2001,MLS,True,Chicago Fire,San Jose Earthquakes,1,1,,,False,,False,,fbcsv-mls-2001-2001-05-25-Chicago Fire-San Jose Earthquakes,Regular
2001-05-25,2001,MLS,True,Columbus Crew SC,Colorado Rapids,3,3,,,False,,False,,fbcsv-mls-2001-2001-05-25-Columbus Crew SC-Colorado Rapids,Regular
2001-05-25,2001,MLS,True,LA Galaxy,New England Revolution,2,0,,,False,,False,,fbcsv-mls-2001-2001-05-25-LA Galaxy-New England Revolution,Regular
2001-05-25,2001,MLS,True,Tampa Bay Mutiny,Miami Fusion,0,4,,,False,,False,,fbcsv-mls-2001-2001-05-25-Tampa Bay Mutiny-Miami Fusion,Regular
2001-05-29,2001,MLS,True,Chicago Fire,LA Galaxy,3,4,,,False,,False,,fbcsv-mls-2001-2001-05-29-Chicago Fire-LA Galaxy,Regular
2001-05-29,2001,MLS,True,San Jose Earthquakes,Colorado Rapids,1,1,,,False,,False,,fbcsv-mls-2001-2001-05-29-San Jose Earthquakes-Colorado Rapids,Regular
2001-05-29,2001,MLS,True,Miami Fusion,D.C. United,2,1,,,False,,False,,fbcsv-mls-2001-2001-05-29-Miami Fusion-D.C. United,Regular
2001-06-01,2001,MLS,True,Colorado Rapids,San Jose Earthquakes,1,2,,,False,,False,,fbcsv-mls-2001-2001-06-01-Colorado Rapids-San Jose Earthquakes,Regular
2001-06-01,2001,MLS,True,Columbus Crew SC,LA Galaxy,1,1,,,False,,False,,fbcsv-mls-2001-2001-06-01-Columbus Crew SC-LA Galaxy,Regular
2001-06-01,2001,MLS,True,D.C. United,Chicago Fire,1,2,,,False,,False,,fbcsv-mls-2001-2001-06-01-D.C. United-Chicago Fire,Regular
2001-06-01,2001,MLS,True,FC Dallas,Miami Fusion,2,6,,,False,,False,,fbcsv-mls-2001-2001-06-01-FC Dallas-Miami Fusion,Regular
2001-06-01,2001,MLS,True,Tampa Bay Mutiny,Sporting Kansas City,1,2,,,False,,False,,fbcsv-mls-2001-2001-06-01-Tampa Bay Mutiny-Sporting Kansas City,Regular
2001-06-02,2001,MLS,True,New England Revolution,Red Bull New York,1,1,,,False,,False,,fbcsv-mls-2001-2001-06-02-New England Revolution-Red Bull New York,Regular
2001-06-05,2001,MLS,True,Tampa Bay Mutiny,FC Dallas,0,1,,,False,,False,,fbcsv-mls-2001-2001-06-05-Tampa Bay Mutiny-FC Dallas,Regular
2001-06-08,2001,MLS,True,Chicago Fire,Columbus Crew SC,1,0,,,False,,False,,fbcsv-mls-2001-2001-06-08-Chicago Fire-Columbus Crew SC,Regular
2001-06-08,2001,MLS,True,FC Dallas,D.C. United,3,0,,,False,,False,,fbcsv-mls-2001-2001-06-08-FC Dallas-D.C. United,Regular
2001-06-08,2001,MLS,True,San Jose Earthquakes,LA Galaxy,3,1,,,False,,False,,fbcsv-mls-2001-2001-06-08-San Jose Earthquakes-LA Galaxy,Regular
2001-06-08,2001,MLS,True,Miami Fusion,Sporting Kansas City,5,1,,,False,,False,,fbcsv-mls-2001-2001-06-08-Miami Fusion-Sporting Kansas City,Regular
2001-06-08,2001,MLS,True,New England Revolution,Tampa Bay Mutiny,3,0,,,False,,False,,fbcsv-mls-2001-2001-06-08-New England Revolution-Tampa Bay Mutiny,Regular
2001-06-12,2001,MLS,True,D.C. United,Red Bull New York,2,1,,,False,,False,,fbcsv-mls-2001-2001-06-12-D.C. United-Red Bull New York,Regular
2001-06-12,2001,MLS,True,LA Galaxy,Sporting Kansas City,4,0,,,False,,False,,fbcsv-mls-2001-2001-06-12-LA Galaxy-Sporting Kansas City,Regular
2001-06-15,2001,MLS,True,Colorado Rapids,FC Dallas,3,6,,,False,,False,,fbcsv-mls-2001-2001-06-15-Colorado Rapids-FC Dallas,Regular
2001-06-15,2001,MLS,True,Columbus Crew SC,Tampa Bay Mutiny,6,1,,,False,,False,,fbcsv-mls-2001-2001-06-15-Columbus Crew SC-Tampa Bay Mutiny,Regular
2001-06-15,2001,MLS,True,Miami Fusion,LA Galaxy,3,3,,,False,,False,,fbcsv-mls-2001-2001-06-15-Miami Fusion-LA Galaxy,Regular
2001-06-15,2001,MLS,True,Red Bull New York,San Jose Earthquakes,0,0,,,False,,False,,fbcsv-mls-2001-2001-06-15-Red Bull New York-San Jose Earthquakes,Regular
2001-06-15,2001,MLS,True,Sporting Kansas City,D.C. United,0,3,,,False,,False,,fbcsv-mls-2001-2001-06-15-Sporting Kansas City-D.C. United,Regular
2001-06-19,2001,MLS,True,New England Revolution,Colorado Rapids,3,3,,,False,,False,,fbcsv-mls-2001-2001-06-19-New England Revolution-Colorado Rapids,Regular
2001-06-22,2001,MLS,True,Chicago Fire,New England Revolution,1,1,,,False,,False,,fbcsv-mls-2001-2001-06-22-Chicago Fire-New England Revolution,Regular
2001-06-22,2001,MLS,True,FC Dallas,Columbus Crew SC,1,2,,,False,,False,,fbcsv-mls-2001-2001-06-22-FC Dallas-Columbus Crew SC,Regular
2001-06-22,2001,MLS,True,San Jose Earthquakes,Sporting Kansas City,2,0,,,False,,False,,fbcsv-mls-2001-2001-06-22-San Jose Earthquakes-Sporting Kansas City,Regular
2001-06-22,2001,MLS,True,LA Galaxy,Red Bull New York,2,0,,,False,,False,,fbcsv-mls-2001-2001-06-22-LA Galaxy-Red Bull New York,Regular
2001-06-22,2001,MLS,True,Tampa Bay Mutiny,D.C. United,3,2,,,False,,False,,fbcsv-mls-2001-2001-06-22-Tampa Bay Mutiny-D.C. United,Regular
2001-06-29,2001,MLS,True,Chicago Fire,Red Bull New York,3,1,,,False,,False,,fbcsv-mls-2001-2001-06-29-Chicago Fire-Red Bull New York,Regular
2001-06-29,2001,MLS,True,D.C. United,Colorado Rapids,1,1,,,False,,False,,fbcsv-mls-2001-2001-06-29-D.C. United-Colorado Rapids,Regular
2001-06-29,2001,MLS,True,FC Dallas,LA Galaxy,0,0,,,False,,False,,fbcsv-mls-2001-2001-06-29-FC Dallas-LA Galaxy,Regular
2001-06-29,2001,MLS,True,Miami Fusion,Columbus Crew SC,4,3,,,False,,False,,fbcsv-mls-2001-2001-06-29-Miami Fusion-Columbus Crew SC,Regular
2001-06-29,2001,MLS,True,Sporting Kansas City,Tampa Bay Mutiny,3,0,,,False,,False,,fbcsv-mls-2001-2001-06-29-Sporting Kansas City-Tampa Bay Mutiny,Regular
2001-07-03,2001,MLS,True,Colorado Rapids,D.C. United,3,1,,,False,,False,,fbcsv-mls-2001-2001-07-03-Colorado Rapids-D.C. United,Regular
2001-07-03,2001,MLS,True,FC Dallas,New England Revolution,1,1,,,False,,False,,fbcsv-mls-2001-2001-07-03-FC Dallas-New England Revolution,Regular
2001-07-03,2001,MLS,True,San Jose Earthquakes,Miami Fusion,1,1,,,False,,False,,fbcsv-mls-2001-2001-07-03-San Jose Earthquakes-Miami Fusion,Regular
2001-07-03,2001,MLS,True,LA Galaxy,Columbus Crew SC,0,2,,,False,,False,,fbcsv-mls-2001-2001-07-03-LA Galaxy-Columbus Crew SC,Regular
2001-07-03,2001,MLS,True,Tampa Bay Mutiny,Red Bull New York,1,2,,,False,,False,,fbcsv-mls-2001-2001-07-03-Tampa Bay Mutiny-Red Bull New York,Regular
2001-07-03,2001,MLS,True,Sporting Kansas City,Chicago Fire,0,7,,,False,,False,,fbcsv-mls-2001-2001-07-03-Sporting Kansas City-Chicago Fire,Regular
2001-07-06,2001,MLS,True,Colorado Rapids,San Jose Earthquakes,3,1,,,False,,False,,fbcsv-mls-2001-2001-07-06-Colorado Rapids-San Jose Earthquakes,Regular
2001-07-06,2001,MLS,True,Columbus Crew SC,FC Dallas,2,2,,,False,,False,,fbcsv-mls-2001-2001-07-06-Columbus Crew SC-FC Dallas,Regular
2001-07-06,2001,MLS,True,D.C. United,LA Galaxy,0,3,,,False,,False,,fbcsv-mls-2001-2001-07-06-D.C. United-LA Galaxy,Regular
2001-07-06,2001,MLS,True,Miami Fusion,Red Bull New York,0,3,,,False,,False,,fbcsv-mls-2001-2001-07-06-Miami Fusion-Red Bull New York,Regular
2001-07-06,2001,MLS,True,Tampa Bay Mutiny,Chicago Fire,2,3,,,False,,False,,fbcsv-mls-2001-2001-07-06-Tampa Bay Mutiny-Chicago Fire,Regular
2001-07-06,2001,MLS,True,New England Revolution,Sporting Kansas City,1,2,,,False,,False,,fbcsv-mls-2001-2001-07-06-New England Revolution-Sporting Kansas City,Regular
2001-07-13,2001,MLS,True,Chicago Fire,Colorado Rapids,1,0,,,False,,False,,fbcsv-mls-2001-2001-07-13-Chicago Fire-Colorado Rapids,Regular
2001-07-13,2001,MLS,True,San Jose Earthquakes,Tampa Bay Mutiny,2,1,,,False,,False,,fbcsv-mls-2001-2001-07-13-San Jose Earthquakes-Tampa Bay Mutiny,Regular
2001-07-13,2001,MLS,True,LA Galaxy,Miami Fusion,3,0,,,False,,False,,fbcsv-mls-2001-2001-07-13-LA Galaxy-Miami Fusion,Regular
2001-07-13,2001,MLS,True,New England Revolution,D.C. United,1,3,,,False,,False,,fbcsv-mls-2001-2001-07-13-New England Revolution-D.C. United,Regular
2001-07-13,2001,MLS,True,Sporting Kansas City,FC Dallas,3,2,,,False,,False,,fbcsv-mls-2001-2001-07-13-Sporting Kansas City-FC Dallas,Regular
2001-07-16,2001,MLS,True,New England Revolution,LA Galaxy,3,2,,,False,,False,,fbcsv-mls-2001-2001-07-16-New England Revolution-LA Galaxy,Regular
2001-07-17,2001,MLS,True,Colorado Rapids,Sporting Kansas City,0,0,,,False,,False,,fbcsv-mls-2001-2001-07-17-Colorado Rapids-Sporting Kansas City,Regular
2001-07-17,2001,MLS,True,Columbus Crew SC,Red Bull New York,2,1,,,False,,False,,fbcsv-mls-2001-2001-07-17-Columbus Crew SC-Red Bull New York,Regular
2001-07-17,2001,MLS,True,FC Dallas,Tampa Bay Mutiny,3,0,,,False,,False,,fbcsv-mls-2001-2001-07-17-FC Dallas-Tampa Bay Mutiny,Regular
2001-07-17,2001,MLS,True,San Jose Earthquakes,D.C. United,4,0,,,False,,False,,fbcsv-mls-2001-2001-07-17-San Jose Earthquakes-D.C. United,Regular
2001-07-17,2001,MLS,True,Miami Fusion,Chicago Fire,2,1,,,False,,False,,fbcsv-mls-2001-2001-07-17-Miami Fusion-Chicago Fire,Regular
2001-07-20,2001,MLS,True,Chicago Fire,FC Dallas,2,1,,,False,,False,,fbcsv-mls-2001-2001-07-20-Chicago Fire-FC Dallas,Regular
2001-07-20,2001,MLS,True,Columbus Crew SC,San Jose Earthquakes,2,1,,,False,,False,,fbcsv-mls-2001-2001-07-20-Columbus Crew SC-San Jose Earthquakes,Regular
2001-07-20,2001,MLS,True,Miami Fusion,New England Revolution,1,1,,,False,,False,,fbcsv-mls-2001-2001-07-20-Miami Fusion-New England Revolution,Regular
2001-07-20,2001,MLS,True,Tampa Bay Mutiny,Colorado Rapids,1,2,,,False,,False,,fbcsv-mls-2001-2001-07-20-Tampa Bay Mutiny-Colorado Rapids,Regular
2001-07-20,2001,MLS,True,Red Bull New York,D.C. United,2,1,,,False,,False,,fbcsv-mls-2001-2001-07-20-Red Bull New York-D.C. United,Regular
2001-07-28,2001,MLS,True,Sporting Kansas City,New England Revolution,2,0,,,False,,False,,fbcsv-mls-2001-2001-07-28-Sporting Kansas City-New England Revolution,Regular
2001-07-31,2001,MLS,True,Columbus Crew SC,Chicago Fire,3,0,,,False,,False,,fbcsv-mls-2001-2001-07-31-Columbus Crew SC-Chicago Fire,Regular
2001-07-31,2001,MLS,True,D.C. United,Miami Fusion,2,2,,,False,,False,,fbcsv-mls-2001-2001-07-31-D.C. United-Miami Fusion,Regular
2001-08-03,2001,MLS,True,Colorado Rapids,Chicago Fire,1,1,,,False,,False,,fbcsv-mls-2001-2001-08-03-Colorado Rapids-Chicago Fire,Regular
2001-08-03,2001,MLS,True,Tampa Bay Mutiny,San Jose Earthquakes,2,0,,,False,,False,,fbcsv-mls-2001-2001-08-03-Tampa Bay Mutiny-San Jose Earthquakes,Regular
2001-08-03,2001,MLS,True,New England Revolution,FC Dallas,5,1,,,False,,False,,fbcsv-mls-2001-2001-08-03-New England Revolution-FC Dallas,Regular
2001-08-03,2001,MLS,True,Red Bull New York,Miami Fusion,2,1,,,False,,False,,fbcsv-mls-2001-2001-08-03-Red Bull New York-Miami Fusion,Regular
2001-08-03,2001,MLS,True,Sporting Kansas City,Columbus Crew SC,1,3,,,False,,False,,fbcsv-mls-2001-2001-08-03-Sporting Kansas City-Columbus Crew SC,Regular
2001-08-07,2001,MLS,True,New England Revolution,San Jose Earthquakes,1,5,,,False,,False,,fbcsv-mls-2001-2001-08-07-New England Revolution-San Jose Earthquakes,Regular
2001-08-10,2001,MLS,True,Chicago Fire,Tampa Bay Mutiny,3,1,,,False,,False,,fbcsv-mls-2001-2001-08-10-Chicago Fire-Tampa Bay Mutiny,Regular
2001-08-10,2001,MLS,True,FC Dallas,Red Bull New York,3,0,,,False,,False,,fbcsv-mls-2001-2001-08-10-FC Dallas-Red Bull New York,Regular
2001-08-10,2001,MLS,True,San Jose Earthquakes,Columbus Crew SC,2,2,,,False,,False,,fbcsv-mls-2001-2001-08-10-San Jose Earthquakes-Columbus Crew SC,Regular
2001-08-10,2001,MLS,True,LA Galaxy,D.C. United,1,0,,,False,,False,,fbcsv-mls-2001-2001-08-10-LA Galaxy-D.C. United,Regular
2001-08-10,2001,MLS,True,New England Revolution,Miami Fusion,1,4,,,False,,False,,fbcsv-mls-2001-2001-08-10-New England Revolution-Miami Fusion,Regular
2001-08-11,2001,MLS,True,Colorado Rapids,Sporting Kansas City,2,2,,,False,,False,,fbcsv-mls-2001-2001-08-11-Colorado Rapids-Sporting Kansas City,Regular
2001-08-14,2001,MLS,True,Chicago Fire,Miami Fusion,1,2,,,False,,False,,fbcsv-mls-2001-2001-08-14-Chicago Fire-Miami Fusion,Regular
2001-08-14,2001,MLS,True,Columbus Crew SC,FC Dallas,3,0,,,False,,False,,fbcsv-mls-2001-2001-08-14-Columbus Crew SC-FC Dallas,Regular
2001-08-14,2001,MLS,True,D.C. United,Red Bull New York,1,2,,,False,,False,,fbcsv-mls-2001-2001-08-14-D.C. United-Red Bull New York,Regular
2001-08-14,2001,MLS,True,Sporting Kansas City,LA Galaxy,1,2,,,False,,False,,fbcsv-mls-2001-2001-08-14-Sporting Kansas City-LA Galaxy,Regular
2001-08-17,2001,MLS,True,San Jose Earthquakes,Chicago Fire,0,1,,,False,,False,,fbcsv-mls-2001-2001-08-17-San Jose Earthquakes-Chicago Fire,Regular
2001-08-17,2001,MLS,True,LA Galaxy,Tampa Bay Mutiny,5,1,,,False,,False,,fbcsv-mls-2001-2001-08-17-LA Galaxy-Tampa Bay Mutiny,Regular
2001-08-17,2001,MLS,True,Miami Fusion,FC Dallas,4,2,,,False,,False,,fbcsv-mls-2001-2001-08-17-Miami Fusion-FC Dallas,Regular
2001-08-17,2001,MLS,True,New England Revolution,D.C. United,2,1,,,False,,False,,fbcsv-mls-2001-2001-08-17-New England Revolution-D.C. United,Regular
2001-08-18,2001,MLS,True,Red Bull New York,Columbus Crew SC,0,1,,,False,,False,,fbcsv-mls-2001-2001-08-18-Red Bull New York-Columbus Crew SC,Regular
2001-08-18,2001,MLS,True,Sporting Kansas City,Colorado Rapids,3,2,,,False,,False,,fbcsv-mls-2001-2001-08-18-Sporting Kansas City-Colorado Rapids,Regular
2001-08-24,2001,MLS,True,D.C. United,Columbus Crew SC,2,1,,,False,,False,,fbcsv-mls-2001-2001-08-24-D.C. United-Columbus Crew SC,Regular
2001-08-24,2001,MLS,True,FC Dallas,Sporting Kansas City,3,0,,,False,,False,,fbcsv-mls-2001-2001-08-24-FC Dallas-Sporting Kansas City,Regular
2001-08-24,2001,MLS,True,San Jose Earthquakes,Colorado Rapids,5,2,,,False,,False,,fbcsv-mls-2001-2001-08-24-San Jose Earthquakes-Colorado Rapids,Regular
2001-08-24,2001,MLS,True,LA Galaxy,Chicago Fire,1,3,,,False,,False,,fbcsv-mls-2001-2001-08-24-LA Galaxy-Chicago Fire,Regular
2001-08-24,2001,MLS,True,Miami Fusion,Red Bull New York,2,3,,,False,,False,,fbcsv-mls-2001-2001-08-24-Miami Fusion-Red Bull New York,Regular
2001-08-25,2001,MLS,True,Tampa Bay Mutiny,New England Revolution,0,0,,,False,,False,,fbcsv-mls-2001-2001-08-25-Tampa Bay Mutiny-New England Revolution,Regular
2001-08-28,2001,MLS,True,Chicago Fire,Columbus Crew SC,2,1,,,False,,False,,fbcsv-mls-2001-2001-08-28-Chicago Fire-Columbus Crew SC,Regular
2001-08-28,2001,MLS,True,Tampa Bay Mutiny,FC Dallas,2,3,,,False,,False,,fbcsv-mls-2001-2001-08-28-Tampa Bay Mutiny-FC Dallas,Regular
2001-08-31,2001,MLS,True,Columbus Crew SC,New England Revolution,4,1,,,False,,False,,fbcsv-mls-2001-2001-08-31-Columbus Crew SC-New England Revolution,Regular
2001-08-31,2001,MLS,True,D.C. United,Tampa Bay Mutiny,5,1,,,False,,False,,fbcsv-mls-2001-2001-08-31-D.C. United-Tampa Bay Mutiny,Regular
2001-08-31,2001,MLS,True,San Jose Earthquakes,Sporting Kansas City,3,0,,,False,,False,,fbcsv-mls-2001-2001-08-31-San Jose Earthquakes-Sporting Kansas City,Regular
2001-08-31,2001,MLS,True,LA Galaxy,Colorado Rapids,3,2,,,False,,False,,fbcsv-mls-2001-2001-08-31-LA Galaxy-Colorado Rapids,Regular
2001-08-31,2001,MLS,True,Red Bull New York,Chicago Fire,0,1,,,False,,False,,fbcsv-mls-2001-2001-08-31-Red Bull New York-Chicago Fire,Regular
2001-09-06,2001,MLS,True,Red Bull New York,New England Revolution,3,1,,,False,,False,,fbcsv-mls-2001-2001-09-06-Red Bull New York-New England Revolution,Regular
2001-09-07,2001,MLS,True,Chicago Fire,FC Dallas,2,2,,,False,,False,,fbcsv-mls-2001-2001-09-07-Chicago Fire-FC Dallas,Regular
2001-09-07,2001,MLS,True,Colorado Rapids,LA Galaxy,0,2,,,False,,False,,fbcsv-mls-2001-2001-09-07-Colorado Rapids-LA Galaxy,Regular
2001-09-07,2001,MLS,True,Miami Fusion,D.C. United,3,1,,,False,,False,,fbcsv-mls-2001-2001-09-07-Miami Fusion-D.C. United,Regular
2001-09-07,2001,MLS,True,Sporting Kansas City,San Jose Earthquakes,1,0,,,False,,False,,fbcsv-mls-2001-2001-09-07-Sporting Kansas City-San Jose Earthquakes,Regular
2001-09-08,2001,MLS,True,Tampa Bay Mutiny,Columbus Crew SC,1,2,,,False,,False,,fbcsv-mls-2001-2001-09-08-Tampa Bay Mutiny-Columbus Crew SC,Regular
2001-09-20,2001,MLS,True,Chicago Fire,FC Dallas,2,0,,,False,,False,,fbcsv-mls-2001-2001-09-20-Chicago Fire-FC Dallas,Playoff
2001-09-22,2001,MLS,True,Columbus Crew SC,San Jose Earthquakes,1,3,,,False,,False,,fbcsv-mls-2001-2001-09-22-Columbus Crew SC-San Jose Earthquakes,Playoff
2001-09-22,2001,MLS,True,Miami Fusion,Sporting Kansas City,2,0,,,False,,False,,fbcsv-mls-2001-2001-09-22-Miami Fusion-Sporting Kansas City,Playoff
2001-09-23,2001,MLS,True,FC Dallas,Chicago Fire,1,1,,,False,,False,,fbcsv-mls-2001-2001-09-23-FC Dallas-Chicago Fire,Playoff
2001-09-23,2001,MLS,True,LA Galaxy,Red Bull New York,1,1,,,False,,False,,fbcsv-mls-2001-2001-09-23-LA Galaxy-Red Bull New York,Playoff
2001-09-26,2001,MLS,True,San Jose Earthquakes,Columbus Crew SC,3,0,,,False,,False,,fbcsv-mls-2001-2001-09-26-San Jose Earthquakes-Columbus Crew SC,Playoff
2001-09-26,2001,MLS,True,Red Bull New York,LA Galaxy,4,1,,,False,,False,,fbcsv-mls-2001-2001-09-26-Red Bull New York-LA Galaxy,Playoff
2001-09-26,2001,MLS,True,Sporting Kansas City,Miami Fusion,3,0,,,False,,False,,fbcsv-mls-2001-2001-09-26-Sporting Kansas City-Miami Fusion,Playoff
2001-09-29,2001,MLS,True,Chicago Fire,FC Dallas,2,0,,,False,,False,,fbcsv-mls-2001-2001-09-29-Chicago Fire-FC Dallas,Playoff
2001-09-29,2001,MLS,True,LA Galaxy,Red Bull New York,3,2,,,False,,False,,fbcsv-mls-2001-2001-09-29-LA Galaxy-Red Bull New York,Playoff
2001-09-29,2001,MLS,True,Miami Fusion,Sporting Kansas City,2,1,,,False,,False,,fbcsv-mls-2001-2001-09-29-Miami Fusion-Sporting Kansas City,Playoff
2001-10-10,2001,MLS,True,Chicago Fire,LA Galaxy,1,1,,,False,,False,,fbcsv-mls-2001-2001-10-10-Chicago Fire-LA Galaxy,Playoff
2001-10-10,2001,MLS,True,Miami Fusion,San Jose Earthquakes,1,0,,,False,,False,,fbcsv-mls-2001-2001-10-10-Miami Fusion-San Jose Earthquakes,Playoff
2001-10-14,2001,MLS,True,San Jose Earthquakes,Miami Fusion,4,0,,,False,,False,,fbcsv-mls-2001-2001-10-14-San Jose Earthquakes-Miami Fusion,Playoff
